session_id,strategy,hand_idx,stake,before,after,profit,outcome,player_total,dealer_total,player_bj,dealer_bj,dealer_up,player_len,dealer_len,player_cards,dealer_cards
72da39e5,flat,1,25,1000,975,-25,L,17,18,0,0,3,2,4,"J,7","3,5,4,6"
72da39e5,flat,2,25,975,1000,25,W,20,18,0,0,2,2,4,"K,Q","2,6,4,6"
72da39e5,flat,3,25,1000,975,-25,L,19,20,0,0,5,3,3,"3,5,A","5,K,5"
72da39e5,flat,4,25,975,950,-25,L,17,19,0,0,8,3,2,"K,3,4","8,A"
72da39e5,flat,5,25,950,1000,50,W,21,17,0,0,7,3,2,"2,9,Q","7,J"
72da39e5,flat,6,25,1000,1050,50,W,17,26,0,0,6,3,3,"8,3,6","6,10,K"
72da39e5,flat,7,25,1050,1025,-25,L,19,20,0,0,J,2,2,"A,8","J,J"
72da39e5,flat,8,25,1025,1050,25,W,19,26,0,0,7,3,3,"7,8,4","7,9,J"
72da39e5,flat,9,25,1050,1025,-25,L,19,20,0,0,Q,2,2,"9,K","Q,K"
72da39e5,flat,10,25,1025,1050,25,W,18,17,0,0,10,3,2,"5,K,3","10,7"
72da39e5,flat,11,25,1050,1025,-25,L,13,21,0,1,J,2,2,"6,7","J,A"
72da39e5,flat,12,25,1025,1050,25,W,13,25,0,0,2,2,4,"3,Q","2,3,Q,Q"
72da39e5,flat,13,25,1050,1000,-50,L,18,21,0,0,J,3,3,"5,6,7","J,2,9"
72da39e5,flat,14,25,1000,975,-25,L,17,21,0,0,7,2,3,"6,A","7,4,K"
72da39e5,flat,15,25,975,950,-25,L,23,20,0,0,Q,3,2,"9,4,Q","Q,10"
72da39e5,flat,16,25,950,1000,50,W,14,25,0,0,5,3,3,"6,3,5","5,K,K"
72da39e5,flat,17,25,1000,975,-25,L,22,9,0,0,3,3,2,"9,3,Q","3,6"
72da39e5,flat,18,25,975,1000,25,W,20,24,0,0,Q,4,3,"3,2,4,A","Q,5,9"
7f3e4a12,flat,1,25,1000,1025,25,W,16,26,0,0,6,2,3,"7,9","6,Q,10"
7f3e4a12,flat,2,25,1025,1050,25,W,21,19,0,0,A,4,2,"K,4,2,5","A,8"
7f3e4a12,flat,3,25,1050,1025,-25,L,22,20,0,0,10,3,2,"7,5,K","10,10"
7f3e4a12,flat,4,25,1025,1000,-25,L,24,19,0,0,J,4,2,"2,4,J,8","J,9"
7f3e4a12,flat,5,25,1000,975,-25,L,17,19,0,0,K,3,2,"2,K,5","K,9"
7f3e4a12,flat,6,25,975,950,-25,L,20,21,0,1,Q,2,2,"10,Q","Q,A"
7f3e4a12,flat,7,25,950,925,-25,L,17,19,0,0,9,2,2,"8,9","9,10"
7f3e4a12,flat,8,25,925,950,25,W,20,26,0,0,Q,2,3,"10,K","Q,6,J"
7f3e4a12,flat,9,25,950,925,-25,L,18,21,0,0,J,3,3,"2,5,A","J,3,8"
7f3e4a12,flat,10,25,925,950,25,W,16,23,0,0,5,2,4,"6,10","5,3,5,Q"
7f3e4a12,flat,11,25,950,925,-25,L,20,21,0,0,3,2,4,"10,10","3,6,6,6"
7f3e4a12,flat,12,25,925,950,25,W,20,17,0,0,A,2,2,"Q,J","A,6"
7f3e4a12,flat,13,25,950,925,-25,L,15,20,0,0,3,2,3,"8,7","3,10,7"
7f3e4a12,flat,14,25,925,900,-25,L,18,19,0,0,Q,2,2,"Q,8","Q,9"
7f3e4a12,flat,15,25,900,925,25,W,16,22,0,0,3,3,4,"6,2,8","3,4,8,7"
7f3e4a12,flat,16,25,925,875,-50,L,16,21,0,0,J,3,3,"4,7,5","J,6,5"
7f3e4a12,flat,17,25,875,875,0,P,21,21,0,0,9,3,3,"A,A,9","9,4,8"
7f3e4a12,flat,18,25,875,850,-25,L,17,18,0,0,7,3,2,"3,4,K","7,A"
d18b6adf,flat,1,25,1000,1000,0,P,19,19,0,0,2,3,4,"6,3,J","2,3,J,4"
d18b6adf,flat,2,25,1000,1037,37,W,21,15,1,0,K,2,2,"K,A","K,5"
d18b6adf,flat,3,25,1037,1062,25,W,20,25,0,0,9,2,5,"A,9","9,3,2,A,J"
d18b6adf,flat,4,25,1062,1037,-25,L,18,21,0,0,A,2,3,"8,J","A,4,6"
d18b6adf,flat,5,25,1037,1012,-25,L,26,19,0,0,Q,5,2,"3,2,10,A,10","Q,9"
d18b6adf,flat,6,25,1012,1037,25,W,16,22,0,0,3,2,4,"K,6","3,2,7,Q"
d18b6adf,flat,7,25,1037,1012,-25,L,20,21,0,1,A,2,2,"10,K","A,J"
d18b6adf,flat,8,25,1012,987,-25,L,24,15,0,0,K,3,2,"9,7,8","K,5"
d18b6adf,flat,9,25,987,1037,50,W,21,22,0,0,7,3,3,"6,5,10","7,5,10"
d18b6adf,flat,10,25,1037,1012,-25,L,23,16,0,0,8,3,2,"5,J,8","8,8"
d18b6adf,flat,11,25,1012,1049,37,W,21,9,1,0,7,2,2,"A,Q","7,2"
d18b6adf,flat,12,25,1049,1099,50,W,20,23,0,0,3,3,4,"4,6,Q","3,10,2,8"
d18b6adf,flat,13,25,1099,1074,-25,L,16,19,0,0,6,2,3,"6,J","6,2,A"
d18b6adf,flat,14,25,1074,1099,25,W,17,24,0,0,4,2,3,"10,7","4,J,J"
d18b6adf,flat,15,25,1099,1099,0,P,20,20,0,0,9,2,2,"A,9","9,A"
d18b6adf,flat,16,25,1099,1074,-25,L,17,20,0,0,Q,2,2,"7,Q","Q,10"
d18b6adf,flat,17,25,1074,1049,-25,L,18,20,0,0,J,3,2,"Q,5,3","J,10"
d18b6adf,flat,18,25,1049,1099,50,W,17,24,0,0,K,3,3,"9,2,6","K,5,9"
23c0348c,flat,1,25,1000,1025,25,W,18,23,0,0,10,2,3,"Q,8","10,3,Q"
23c0348c,flat,2,25,1025,1000,-25,L,24,17,0,0,A,3,2,"4,J,J","A,6"
23c0348c,flat,3,25,1000,1025,25,W,14,24,0,0,3,2,5,"Q,4","3,3,2,6,10"
23c0348c,flat,4,25,1025,975,-50,L,15,17,0,0,6,3,2,"8,3,4","6,A"
23c0348c,flat,5,25,975,950,-25,L,22,12,0,0,J,3,2,"7,9,6","J,2"
23c0348c,flat,6,25,950,975,25,W,19,17,0,0,J,3,4,"8,8,3","J,4,A,2"
23c0348c,flat,7,25,975,975,0,P,18,18,0,0,K,3,3,"5,3,Q","K,4,4"
23c0348c,flat,8,25,975,1000,25,W,20,17,0,0,8,2,2,"K,10","8,9"
23c0348c,flat,9,25,1000,1000,0,P,19,19,0,0,2,3,3,"8,4,7","2,7,K"
23c0348c,flat,10,25,1000,1025,25,W,16,24,0,0,4,3,3,"3,3,Q","4,K,J"
23c0348c,flat,11,25,1025,1000,-25,L,22,18,0,0,8,3,2,"5,J,7","8,K"
23c0348c,flat,12,25,1000,950,-50,L,12,20,0,0,J,3,2,"5,6,A","J,K"
23c0348c,flat,13,25,950,925,-25,L,13,18,0,0,2,2,3,"3,J","2,7,9"
23c0348c,flat,14,25,925,900,-25,L,24,15,0,0,10,5,2,"3,9,A,2,9","10,5"
23c0348c,flat,15,25,900,875,-25,L,22,18,0,0,8,3,2,"K,2,10","8,Q"
23c0348c,flat,16,25,875,850,-25,L,16,19,0,0,6,2,3,"A,5","6,5,8"
23c0348c,flat,17,25,850,825,-25,L,17,19,0,0,2,2,3,"Q,7","2,7,Q"
23c0348c,flat,18,25,825,800,-25,L,14,20,0,0,2,2,3,"K,4","2,7,A"
5e877cac,flat,1,25,1000,975,-25,L,17,21,0,1,J,2,2,"7,Q","J,A"
5e877cac,flat,2,25,975,1025,50,W,21,20,0,0,Q,3,3,"3,8,J","Q,5,5"
5e877cac,flat,3,25,1025,1000,-25,L,13,19,0,0,6,2,3,"10,3","6,5,8"
5e877cac,flat,4,25,1000,975,-25,L,17,20,0,0,K,2,3,"7,K","K,6,4"
5e877cac,flat,5,25,975,1000,25,W,20,24,0,0,5,2,3,"K,J","5,K,9"
5e877cac,flat,6,25,1000,1025,25,W,19,18,0,0,8,2,2,"9,J","8,10"
5e877cac,flat,7,25,1025,1000,-25,L,18,21,0,0,8,4,4,"3,5,4,6","8,6,A,6"
5e877cac,flat,8,25,1000,1025,25,W,20,18,0,0,J,3,2,"2,8,J","J,8"
5e877cac,flat,9,25,1025,1062,37,W,21,12,1,0,5,2,2,"A,Q","5,7"
5e877cac,flat,10,25,1062,1037,-25,L,10,21,0,1,Q,2,2,"8,2","Q,A"
5e877cac,flat,11,25,1037,1012,-25,L,13,20,0,0,3,2,3,"3,10","3,7,Q"
5e877cac,flat,12,25,1012,1037,25,W,20,23,0,0,3,2,3,"J,K","3,10,Q"
5e877cac,flat,13,25,1037,1012,-25,L,26,19,0,0,9,4,2,"5,A,Q,K","9,J"
5e877cac,flat,14,25,1012,1037,25,W,18,24,0,0,3,2,6,"8,10","3,Q,A,A,A,8"
5e877cac,flat,15,25,1037,1062,25,W,20,24,0,0,10,2,3,"10,K","10,4,Q"
5e877cac,flat,16,25,1062,1087,25,W,18,17,0,0,2,2,3,"8,Q","2,6,9"
5e877cac,flat,17,25,1087,1124,37,W,21,15,1,0,5,2,2,"A,Q","5,K"
5e877cac,flat,18,25,1124,1099,-25,L,22,13,0,0,Q,3,2,"9,4,9","Q,3"
2af7261a,flat,1,25,1000,1025,25,W,20,18,0,0,8,3,2,"5,7,8","8,10"
2af7261a,flat,2,25,1025,1050,25,W,20,26,0,0,10,3,3,"8,2,Q","10,6,K"
2af7261a,flat,3,25,1050,1025,-25,L,18,20,0,0,7,4,3,"5,2,2,9","7,3,J"
2af7261a,flat,4,25,1025,1000,-25,L,12,18,0,0,6,2,4,"3,9","6,3,4,5"
2af7261a,flat,5,25,1000,950,-50,L,16,21,0,0,6,3,4,"2,8,6","6,3,6,6"
2af7261a,flat,6,25,950,950,0,P,21,21,1,1,10,2,2,"K,A","10,A"
2af7261a,flat,7,25,950,950,0,P,21,21,0,0,6,3,3,"5,5,A","6,6,9"
2af7261a,flat,8,25,950,975,25,W,19,17,0,0,Q,2,3,"8,A","Q,2,5"
2af7261a,flat,9,25,975,950,-25,L,13,21,0,0,5,2,4,"10,3","5,3,3,10"
2af7261a,flat,10,25,950,975,25,W,17,26,0,0,Q,2,3,"9,8","Q,6,Q"
2af7261a,flat,11,25,975,950,-25,L,20,21,0,0,7,2,4,"Q,Q","7,8,A,5"
2af7261a,flat,12,25,950,975,25,W,20,17,0,0,8,2,2,"9,A","8,9"
2af7261a,flat,13,25,975,950,-25,L,12,21,0,1,Q,2,2,"9,3","Q,A"
2af7261a,flat,14,25,950,925,-25,L,17,21,0,0,3,2,4,"K,7","3,2,5,A"
2af7261a,flat,15,25,925,900,-25,L,26,20,0,0,J,4,2,"4,2,Q,J","J,J"
2af7261a,flat,16,25,900,875,-25,L,17,21,0,1,Q,2,2,"J,7","Q,A"
2af7261a,flat,17,25,875,925,50,W,12,22,0,0,6,3,3,"8,2,2","6,6,10"
2af7261a,flat,18,25,925,950,25,W,19,18,0,0,8,3,2,"6,3,Q","8,Q"
0bcb6b4e,flat,1,25,1000,975,-25,L,18,21,0,0,7,3,3,"5,8,5","7,3,A"
0bcb6b4e,flat,2,25,975,950,-25,L,15,21,0,1,A,2,2,"5,10","A,K"
0bcb6b4e,flat,3,25,950,925,-25,L,17,20,0,0,8,3,4,"K,4,3","8,2,2,8"
0bcb6b4e,flat,4,25,925,950,25,W,20,17,0,0,2,2,3,"10,J","2,Q,5"
0bcb6b4e,flat,5,25,950,987,37,W,21,14,1,0,J,2,2,"10,A","J,4"
0bcb6b4e,flat,6,25,987,962,-25,L,25,19,0,0,K,4,2,"5,9,A,K","K,9"
0bcb6b4e,flat,7,25,962,987,25,W,17,22,0,0,6,2,3,"A,6","6,6,10"
0bcb6b4e,flat,8,25,987,962,-25,L,24,12,0,0,9,3,2,"Q,6,8","9,3"
0bcb6b4e,flat,9,25,962,937,-25,L,17,20,0,0,Q,4,2,"A,A,J,5","Q,J"
0bcb6b4e,flat,10,25,937,912,-25,L,17,20,0,0,9,2,2,"Q,7","9,A"
0bcb6b4e,flat,11,25,912,887,-25,L,24,13,0,0,K,4,2,"3,4,7,J","K,3"
0bcb6b4e,flat,12,25,887,862,-25,L,24,16,0,0,Q,3,2,"10,5,9","Q,6"
0bcb6b4e,flat,13,25,862,887,25,W,17,25,0,0,K,2,4,"7,Q","K,3,2,Q"
0bcb6b4e,flat,14,25,887,912,25,W,18,26,0,0,Q,3,5,"2,6,Q","Q,3,2,A,10"
0bcb6b4e,flat,15,25,912,937,25,W,18,24,0,0,8,4,3,"3,A,A,3","8,6,K"
0bcb6b4e,flat,16,25,937,962,25,W,20,17,0,0,5,2,3,"Q,10","5,J,2"
0bcb6b4e,flat,17,25,962,1012,50,W,14,23,0,0,5,3,4,"8,3,3","5,5,3,Q"
0bcb6b4e,flat,18,25,1012,1037,25,W,19,18,0,0,Q,2,3,"9,Q","Q,4,4"
20e7295b,flat,1,25,1000,1025,25,W,18,17,0,0,10,5,2,"2,3,4,7,2","10,7"
20e7295b,flat,2,25,1025,1050,25,W,18,23,0,0,8,2,3,"J,8","8,7,8"
20e7295b,flat,3,25,1050,1025,-25,L,25,13,0,0,7,4,2,"A,4,Q,10","7,6"
20e7295b,flat,4,25,1025,1000,-25,L,12,21,0,1,10,2,2,"5,7","10,A"
20e7295b,flat,5,25,1000,975,-25,L,14,17,0,0,6,2,2,"4,J","6,A"
20e7295b,flat,6,25,975,975,0,P,20,20,0,0,4,2,3,"10,10","4,8,8"
20e7295b,flat,7,25,975,1000,25,W,20,17,0,0,A,3,2,"2,10,8","A,6"
20e7295b,flat,8,25,1000,975,-25,L,16,20,0,0,5,2,4,"6,Q","5,3,4,8"
20e7295b,flat,9,25,975,950,-25,L,20,21,0,0,6,2,3,"Q,K","6,5,J"
20e7295b,flat,10,25,950,1000,50,W,12,24,0,0,K,3,3,"8,3,A","K,4,Q"
20e7295b,flat,11,25,1000,975,-25,L,18,21,0,1,A,2,2,"8,10","A,10"
20e7295b,flat,12,25,975,975,0,P,21,21,0,0,7,4,4,"5,3,4,9","7,5,3,6"
20e7295b,flat,13,25,975,950,-25,L,16,21,0,0,6,4,3,"3,3,2,8","6,9,6"
20e7295b,flat,14,25,950,975,25,W,20,22,0,0,Q,2,3,"J,10","Q,5,7"
20e7295b,flat,15,25,975,950,-25,L,17,18,0,0,8,4,2,"2,7,3,5","8,10"
20e7295b,flat,16,25,950,975,25,W,17,24,0,0,4,2,3,"6,A","4,J,J"
20e7295b,flat,17,25,975,950,-25,L,24,13,0,0,K,3,2,"4,Q,10","K,3"
20e7295b,flat,18,25,950,925,-25,L,17,19,0,0,9,3,2,"2,5,K","9,Q"
98dc7ea4,flat,1,25,1000,975,-25,L,26,20,0,0,K,3,2,"9,7,10","K,10"
98dc7ea4,flat,2,25,975,1000,25,W,12,23,0,0,5,3,3,"5,3,4","5,Q,8"
98dc7ea4,flat,3,25,1000,1000,0,P,18,18,0,0,K,2,2,"7,A","K,8"
98dc7ea4,flat,4,25,1000,975,-25,L,24,13,0,0,J,3,2,"4,K,10","J,3"
98dc7ea4,flat,5,25,975,1000,25,W,20,19,0,0,K,2,3,"K,10","K,4,5"
98dc7ea4,flat,6,25,1000,950,-50,L,12,21,0,0,5,3,6,"5,6,A","5,2,5,2,A,6"
98dc7ea4,flat,7,25,950,900,-50,L,13,18,0,0,10,3,2,"5,6,2","10,8"
98dc7ea4,flat,8,25,900,925,25,W,15,23,0,0,4,2,5,"4,A","4,2,4,3,K"
98dc7ea4,flat,9,25,925,962,37,W,21,13,1,0,K,2,2,"A,K","K,3"
98dc7ea4,flat,10,25,962,937,-25,L,17,18,0,0,10,4,2,"2,8,3,4","10,8"
98dc7ea4,flat,11,25,937,912,-25,L,18,20,0,0,K,3,2,"K,4,4","K,Q"
98dc7ea4,flat,12,25,912,937,25,W,14,23,0,0,3,2,3,"A,3","3,10,Q"
98dc7ea4,flat,13,25,937,987,50,W,21,19,0,0,9,3,2,"8,3,10","9,Q"
98dc7ea4,flat,14,25,987,1012,25,W,16,25,0,0,5,2,3,"A,5","5,10,10"
98dc7ea4,flat,15,25,1012,987,-25,L,14,18,0,0,4,2,4,"9,5","4,3,4,7"
98dc7ea4,flat,16,25,987,1037,50,W,20,18,0,0,4,3,4,"6,5,9","4,4,5,5"
98dc7ea4,flat,17,25,1037,1074,37,W,21,16,1,0,Q,2,2,"Q,A","Q,6"
98dc7ea4,flat,18,25,1074,1099,25,W,18,17,0,0,A,2,2,"7,A","A,6"
e6bd7408,flat,1,25,1000,975,-25,L,23,18,0,0,7,3,2,"7,9,7","7,A"
e6bd7408,flat,2,25,975,1000,25,W,18,22,0,0,5,2,4,"8,K","5,A,7,9"
e6bd7408,flat,3,25,1000,975,-25,L,25,14,0,0,Q,3,2,"6,9,Q","Q,4"
e6bd7408,flat,4,25,975,950,-25,L,5,21,0,1,J,2,2,"2,3","J,A"
e6bd7408,flat,5,25,950,925,-25,L,15,20,0,0,5,2,3,"9,6","5,5,J"
e6bd7408,flat,6,25,925,962,37,W,21,17,1,0,J,2,2,"A,10","J,7"
e6bd7408,flat,7,25,962,1012,50,W,21,17,0,0,7,3,2,"5,6,10","7,K"
e6bd7408,flat,8,25,1012,1062,50,W,13,23,0,0,10,3,3,"9,2,2","10,3,J"
e6bd7408,flat,9,25,1062,1087,25,W,19,24,0,0,Q,3,3,"5,3,A","Q,4,10"
e6bd7408,flat,10,25,1087,1062,-25,L,18,20,0,0,3,2,3,"J,8","3,Q,7"
e6bd7408,flat,11,25,1062,1062,0,P,20,20,0,0,K,4,3,"6,3,4,7","K,4,6"
e6bd7408,flat,12,25,1062,1087,25,W,18,17,0,0,9,3,2,"4,4,10","9,8"
e6bd7408,flat,13,25,1087,1112,25,W,21,17,0,0,8,3,2,"A,2,8","8,9"
e6bd7408,flat,14,25,1112,1087,-25,L,18,19,0,0,9,3,2,"J,5,3","9,10"
e6bd7408,flat,15,25,1087,1087,0,P,20,20,0,0,J,3,3,"9,2,9","J,3,7"
e6bd7408,flat,16,25,1087,1062,-25,L,15,21,0,1,A,2,2,"5,K","A,K"
e6bd7408,flat,17,25,1062,1012,-50,L,13,21,0,0,2,3,3,"4,6,3","2,J,9"
e6bd7408,flat,18,25,1012,1062,50,W,21,26,0,0,6,3,3,"6,5,J","6,K,Q"
e27fbd4b,flat,1,25,1000,975,-25,L,22,18,0,0,10,3,2,"2,J,10","10,8"
e27fbd4b,flat,2,25,975,950,-25,L,15,20,0,0,2,2,4,"6,9","2,6,2,Q"
e27fbd4b,flat,3,25,950,975,25,W,18,23,0,0,7,3,3,"2,K,6","7,6,Q"
e27fbd4b,flat,4,25,975,950,-25,L,16,19,0,0,6,2,3,"6,10","6,3,Q"
e27fbd4b,flat,5,25,950,925,-25,L,25,20,0,0,10,3,2,"5,J,Q","10,J"
e27fbd4b,flat,6,25,925,900,-25,L,24,13,0,0,K,3,2,"4,J,J","K,3"
e27fbd4b,flat,7,25,900,925,25,W,21,20,0,0,K,3,2,"9,5,7","K,K"
e27fbd4b,flat,8,25,925,900,-25,L,24,13,0,0,K,3,2,"4,J,J","K,3"
e27fbd4b,flat,9,25,900,875,-25,L,18,19,0,0,K,3,3,"Q,4,4","K,4,5"
e27fbd4b,flat,10,25,875,875,0,P,19,19,0,0,A,3,3,"2,9,8","A,2,6"
e27fbd4b,flat,11,25,875,900,25,W,17,23,0,0,9,2,3,"Q,7","9,4,10"
e27fbd4b,flat,12,25,900,950,50,W,21,24,0,0,3,3,4,"2,8,A","3,A,J,Q"
e27fbd4b,flat,13,25,950,925,-25,L,18,19,0,0,3,2,3,"8,Q","3,6,10"
e27fbd4b,flat,14,25,925,950,25,W,20,18,0,0,8,3,2,"2,J,8","8,Q"
e27fbd4b,flat,15,25,950,925,-25,L,19,21,0,0,7,4,3,"3,2,Q,4","7,3,A"
e27fbd4b,flat,16,25,925,900,-25,L,13,21,0,1,J,2,2,"4,9","J,A"
e27fbd4b,flat,17,25,900,950,50,W,20,26,0,0,6,3,3,"4,6,J","6,Q,K"
e27fbd4b,flat,18,25,950,975,25,W,21,19,0,0,9,3,3,"Q,6,5","9,5,5"
852ab28b,flat,1,25,1000,1037,37,W,21,11,1,0,3,2,2,"A,J","3,8"
852ab28b,flat,2,25,1037,1012,-25,L,13,18,0,0,3,2,3,"8,5","3,9,6"
852ab28b,flat,3,25,1012,987,-25,L,23,17,0,0,10,3,2,"5,9,9","10,7"
852ab28b,flat,4,25,987,1012,25,W,21,18,0,0,Q,3,2,"K,5,6","Q,8"
852ab28b,flat,5,25,1012,987,-25,L,11,21,0,1,A,2,2,"5,6","A,10"
852ab28b,flat,6,25,987,1012,25,W,21,18,0,0,7,5,2,"3,2,A,J,5","7,A"
852ab28b,flat,7,25,1012,987,-25,L,22,18,0,0,J,3,2,"K,2,Q","J,8"
852ab28b,flat,8,25,987,962,-25,L,16,20,0,0,6,2,3,"8,8","6,7,7"
852ab28b,flat,9,25,962,937,-25,L,22,15,0,0,J,3,2,"Q,5,7","J,5"
852ab28b,flat,10,25,937,912,-25,L,26,16,0,0,Q,4,2,"A,5,J,K","Q,6"
852ab28b,flat,11,25,912,937,25,W,13,22,0,0,4,2,3,"6,7","4,8,Q"
852ab28b,flat,12,25,937,987,50,W,20,24,0,0,3,3,4,"2,8,K","3,J,A,10"
852ab28b,flat,13,25,987,962,-25,L,18,20,0,0,10,3,3,"Q,5,3","10,4,6"
852ab28b,flat,14,25,962,987,25,W,15,23,0,0,3,2,3,"6,9","3,J,J"
852ab28b,flat,15,25,987,1012,25,W,20,17,0,0,K,3,2,"A,A,8","K,7"
852ab28b,flat,16,25,1012,987,-25,L,18,20,0,0,J,4,2,"2,3,3,K","J,10"
852ab28b,flat,17,25,987,962,-25,L,17,20,0,0,K,2,3,"7,10","K,6,4"
852ab28b,flat,18,25,962,912,-50,L,12,18,0,0,A,3,3,"2,9,A","A,3,4"
613ff975,flat,1,25,1000,1025,25,W,19,22,0,0,6,2,3,"8,A","6,6,J"
613ff975,flat,2,25,1025,975,-50,L,16,20,0,0,Q,3,2,"4,7,5","Q,J"
613ff975,flat,3,25,975,950,-25,L,22,20,0,0,10,4,2,"2,A,9,K","10,J"
613ff975,flat,4,25,950,925,-25,L,22,14,0,0,7,3,2,"K,6,6","7,7"
613ff975,flat,5,25,925,900,-25,L,13,19,0,0,3,2,3,"3,10","3,K,6"
613ff975,flat,6,25,900,925,25,W,19,18,0,0,7,2,2,"9,J","7,A"
613ff975,flat,7,25,925,900,-25,L,22,17,0,0,A,3,2,"J,3,9","A,6"
613ff975,flat,8,25,900,925,25,W,19,18,0,0,10,3,3,"5,4,10","10,2,6"
613ff975,flat,9,25,925,900,-25,L,25,17,0,0,K,3,2,"5,J,Q","K,7"
613ff975,flat,10,25,900,875,-25,L,16,21,0,0,4,2,3,"Q,6","4,J,7"
613ff975,flat,11,25,875,900,25,W,15,24,0,0,4,2,3,"6,9","4,Q,K"
613ff975,flat,12,25,900,925,25,W,13,26,0,0,3,2,4,"K,3","3,3,10,Q"
613ff975,flat,13,25,925,950,25,W,20,22,0,0,J,3,3,"4,K,6","J,3,9"
613ff975,flat,14,25,950,1000,50,W,18,24,0,0,3,3,4,"7,2,9","3,5,6,Q"
613ff975,flat,15,25,1000,1050,50,W,15,22,0,0,7,3,3,"6,5,4","7,7,8"
613ff975,flat,16,25,1050,1075,25,W,20,17,0,0,4,2,3,"10,10","4,3,Q"
613ff975,flat,17,25,1075,1100,25,W,20,17,0,0,Q,2,2,"K,J","Q,7"
613ff975,flat,18,25,1100,1125,25,W,20,26,0,0,8,2,3,"9,A","8,8,Q"
59b782ff,flat,1,25,1000,975,-25,L,19,21,0,1,K,2,2,"8,A","K,A"
59b782ff,flat,2,25,975,1012,37,W,21,20,1,0,Q,2,2,"A,K","Q,Q"
59b782ff,flat,3,25,1012,987,-25,L,26,18,0,0,8,3,2,"6,Q,Q","8,10"
59b782ff,flat,4,25,987,962,-25,L,19,20,0,0,A,4,3,"3,4,5,7","A,A,8"
59b782ff,flat,5,25,962,937,-25,L,18,20,0,0,7,4,3,"2,3,9,4","7,5,8"
59b782ff,flat,6,25,937,962,25,W,20,19,0,0,J,2,2,"K,J","J,9"
59b782ff,flat,7,25,962,937,-25,L,19,20,0,0,10,4,2,"5,2,2,10","10,K"
59b782ff,flat,8,25,937,962,25,W,15,22,0,0,2,3,5,"3,2,Q","2,5,2,4,9"
59b782ff,flat,9,25,962,987,25,W,19,17,0,0,A,2,2,"9,J","A,6"
59b782ff,flat,10,25,987,1012,25,W,19,26,0,0,10,3,4,"4,9,6","10,4,2,K"
59b782ff,flat,11,25,1012,987,-25,L,15,19,0,0,5,2,4,"7,8","5,2,2,K"
59b782ff,flat,12,25,987,1024,37,W,21,16,1,0,6,2,2,"A,10","6,K"
59b782ff,flat,13,25,1024,999,-25,L,24,19,0,0,8,4,2,"2,5,7,10","8,A"
59b782ff,flat,14,25,999,949,-50,L,19,20,0,0,5,3,3,"2,7,K","5,5,K"
59b782ff,flat,15,25,949,924,-25,L,25,20,0,0,A,3,2,"6,10,9","A,9"
59b782ff,flat,16,25,924,899,-25,L,14,21,0,1,A,2,2,"K,4","A,Q"
59b782ff,flat,17,25,899,874,-25,L,24,14,0,0,7,4,2,"6,3,5,J","7,7"
59b782ff,flat,18,25,874,899,25,W,20,19,0,0,J,3,2,"6,3,A","J,9"
08a6185e,flat,1,25,1000,1025,25,W,20,19,0,0,8,4,4,"10,3,A,6","8,3,3,5"
08a6185e,flat,2,25,1025,1000,-25,L,16,21,0,1,A,2,2,"10,6","A,10"
08a6185e,flat,3,25,1000,1000,0,P,18,18,0,0,8,4,2,"2,4,J,2","8,10"
08a6185e,flat,4,25,1000,1025,25,W,21,24,0,0,8,3,3,"6,Q,5","8,8,8"
08a6185e,flat,5,25,1025,1050,25,W,20,17,0,0,Q,2,2,"Q,Q","Q,7"
08a6185e,flat,6,25,1050,1025,-25,L,24,14,0,0,A,3,2,"6,Q,8","A,3"
08a6185e,flat,7,25,1025,1050,25,W,17,25,0,0,5,3,3,"3,4,Q","5,10,K"
08a6185e,flat,8,25,1050,1075,25,W,19,18,0,0,J,2,3,"K,9","J,6,2"
08a6185e,flat,9,25,1075,1100,25,W,16,26,0,0,6,3,3,"2,3,A","6,10,K"
08a6185e,flat,10,25,1100,1100,0,P,20,20,0,0,6,2,3,"10,10","6,4,K"
08a6185e,flat,11,25,1100,1075,-25,L,22,11,0,0,9,3,2,"6,J,6","9,2"
08a6185e,flat,12,25,1075,1100,25,W,20,19,0,0,7,2,3,"K,10","7,2,K"
08a6185e,flat,13,25,1100,1075,-25,L,23,12,0,0,7,3,2,"J,5,8","7,5"
08a6185e,flat,14,25,1075,1050,-25,L,26,18,0,0,8,3,2,"K,6,K","8,J"
08a6185e,flat,15,25,1050,1025,-25,L,23,19,0,0,A,3,2,"10,3,K","A,8"
08a6185e,flat,16,25,1025,1000,-25,L,15,20,0,0,3,2,3,"5,J","3,7,Q"
08a6185e,flat,17,25,1000,975,-25,L,22,9,0,0,2,3,2,"7,5,K","2,7"
08a6185e,flat,18,25,975,925,-50,L,18,21,0,0,4,3,3,"3,7,8","4,7,K"
6a0cd139,flat,1,25,1000,1025,25,W,18,17,0,0,7,3,2,"Q,4,4","7,10"
6a0cd139,flat,2,25,1025,1000,-25,L,20,21,0,0,2,2,4,"J,K","2,4,5,J"
6a0cd139,flat,3,25,1000,1025,25,W,13,25,0,0,4,2,4,"3,10","4,10,A,K"
6a0cd139,flat,4,25,1025,1000,-25,L,14,18,0,0,2,2,3,"6,8","2,Q,6"
6a0cd139,flat,5,25,1000,1025,25,W,19,24,0,0,9,2,3,"9,J","9,7,8"
6a0cd139,flat,6,25,1025,1000,-25,L,17,21,0,0,8,3,3,"2,J,5","8,4,9"
6a0cd139,flat,7,25,1000,1050,50,W,20,23,0,0,3,3,3,"4,6,J","3,K,K"
6a0cd139,flat,8,25,1050,1000,-50,L,18,20,0,0,3,3,4,"7,3,8","3,3,4,Q"
6a0cd139,flat,9,25,1000,1025,25,W,19,18,0,0,Q,3,2,"6,6,7","Q,8"
6a0cd139,flat,10,25,1025,1050,25,W,21,23,0,0,9,4,3,"A,2,A,7","9,4,Q"
6a0cd139,flat,11,25,1050,1050,0,P,19,19,0,0,Q,2,3,"A,8","Q,4,5"
6a0cd139,flat,12,25,1050,1025,-25,L,16,19,0,0,3,2,3,"6,Q","3,6,10"
6a0cd139,flat,13,25,1025,975,-50,L,19,20,0,0,5,3,3,"6,5,8","5,5,Q"
6a0cd139,flat,14,25,975,950,-25,L,13,21,0,1,Q,2,2,"5,8","Q,A"
6a0cd139,flat,15,25,950,975,25,W,20,23,0,0,2,2,5,"J,Q","2,4,7,A,9"
6a0cd139,flat,16,25,975,950,-25,L,18,19,0,0,9,3,2,"3,6,9","9,J"
6a0cd139,flat,17,25,950,975,25,W,14,22,0,0,2,2,3,"J,4","2,J,Q"
6a0cd139,flat,18,25,975,950,-25,L,26,13,0,0,8,4,2,"2,4,J,K","8,5"
fd98b273,flat,1,25,1000,975,-25,L,13,21,0,1,J,2,2,"2,A","J,A"
fd98b273,flat,2,25,975,1000,25,W,18,17,0,0,7,2,2,"7,A","7,K"
fd98b273,flat,3,25,1000,1025,25,W,19,18,0,0,8,2,2,"9,K","8,Q"
fd98b273,flat,4,25,1025,1050,25,W,15,23,0,0,3,3,3,"J,2,3","3,Q,Q"
fd98b273,flat,5,25,1050,1025,-25,L,17,20,0,0,3,2,3,"J,7","3,10,7"
fd98b273,flat,6,25,1025,1025,0,P,20,20,0,0,J,2,2,"9,A","J,10"
fd98b273,flat,7,25,1025,1000,-25,L,16,17,0,0,6,2,2,"6,Q","6,A"
fd98b273,flat,8,25,1000,1025,25,W,17,22,0,0,K,2,3,"J,7","K,2,J"
fd98b273,flat,9,25,1025,1000,-25,L,17,20,0,0,9,3,2,"7,5,5","9,A"
fd98b273,flat,10,25,1000,975,-25,L,14,18,0,0,5,2,3,"5,9","5,5,8"
fd98b273,flat,11,25,975,975,0,P,21,21,1,1,A,2,2,"A,10","A,J"
fd98b273,flat,12,25,975,1000,25,W,15,25,0,0,5,2,5,"5,Q","5,A,8,2,9"
fd98b273,flat,13,25,1000,975,-25,L,17,19,0,0,9,5,3,"2,3,4,2,6","9,3,7"
fd98b273,flat,14,25,975,975,0,P,20,20,0,0,K,3,2,"6,7,7","K,K"
fd98b273,flat,15,25,975,1000,25,W,20,17,0,0,9,3,2,"9,7,4","9,8"
fd98b273,flat,16,25,1000,1000,0,P,17,17,0,0,6,2,2,"Q,7","6,A"
fd98b273,flat,17,25,1000,975,-25,L,17,20,0,0,10,2,2,"7,J","10,Q"
fd98b273,flat,18,25,975,950,-25,L,13,17,0,0,6,2,3,"4,9","6,8,3"
d24a9ce4,flat,1,25,1000,975,-25,L,12,20,0,0,4,2,3,"8,4","4,Q,6"
d24a9ce4,flat,2,25,975,950,-25,L,23,12,0,0,A,3,2,"3,Q,J","A,A"
d24a9ce4,flat,3,25,950,925,-25,L,20,21,0,0,Q,2,3,"A,9","Q,5,6"
d24a9ce4,flat,4,25,925,950,25,W,21,17,0,0,J,4,3,"3,A,10,7","J,4,3"
d24a9ce4,flat,5,25,950,975,25,W,17,22,0,0,2,2,3,"7,K","2,K,Q"
d24a9ce4,flat,6,25,975,1000,25,W,19,18,0,0,K,2,2,"J,9","K,8"
d24a9ce4,flat,7,25,1000,1025,25,W,16,25,0,0,2,2,4,"5,A","2,J,3,K"
d24a9ce4,flat,8,25,1025,1050,25,W,21,17,0,0,7,3,2,"A,4,6","7,Q"
d24a9ce4,flat,9,25,1050,1075,25,W,14,23,0,0,3,2,4,"9,5","3,A,9,Q"
d24a9ce4,flat,10,25,1075,1075,0,P,17,17,0,0,7,2,3,"9,8","7,2,8"
d24a9ce4,flat,11,25,1075,1075,0,P,17,17,0,0,7,3,3,"J,3,4","7,7,3"
d24a9ce4,flat,12,25,1075,1100,25,W,16,25,0,0,6,2,5,"9,7","6,3,3,3,K"
d24a9ce4,flat,13,25,1100,1125,25,W,19,26,0,0,5,2,4,"10,9","5,Q,A,Q"
d24a9ce4,flat,14,25,1125,1175,50,W,19,23,0,0,5,3,3,"3,6,J","5,Q,8"
d24a9ce4,flat,15,25,1175,1212,37,W,21,14,1,0,4,2,2,"K,A","4,J"
d24a9ce4,flat,16,25,1212,1187,-25,L,12,20,0,0,6,2,3,"2,Q","6,9,5"
d24a9ce4,flat,17,25,1187,1237,50,W,15,23,0,0,6,3,4,"6,4,5","6,5,2,K"
d24a9ce4,flat,18,25,1237,1212,-25,L,16,21,0,0,6,2,3,"6,J","6,4,A"
f4e9df25,flat,1,25,1000,975,-25,L,18,21,0,0,2,2,3,"10,8","2,Q,9"
f4e9df25,flat,2,25,975,1000,25,W,14,22,0,0,5,2,3,"9,5","5,J,7"
f4e9df25,flat,3,25,1000,1037,37,W,21,20,1,0,K,2,2,"A,Q","K,Q"
f4e9df25,flat,4,25,1037,1062,25,W,20,23,0,0,7,4,4,"3,2,10,5","7,6,2,8"
f4e9df25,flat,5,25,1062,1112,50,W,21,19,0,0,2,3,3,"8,2,A","2,8,9"
f4e9df25,flat,6,25,1112,1137,25,W,16,24,0,0,4,2,4,"K,6","4,4,6,J"
f4e9df25,flat,7,25,1137,1162,25,W,20,18,0,0,10,5,4,"5,8,2,A,4","10,4,A,3"
f4e9df25,flat,8,25,1162,1187,25,W,20,19,0,0,K,2,2,"J,K","K,9"
f4e9df25,flat,9,25,1187,1162,-25,L,25,17,0,0,A,3,2,"5,K,Q","A,6"
f4e9df25,flat,10,25,1162,1137,-25,L,24,20,0,0,J,4,2,"3,A,Q,10","J,J"
f4e9df25,flat,11,25,1137,1137,0,P,20,20,0,0,7,2,3,"K,Q","7,3,10"
f4e9df25,flat,12,25,1137,1162,25,W,20,18,0,0,8,2,2,"K,10","8,10"
f4e9df25,flat,13,25,1162,1137,-25,L,17,20,0,0,6,2,3,"7,K","6,8,6"
f4e9df25,flat,14,25,1137,1112,-25,L,22,13,0,0,K,3,2,"7,5,K","K,3"
f4e9df25,flat,15,25,1112,1087,-25,L,18,19,0,0,10,3,2,"4,A,3","10,9"
f4e9df25,flat,16,25,1087,1062,-25,L,13,19,0,0,2,2,4,"7,6","2,J,3,4"
f4e9df25,flat,17,25,1062,1037,-25,L,26,17,0,0,10,5,2,"A,3,8,4,K","10,7"
f4e9df25,flat,18,25,1037,1012,-25,L,12,20,0,0,4,2,3,"3,9","4,Q,6"
371f020c,flat,1,25,1000,950,-50,L,15,20,0,0,K,3,2,"8,3,4","K,Q"
371f020c,flat,2,25,950,925,-25,L,23,20,0,0,K,3,2,"5,Q,8","K,K"
371f020c,flat,3,25,925,925,0,P,20,20,0,0,Q,2,2,"A,9","Q,10"
371f020c,flat,4,25,925,950,25,W,18,25,0,0,5,3,3,"5,2,A","5,10,K"
371f020c,flat,5,25,950,925,-25,L,17,21,0,0,J,3,3,"5,5,7","J,6,5"
371f020c,flat,6,25,925,900,-25,L,16,21,0,1,A,2,2,"K,6","A,K"
371f020c,flat,7,25,900,925,25,W,20,18,0,0,6,2,3,"10,J","6,3,9"
371f020c,flat,8,25,925,975,50,W,20,24,0,0,3,3,4,"5,5,Q","3,2,9,10"
371f020c,flat,9,25,975,1000,25,W,20,25,0,0,J,2,4,"Q,Q","J,3,2,10"
371f020c,flat,10,25,1000,950,-50,L,18,20,0,0,4,3,3,"2,9,7","4,6,10"
371f020c,flat,11,25,950,975,25,W,18,22,0,0,K,4,3,"3,2,J,3","K,3,9"
371f020c,flat,12,25,975,950,-25,L,13,17,0,0,4,2,5,"7,6","4,2,3,7,A"
371f020c,flat,13,25,950,925,-25,L,17,21,0,1,A,2,2,"6,A","A,10"
371f020c,flat,14,25,925,950,25,W,18,22,0,0,7,3,3,"6,8,4","7,8,7"
371f020c,flat,15,25,950,925,-25,L,18,20,0,0,3,3,5,"4,4,Q","3,2,4,2,9"
371f020c,flat,16,25,925,900,-25,L,23,20,0,0,Q,3,2,"Q,3,J","Q,Q"
371f020c,flat,17,25,900,850,-50,L,15,20,0,0,4,3,3,"5,4,6","4,8,8"
371f020c,flat,18,25,850,887,37,W,21,10,1,0,8,2,2,"A,K","8,2"
cca1b1c5,flat,1,25,1000,975,-25,L,25,20,0,0,10,3,2,"10,6,9","10,J"
cca1b1c5,flat,2,25,975,950,-25,L,22,10,0,0,2,3,2,"10,2,Q","2,8"
cca1b1c5,flat,3,25,950,925,-25,L,19,20,0,0,9,2,4,"9,K","9,2,4,5"
cca1b1c5,flat,4,25,925,900,-25,L,23,20,0,0,10,4,2,"3,4,6,Q","10,10"
cca1b1c5,flat,5,25,900,950,50,W,17,23,0,0,3,3,3,"4,6,7","3,Q,10"
cca1b1c5,flat,6,25,950,975,25,W,18,22,0,0,K,2,3,"9,9","K,2,K"
cca1b1c5,flat,7,25,975,1000,25,W,14,26,0,0,3,2,5,"K,4","3,2,A,J,K"
cca1b1c5,flat,8,25,1000,975,-25,L,17,21,0,1,A,2,2,"A,6","A,J"
cca1b1c5,flat,9,25,975,950,-25,L,17,21,0,0,7,3,3,"6,2,9","7,7,7"
cca1b1c5,flat,10,25,950,950,0,P,21,21,1,1,Q,2,2,"A,10","Q,A"
cca1b1c5,flat,11,25,950,1000,50,W,21,26,0,0,9,3,3,"7,4,10","9,7,K"
cca1b1c5,flat,12,25,1000,975,-25,L,15,17,0,0,5,2,3,"K,5","5,J,2"
cca1b1c5,flat,13,25,975,950,-25,L,19,20,0,0,Q,3,2,"2,8,9","Q,10"
cca1b1c5,flat,14,25,950,925,-25,L,13,18,0,0,6,2,3,"3,10","6,8,4"
cca1b1c5,flat,15,25,925,900,-25,L,14,17,0,0,5,2,3,"9,5","5,9,3"
cca1b1c5,flat,16,25,900,875,-25,L,13,20,0,0,3,3,3,"10,2,A","3,9,8"
cca1b1c5,flat,17,25,875,850,-25,L,23,12,0,0,10,3,2,"8,5,10","10,2"
cca1b1c5,flat,18,25,850,875,25,W,20,24,0,0,5,2,3,"Q,J","5,9,K"
b5e8ed11,flat,1,25,1000,1025,25,W,18,17,0,0,6,2,2,"K,8","6,A"
b5e8ed11,flat,2,25,1025,1025,0,P,20,20,0,0,J,2,2,"Q,Q","J,K"
b5e8ed11,flat,3,25,1025,1000,-25,L,20,21,0,1,J,2,2,"K,J","J,A"
b5e8ed11,flat,4,25,1000,975,-25,L,14,17,0,0,2,3,3,"4,5,5","2,9,6"
b5e8ed11,flat,5,25,975,1000,25,W,20,23,0,0,J,3,3,"6,9,5","J,5,8"
b5e8ed11,flat,6,25,1000,1000,0,P,19,19,0,0,4,2,5,"9,Q","4,5,2,2,6"
b5e8ed11,flat,7,25,1000,1025,25,W,14,26,0,0,6,2,4,"10,4","6,6,4,10"
b5e8ed11,flat,8,25,1025,1050,25,W,14,23,0,0,3,2,3,"6,8","3,K,10"
b5e8ed11,flat,9,25,1050,1000,-50,L,15,19,0,0,9,3,2,"4,7,4","9,10"
b5e8ed11,flat,10,25,1000,1000,0,P,21,21,1,1,Q,2,2,"10,A","Q,A"
b5e8ed11,flat,11,25,1000,1025,25,W,19,23,0,0,A,3,5,"2,8,9","A,4,7,A,Q"
b5e8ed11,flat,12,25,1025,1050,25,W,21,17,0,0,7,3,2,"J,5,6","7,Q"
b5e8ed11,flat,13,25,1050,1025,-25,L,17,20,0,0,10,3,2,"7,6,4","10,J"
b5e8ed11,flat,14,25,1025,1000,-25,L,23,14,0,0,9,3,2,"3,10,K","9,5"
b5e8ed11,flat,15,25,1000,975,-25,L,18,20,0,0,Q,2,2,"10,8","Q,10"
b5e8ed11,flat,16,25,975,950,-25,L,16,17,0,0,5,3,4,"4,4,8","5,7,2,3"
b5e8ed11,flat,17,25,950,987,37,W,21,19,1,0,K,2,2,"A,J","K,9"
b5e8ed11,flat,18,25,987,962,-25,L,16,21,0,1,A,2,2,"8,8","A,Q"
fd60ea9a,flat,1,25,1000,1025,25,W,20,26,0,0,10,3,4,"A,5,4","10,4,2,10"
fd60ea9a,flat,2,25,1025,1050,25,W,19,18,0,0,A,3,2,"Q,3,6","A,7"
fd60ea9a,flat,3,25,1050,1087,37,W,21,16,1,0,A,2,2,"Q,A","A,5"
fd60ea9a,flat,4,25,1087,1062,-25,L,19,21,0,0,2,3,3,"J,2,7","2,10,9"
fd60ea9a,flat,5,25,1062,1099,37,W,21,10,1,0,4,2,2,"A,K","4,6"
fd60ea9a,flat,6,25,1099,1124,25,W,13,23,0,0,5,2,3,"K,3","5,8,K"
fd60ea9a,flat,7,25,1124,1074,-50,L,12,19,0,0,6,3,3,"8,2,2","6,4,9"
fd60ea9a,flat,8,25,1074,1049,-25,L,18,20,0,0,Q,2,4,"J,8","Q,3,2,5"
fd60ea9a,flat,9,25,1049,1024,-25,L,25,18,0,0,9,3,2,"7,9,9","9,9"
fd60ea9a,flat,10,25,1024,1049,25,W,19,22,0,0,J,4,3,"7,8,A,3","J,3,9"
fd60ea9a,flat,11,25,1049,1024,-25,L,19,21,0,0,A,3,3,"4,5,Q","A,4,6"
fd60ea9a,flat,12,25,1024,999,-25,L,15,20,0,0,4,2,4,"J,5","4,8,4,4"
fd60ea9a,flat,13,25,999,974,-25,L,17,20,0,0,10,3,2,"9,5,3","10,J"
fd60ea9a,flat,14,25,974,949,-25,L,26,12,0,0,8,3,2,"8,8,Q","8,4"
fd60ea9a,flat,15,25,949,974,25,W,20,17,0,0,Q,3,2,"J,2,8","Q,7"
fd60ea9a,flat,16,25,974,999,25,W,18,22,0,0,9,3,3,"10,5,3","9,4,9"
fd60ea9a,flat,17,25,999,1049,50,W,21,20,0,0,8,3,4,"3,8,10","8,5,2,5"
fd60ea9a,flat,18,25,1049,1024,-25,L,23,20,0,0,Q,3,2,"K,6,7","Q,10"
d96243fe,flat,1,25,1000,975,-25,L,13,17,0,0,3,2,3,"A,2","3,Q,4"
d96243fe,flat,2,25,975,925,-50,L,17,20,0,0,6,3,3,"4,6,7","6,8,6"
d96243fe,flat,3,25,925,925,0,P,18,18,0,0,5,2,3,"J,8","5,4,9"
d96243fe,flat,4,25,925,900,-25,L,17,20,0,0,9,2,2,"10,7","9,A"
d96243fe,flat,5,25,900,925,25,W,19,17,0,0,8,2,3,"9,K","8,3,6"
d96243fe,flat,6,25,925,900,-25,L,17,19,0,0,4,2,3,"7,10","4,6,9"
d96243fe,flat,7,25,900,875,-25,L,17,20,0,0,5,2,3,"K,7","5,5,10"
d96243fe,flat,8,25,875,850,-25,L,17,19,0,0,8,3,3,"4,5,8","8,8,3"
d96243fe,flat,9,25,850,825,-25,L,25,13,0,0,10,3,2,"J,5,J","10,3"
d96243fe,flat,10,25,825,850,25,W,19,18,0,0,9,2,3,"Q,9","9,4,5"
d96243fe,flat,11,25,850,875,25,W,17,26,0,0,3,4,4,"3,4,4,6","3,5,8,J"
d96243fe,flat,12,25,875,875,0,P,21,21,1,1,J,2,2,"Q,A","J,A"
d96243fe,flat,13,25,875,850,-25,L,24,19,0,0,A,3,2,"Q,4,K","A,8"
d96243fe,flat,14,25,850,850,0,P,17,17,0,0,2,3,3,"5,6,6","2,8,7"
d96243fe,flat,15,25,850,875,25,W,19,17,0,0,7,4,2,"4,Q,2,3","7,K"
d96243fe,flat,16,25,875,900,25,W,18,17,0,0,10,2,2,"10,8","10,7"
d96243fe,flat,17,25,900,875,-25,L,23,18,0,0,J,3,2,"3,K,J","J,8"
d96243fe,flat,18,25,875,900,25,W,20,19,0,0,A,2,3,"Q,10","A,A,7"
0978d654,flat,1,25,1000,1025,25,W,19,22,0,0,J,3,3,"5,7,7","J,2,K"
0978d654,flat,2,25,1025,1062,37,W,21,16,1,0,8,2,2,"A,K","8,8"
0978d654,flat,3,25,1062,1037,-25,L,18,19,0,0,Q,3,2,"3,5,10","Q,9"
0978d654,flat,4,25,1037,1087,50,W,21,19,0,0,9,3,2,"2,8,A","9,10"
0978d654,flat,5,25,1087,1112,25,W,13,25,0,0,5,2,4,"3,Q","5,4,6,10"
0978d654,flat,6,25,1112,1087,-25,L,12,18,0,0,5,2,4,"2,Q","5,3,7,3"
0978d654,flat,7,25,1087,1124,37,W,21,12,1,0,J,2,2,"A,K","J,2"
0978d654,flat,8,25,1124,1099,-25,L,12,21,0,1,J,2,2,"4,8","J,A"
0978d654,flat,9,25,1099,1074,-25,L,12,21,0,1,A,2,2,"2,K","A,J"
0978d654,flat,10,25,1074,1049,-25,L,8,21,0,1,A,2,2,"4,4","A,10"
0978d654,flat,11,25,1049,1024,-25,L,22,17,0,0,7,3,2,"3,9,K","7,10"
0978d654,flat,12,25,1024,999,-25,L,25,15,0,0,A,4,2,"3,J,2,Q","A,4"
0978d654,flat,13,25,999,974,-25,L,23,20,0,0,K,3,2,"6,8,9","K,Q"
0978d654,flat,14,25,974,949,-25,L,12,18,0,0,6,2,3,"K,2","6,2,10"
0978d654,flat,15,25,949,974,25,W,18,22,0,0,9,2,4,"8,K","9,4,2,7"
0978d654,flat,16,25,974,999,25,W,15,23,0,0,6,2,3,"9,6","6,7,10"
0978d654,flat,17,25,999,1024,25,W,14,24,0,0,5,2,3,"3,A","5,10,9"
0978d654,flat,18,25,1024,999,-25,L,17,20,0,0,A,2,4,"K,7","A,4,10,5"
22393e0b,flat,1,25,1000,1050,50,W,14,23,0,0,J,3,3,"2,9,3","J,3,10"
22393e0b,flat,2,25,1050,1075,25,W,20,23,0,0,K,2,4,"Q,J","K,4,2,7"
22393e0b,flat,3,25,1075,1100,25,W,21,20,0,0,J,3,2,"6,9,6","J,Q"
22393e0b,flat,4,25,1100,1137,37,W,21,14,1,0,Q,2,2,"A,Q","Q,4"
22393e0b,flat,5,25,1137,1112,-25,L,14,19,0,0,2,2,3,"A,3","2,7,K"
22393e0b,flat,6,25,1112,1112,0,P,18,18,0,0,4,2,4,"8,10","4,9,3,2"
22393e0b,flat,7,25,1112,1137,25,W,20,19,0,0,6,2,3,"Q,Q","6,5,8"
22393e0b,flat,8,25,1137,1162,25,W,21,19,0,0,9,4,3,"2,6,7,6","9,5,5"
22393e0b,flat,9,25,1162,1187,25,W,16,24,0,0,6,2,4,"10,6","6,2,6,J"
22393e0b,flat,10,25,1187,1162,-25,L,19,21,0,0,K,2,3,"9,K","K,5,6"
22393e0b,flat,11,25,1162,1187,25,W,20,18,0,0,K,3,3,"7,3,10","K,4,4"
22393e0b,flat,12,25,1187,1212,25,W,19,25,0,0,3,2,4,"J,9","3,8,4,K"
22393e0b,flat,13,25,1212,1237,25,W,15,23,0,0,6,2,3,"4,A","6,7,Q"
22393e0b,flat,14,25,1237,1212,-25,L,18,19,0,0,4,3,4,"5,3,J","4,2,8,5"
22393e0b,flat,15,25,1212,1237,25,W,20,19,0,0,4,2,3,"10,J","4,7,8"
22393e0b,flat,16,25,1237,1212,-25,L,15,17,0,0,6,2,2,"8,7","6,A"
22393e0b,flat,17,25,1212,1237,25,W,21,18,0,0,K,3,2,"5,K,6","K,8"
22393e0b,flat,18,25,1237,1262,25,W,17,23,0,0,9,2,3,"9,8","9,4,J"
f3ec4938,flat,1,25,1000,1000,0,P,20,20,0,0,9,3,2,"3,J,7","9,A"
f3ec4938,flat,2,25,1000,975,-25,L,14,21,0,0,5,2,3,"9,5","5,10,6"
f3ec4938,flat,3,25,975,975,0,P,20,20,0,0,7,2,3,"10,Q","7,9,4"
f3ec4938,flat,4,25,975,1000,25,W,18,22,0,0,7,3,3,"J,2,6","7,6,9"
f3ec4938,flat,5,25,1000,1000,0,P,20,20,0,0,K,2,2,"K,K","K,J"
f3ec4938,flat,6,25,1000,950,-50,L,15,20,0,0,2,3,4,"4,6,5","2,4,J,4"
f3ec4938,flat,7,25,950,925,-25,L,14,17,0,0,5,2,3,"7,7","5,5,7"
f3ec4938,flat,8,25,925,950,25,W,20,23,0,0,J,2,3,"J,J","J,3,Q"
f3ec4938,flat,9,25,950,925,-25,L,8,21,0,1,Q,2,2,"4,4","Q,A"
f3ec4938,flat,10,25,925,900,-25,L,25,12,0,0,Q,4,2,"4,8,3,J","Q,2"
f3ec4938,flat,11,25,900,875,-25,L,22,17,0,0,A,3,2,"3,Q,9","A,6"
f3ec4938,flat,12,25,875,850,-25,L,12,18,0,0,4,2,3,"7,5","4,4,10"
f3ec4938,flat,13,25,850,875,25,W,20,17,0,0,9,5,2,"2,A,Q,2,5","9,8"
f3ec4938,flat,14,25,875,900,25,W,21,20,0,0,Q,4,2,"5,8,2,6","Q,K"
f3ec4938,flat,15,25,900,925,25,W,17,23,0,0,K,3,3,"5,2,J","K,5,8"
f3ec4938,flat,16,25,925,950,25,W,20,19,0,0,J,2,3,"K,10","J,6,3"
f3ec4938,flat,17,25,950,925,-25,L,19,21,0,0,8,4,3,"2,3,5,9","8,3,Q"
f3ec4938,flat,18,25,925,875,-50,L,14,17,0,0,8,3,3,"2,9,3","8,4,5"
3ed9c12c,flat,1,25,1000,1025,25,W,20,17,0,0,6,2,2,"10,10","6,A"
3ed9c12c,flat,2,25,1025,1075,50,W,19,24,0,0,7,3,4,"7,3,9","7,4,4,9"
3ed9c12c,flat,3,25,1075,1100,25,W,12,22,0,0,6,2,4,"4,8","6,3,7,6"
3ed9c12c,flat,4,25,1100,1125,25,W,20,19,0,0,7,2,3,"K,10","7,2,K"
3ed9c12c,flat,5,25,1125,1162,37,W,21,17,1,0,Q,2,2,"A,10","Q,7"
3ed9c12c,flat,6,25,1162,1137,-25,L,13,18,0,0,2,2,4,"A,2","2,3,2,A"
3ed9c12c,flat,7,25,1137,1112,-25,L,19,20,0,0,Q,2,2,"9,10","Q,10"
3ed9c12c,flat,8,25,1112,1137,25,W,19,23,0,0,7,3,3,"A,3,5","7,9,7"
3ed9c12c,flat,9,25,1137,1162,25,W,18,24,0,0,7,2,3,"J,8","7,7,J"
3ed9c12c,flat,10,25,1162,1137,-25,L,23,15,0,0,Q,4,2,"6,3,6,8","Q,5"
3ed9c12c,flat,11,25,1137,1162,25,W,20,18,0,0,Q,3,3,"2,K,8","Q,4,4"
3ed9c12c,flat,12,25,1162,1187,25,W,21,20,0,0,Q,3,2,"6,J,5","Q,Q"
3ed9c12c,flat,13,25,1187,1162,-25,L,14,20,0,0,4,2,5,"4,J","4,3,6,A,6"
3ed9c12c,flat,14,25,1162,1162,0,P,20,20,0,0,10,2,2,"9,A","10,K"
3ed9c12c,flat,15,25,1162,1137,-25,L,23,16,0,0,J,4,2,"A,2,K,Q","J,6"
3ed9c12c,flat,16,25,1137,1162,25,W,17,24,0,0,2,3,4,"Q,2,5","2,7,5,Q"
3ed9c12c,flat,17,25,1162,1137,-25,L,16,17,0,0,6,2,3,"J,6","6,10,A"
3ed9c12c,flat,18,25,1137,1162,25,W,20,17,0,0,8,3,2,"K,5,5","8,9"
b7ffbde2,flat,1,25,1000,975,-25,L,15,20,0,0,4,2,3,"8,7","4,K,6"
b7ffbde2,flat,2,25,975,1025,50,W,13,22,0,0,4,3,4,"8,3,2","4,2,J,6"
b7ffbde2,flat,3,25,1025,1000,-25,L,14,21,0,1,A,2,2,"A,3","A,J"
b7ffbde2,flat,4,25,1000,975,-25,L,18,20,0,0,J,2,2,"7,A","J,J"
b7ffbde2,flat,5,25,975,1000,25,W,17,26,0,0,K,2,3,"Q,7","K,6,Q"
b7ffbde2,flat,6,25,1000,1025,25,W,20,25,0,0,6,2,4,"9,A","6,5,4,K"
b7ffbde2,flat,7,25,1025,1025,0,P,18,18,0,0,10,3,2,"8,5,5","10,8"
b7ffbde2,flat,8,25,1025,1050,25,W,20,19,0,0,Q,3,2,"3,K,7","Q,9"
b7ffbde2,flat,9,25,1050,1025,-25,L,13,17,0,0,2,3,3,"8,4,A","2,7,8"
b7ffbde2,flat,10,25,1025,1000,-25,L,15,21,0,1,J,2,2,"5,K","J,A"
b7ffbde2,flat,11,25,1000,1025,25,W,17,26,0,0,8,3,4,"5,10,2","8,7,A,K"
b7ffbde2,flat,12,25,1025,1000,-25,L,25,20,0,0,K,3,2,"7,8,J","K,J"
b7ffbde2,flat,13,25,1000,1000,0,P,20,20,0,0,3,2,3,"10,K","3,7,K"
b7ffbde2,flat,14,25,1000,975,-25,L,22,16,0,0,9,3,2,"7,5,K","9,7"
b7ffbde2,flat,15,25,975,1000,25,W,12,23,0,0,5,3,4,"5,2,5","5,5,4,9"
b7ffbde2,flat,16,25,1000,1025,25,W,13,25,0,0,5,2,3,"5,8","5,10,Q"
b7ffbde2,flat,17,25,1025,1000,-25,L,18,20,0,0,3,2,4,"8,10","3,3,9,5"
b7ffbde2,flat,18,25,1000,1000,0,P,17,17,0,0,7,2,2,"6,A","7,J"
aa928bd4,flat,1,25,1000,1025,25,W,12,24,0,0,4,2,5,"3,9","4,2,8,A,9"
aa928bd4,flat,2,25,1025,1075,50,W,21,20,0,0,K,3,2,"2,9,K","K,K"
aa928bd4,flat,3,25,1075,1075,0,P,21,21,0,0,A,3,3,"4,9,8","A,5,5"
aa928bd4,flat,4,25,1075,1100,25,W,21,17,0,0,7,3,2,"6,10,5","7,10"
aa928bd4,flat,5,25,1100,1075,-25,L,17,20,0,0,Q,3,2,"8,4,5","Q,K"
aa928bd4,flat,6,25,1075,1075,0,P,18,18,0,0,7,3,2,"4,7,7","7,A"
aa928bd4,flat,7,25,1075,1100,25,W,18,17,0,0,K,2,2,"Q,8","K,7"
aa928bd4,flat,8,25,1100,1075,-25,L,17,20,0,0,A,3,4,"8,7,2","A,4,K,5"
aa928bd4,flat,9,25,1075,1100,25,W,18,17,0,0,10,2,2,"7,A","10,7"
aa928bd4,flat,10,25,1100,1075,-25,L,23,16,0,0,K,3,2,"3,J,K","K,6"
aa928bd4,flat,11,25,1075,1100,25,W,21,24,0,0,8,3,5,"A,2,8","8,2,2,2,Q"
aa928bd4,flat,12,25,1100,1075,-25,L,25,14,0,0,Q,3,2,"6,10,9","Q,4"
aa928bd4,flat,13,25,1075,1050,-25,L,26,18,0,0,10,3,2,"6,J,10","10,8"
aa928bd4,flat,14,25,1050,1050,0,P,20,20,0,0,K,2,2,"10,J","K,J"
aa928bd4,flat,15,25,1050,1025,-25,L,12,18,0,0,4,3,3,"4,3,5","4,10,4"
aa928bd4,flat,16,25,1025,1000,-25,L,24,14,0,0,A,3,2,"6,9,9","A,3"
aa928bd4,flat,17,25,1000,975,-25,L,13,19,0,0,3,3,3,"2,6,5","3,8,8"
aa928bd4,flat,18,25,975,1000,25,W,15,23,0,0,4,2,4,"J,5","4,6,3,10"
b6b9ffa7,flat,1,25,1000,975,-25,L,17,20,0,0,J,2,2,"Q,7","J,K"
b6b9ffa7,flat,2,25,975,950,-25,L,13,21,0,0,6,3,3,"2,5,6","6,10,5"
b6b9ffa7,flat,3,25,950,950,0,P,17,17,0,0,J,3,2,"5,4,8","J,7"
b6b9ffa7,flat,4,25,950,950,0,P,20,20,0,0,3,2,3,"10,K","3,7,K"
b6b9ffa7,flat,5,25,950,925,-25,L,25,14,0,0,A,4,2,"4,3,8,10","A,3"
b6b9ffa7,flat,6,25,925,900,-25,L,24,17,0,0,7,3,2,"4,K,Q","7,10"
b6b9ffa7,flat,7,25,900,925,25,W,20,17,0,0,7,2,4,"K,Q","7,7,A,2"
b6b9ffa7,flat,8,25,925,975,50,W,18,22,0,0,5,3,3,"8,3,7","5,8,9"
b6b9ffa7,flat,9,25,975,975,0,P,19,19,0,0,5,2,3,"9,J","5,3,A"
b6b9ffa7,flat,10,25,975,1000,25,W,19,18,0,0,7,3,2,"3,6,Q","7,A"
b6b9ffa7,flat,11,25,1000,1000,0,P,20,20,0,0,4,2,3,"K,Q","4,7,9"
b6b9ffa7,flat,12,25,1000,975,-25,L,17,19,0,0,K,2,2,"7,J","K,9"
b6b9ffa7,flat,13,25,975,950,-25,L,18,21,0,0,10,2,3,"7,A","10,6,5"
b6b9ffa7,flat,14,25,950,925,-25,L,23,16,0,0,10,3,2,"5,J,8","10,6"
b6b9ffa7,flat,15,25,925,925,0,P,18,18,0,0,4,2,4,"8,Q","4,8,4,2"
b6b9ffa7,flat,16,25,925,900,-25,L,22,12,0,0,A,4,2,"2,8,6,6","A,A"
b6b9ffa7,flat,17,25,900,925,25,W,18,17,0,0,5,2,5,"Q,8","5,3,2,5,2"
b6b9ffa7,flat,18,25,925,900,-25,L,22,14,0,0,J,3,2,"Q,2,K","J,4"
087b1968,flat,1,25,1000,1037,37,W,21,14,1,0,J,2,2,"A,J","J,4"
087b1968,flat,2,25,1037,1062,25,W,20,19,0,0,9,2,2,"9,A","9,Q"
087b1968,flat,3,25,1062,1099,37,W,21,20,1,0,Q,2,2,"Q,A","Q,J"
087b1968,flat,4,25,1099,1124,25,W,18,17,0,0,3,2,3,"A,7","3,A,3"
087b1968,flat,5,25,1124,1099,-25,L,18,20,0,0,4,4,3,"2,5,3,8","4,8,8"
087b1968,flat,6,25,1099,1124,25,W,12,24,0,0,4,2,3,"7,5","4,K,Q"
087b1968,flat,7,25,1124,1149,25,W,20,18,0,0,9,2,2,"J,K","9,9"
087b1968,flat,8,25,1149,1124,-25,L,20,21,0,0,9,3,3,"K,5,5","9,7,5"
087b1968,flat,9,25,1124,1099,-25,L,18,19,0,0,3,2,3,"J,8","3,10,6"
087b1968,flat,10,25,1099,1074,-25,L,15,21,0,1,A,2,2,"5,Q","A,10"
087b1968,flat,11,25,1074,1049,-25,L,22,20,0,0,Q,3,2,"K,5,7","Q,Q"
087b1968,flat,12,25,1049,1074,25,W,16,26,0,0,6,2,3,"Q,6","6,K,J"
087b1968,flat,13,25,1074,1099,25,W,16,22,0,0,4,2,4,"A,5","4,8,2,8"
087b1968,flat,14,25,1099,1099,0,P,19,19,0,0,A,3,3,"A,3,5","A,3,5"
087b1968,flat,15,25,1099,1124,25,W,17,26,0,0,9,4,3,"K,2,2,3","9,7,Q"
087b1968,flat,16,25,1124,1099,-25,L,23,14,0,0,7,3,2,"10,4,9","7,7"
087b1968,flat,17,25,1099,1124,25,W,18,25,0,0,2,2,4,"8,K","2,4,K,9"
087b1968,flat,18,25,1124,1099,-25,L,17,21,0,0,5,2,3,"J,7","5,8,8"
c2429be7,flat,1,25,1000,1025,25,W,19,22,0,0,2,4,6,"3,4,2,Q","2,3,3,7,A,6"
c2429be7,flat,2,25,1025,1050,25,W,17,22,0,0,8,2,3,"J,7","8,4,10"
c2429be7,flat,3,25,1050,1025,-25,L,13,21,0,0,3,2,4,"A,2","3,J,A,7"
c2429be7,flat,4,25,1025,1000,-25,L,14,19,0,0,5,2,4,"6,8","5,5,3,6"
c2429be7,flat,5,25,1000,1000,0,P,18,18,0,0,10,3,2,"5,2,A","10,8"
c2429be7,flat,6,25,1000,1025,25,W,19,18,0,0,9,4,2,"3,5,7,4","9,9"
c2429be7,flat,7,25,1025,1050,25,W,20,17,0,0,4,2,4,"K,K","4,2,4,7"
c2429be7,flat,8,25,1050,1025,-25,L,23,20,0,0,J,3,2,"5,9,9","J,J"
c2429be7,flat,9,25,1025,1000,-25,L,19,21,0,0,J,2,3,"9,Q","J,2,9"
c2429be7,flat,10,25,1000,975,-25,L,23,19,0,0,9,3,2,"5,8,J","9,K"
c2429be7,flat,11,25,975,975,0,P,19,19,0,0,A,4,2,"5,3,7,4","A,8"
c2429be7,flat,12,25,975,975,0,P,17,17,0,0,7,2,2,"Q,7","7,J"
c2429be7,flat,13,25,975,950,-25,L,17,20,0,0,8,3,3,"6,K,A","8,8,4"
c2429be7,flat,14,25,950,975,25,W,17,26,0,0,A,2,5,"Q,7","A,A,K,4,10"
c2429be7,flat,15,25,975,1000,25,W,20,22,0,0,J,2,3,"10,10","J,2,Q"
c2429be7,flat,16,25,1000,975,-25,L,18,19,0,0,A,2,3,"9,9","A,A,7"
c2429be7,flat,17,25,975,950,-25,L,17,19,0,0,10,2,2,"A,6","10,9"
c2429be7,flat,18,25,950,975,25,W,12,25,0,0,5,2,3,"2,10","5,10,Q"
84b13165,flat,1,25,1000,1025,25,W,20,17,0,0,7,3,2,"5,8,7","7,J"
84b13165,flat,2,25,1025,1050,25,W,18,25,0,0,2,2,4,"7,A","2,10,3,Q"
84b13165,flat,3,25,1050,1025,-25,L,17,18,0,0,8,2,2,"K,7","8,J"
84b13165,flat,4,25,1025,1000,-25,L,17,20,0,0,Q,3,2,"2,5,J","Q,10"
84b13165,flat,5,25,1000,1025,25,W,16,23,0,0,6,2,4,"A,5","6,9,A,7"
84b13165,flat,6,25,1025,1000,-25,L,19,21,0,1,A,2,2,"10,9","A,K"
84b13165,flat,7,25,1000,1025,25,W,19,25,0,0,4,2,4,"9,10","4,2,9,10"
84b13165,flat,8,25,1025,1000,-25,L,19,20,0,0,4,2,4,"9,K","4,K,2,4"
84b13165,flat,9,25,1000,975,-25,L,25,16,0,0,7,4,2,"3,3,9,K","7,9"
84b13165,flat,10,25,975,950,-25,L,17,19,0,0,3,2,6,"7,J","3,3,2,5,A,5"
84b13165,flat,11,25,950,975,25,W,12,23,0,0,6,2,3,"3,9","6,7,Q"
84b13165,flat,12,25,975,1000,25,W,18,17,0,0,Q,2,3,"8,J","Q,6,A"
84b13165,flat,13,25,1000,1025,25,W,16,24,0,0,4,2,4,"6,J","4,A,10,9"
84b13165,flat,14,25,1025,1000,-25,L,17,20,0,0,K,4,2,"5,2,3,7","K,J"
84b13165,flat,15,25,1000,1000,0,P,19,19,0,0,8,2,3,"10,9","8,2,9"
84b13165,flat,16,25,1000,1025,25,W,19,17,0,0,7,3,2,"8,6,5","7,Q"
84b13165,flat,17,25,1025,1050,25,W,15,23,0,0,3,2,3,"8,7","3,J,K"
84b13165,flat,18,25,1050,1050,0,P,18,18,0,0,8,2,2,"K,8","8,10"
ae664685,flat,1,25,1000,1037,37,W,21,19,1,0,10,2,2,"Q,A","10,9"
ae664685,flat,2,25,1037,1037,0,P,19,19,0,0,A,3,2,"3,6,Q","A,8"
ae664685,flat,3,25,1037,1012,-25,L,25,17,0,0,A,3,2,"Q,5,Q","A,6"
ae664685,flat,4,25,1012,1062,50,W,15,24,0,0,5,3,3,"5,5,5","5,Q,9"
ae664685,flat,5,25,1062,1087,25,W,20,23,0,0,2,2,5,"Q,K","2,2,5,6,8"
ae664685,flat,6,25,1087,1112,25,W,19,23,0,0,5,2,4,"A,8","5,10,A,7"
ae664685,flat,7,25,1112,1087,-25,L,17,20,0,0,K,5,2,"2,2,6,3,4","K,K"
ae664685,flat,8,25,1087,1062,-25,L,14,20,0,0,2,2,4,"4,J","2,K,2,6"
ae664685,flat,9,25,1062,1087,25,W,13,25,0,0,5,2,3,"3,10","5,Q,J"
ae664685,flat,10,25,1087,1062,-25,L,22,19,0,0,A,3,2,"9,5,8","A,8"
ae664685,flat,11,25,1062,1087,25,W,20,26,0,0,3,2,5,"K,Q","3,A,2,10,10"
ae664685,flat,12,25,1087,1062,-25,L,25,20,0,0,9,4,2,"2,3,J,J","9,A"
ae664685,flat,13,25,1062,1087,25,W,20,26,0,0,7,2,3,"10,K","7,9,K"
ae664685,flat,14,25,1087,1062,-25,L,17,18,0,0,9,2,2,"10,7","9,9"
ae664685,flat,15,25,1062,1037,-25,L,19,20,0,0,J,3,3,"J,4,5","J,4,6"
ae664685,flat,16,25,1037,1062,25,W,13,23,0,0,6,2,3,"3,10","6,9,8"
ae664685,flat,17,25,1062,1087,25,W,20,18,0,0,K,3,2,"2,K,8","K,8"
ae664685,flat,18,25,1087,1087,0,P,17,17,0,0,4,2,3,"K,7","4,J,3"
bd08a2c1,flat,1,25,1000,1025,25,W,17,22,0,0,8,2,3,"A,6","8,4,K"
bd08a2c1,flat,2,25,1025,1000,-25,L,18,19,0,0,3,2,3,"10,8","3,K,6"
bd08a2c1,flat,3,25,1000,1025,25,W,18,25,0,0,7,4,3,"A,2,J,5","7,8,K"
bd08a2c1,flat,4,25,1025,1062,37,W,21,20,1,0,J,2,2,"A,Q","J,K"
bd08a2c1,flat,5,25,1062,1087,25,W,18,22,0,0,Q,3,3,"4,4,K","Q,5,7"
bd08a2c1,flat,6,25,1087,1062,-25,L,26,14,0,0,9,4,2,"10,2,4,K","9,5"
bd08a2c1,flat,7,25,1062,1037,-25,L,17,20,0,0,J,2,2,"A,6","J,Q"
bd08a2c1,flat,8,25,1037,1012,-25,L,8,21,0,1,J,2,2,"3,5","J,A"
bd08a2c1,flat,9,25,1012,1012,0,P,19,19,0,0,8,2,2,"9,Q","8,A"
bd08a2c1,flat,10,25,1012,962,-50,L,17,21,0,0,2,3,3,"6,4,7","2,10,9"
bd08a2c1,flat,11,25,962,937,-25,L,22,18,0,0,A,4,2,"4,10,2,6","A,7"
bd08a2c1,flat,12,25,937,912,-25,L,8,21,0,1,Q,2,2,"6,2","Q,A"
bd08a2c1,flat,13,25,912,912,0,P,18,18,0,0,10,3,3,"5,10,3","10,4,4"
bd08a2c1,flat,14,25,912,887,-25,L,22,20,0,0,10,3,2,"J,3,9","10,J"
bd08a2c1,flat,15,25,887,862,-25,L,17,20,0,0,5,2,4,"7,Q","5,A,7,7"
bd08a2c1,flat,16,25,862,837,-25,L,8,21,0,1,J,2,2,"6,2","J,A"
bd08a2c1,flat,17,25,837,812,-25,L,18,19,0,0,7,2,3,"8,J","7,4,8"
bd08a2c1,flat,18,25,812,787,-25,L,23,16,0,0,9,4,2,"3,3,7,J","9,7"
2fe0f2e4,flat,1,25,1000,975,-25,L,19,21,0,1,K,2,2,"A,8","K,A"
2fe0f2e4,flat,2,25,975,950,-25,L,18,21,0,0,4,2,3,"7,A","4,6,A"
2fe0f2e4,flat,3,25,950,925,-25,L,25,20,0,0,10,4,2,"6,3,6,J","10,J"
2fe0f2e4,flat,4,25,925,900,-25,L,18,21,0,0,7,3,3,"6,2,Q","7,4,J"
2fe0f2e4,flat,5,25,900,950,50,W,21,18,0,0,9,3,2,"8,2,A","9,9"
2fe0f2e4,flat,6,25,950,975,25,W,19,17,0,0,K,2,2,"9,K","K,7"
2fe0f2e4,flat,7,25,975,1012,37,W,21,11,1,0,7,2,2,"A,10","7,4"
2fe0f2e4,flat,8,25,1012,1012,0,P,21,21,1,1,A,2,2,"Q,A","A,Q"
2fe0f2e4,flat,9,25,1012,1037,25,W,17,25,0,0,2,2,5,"8,9","2,3,5,5,Q"
2fe0f2e4,flat,10,25,1037,1012,-25,L,15,19,0,0,2,2,5,"K,5","2,2,2,10,3"
2fe0f2e4,flat,11,25,1012,1037,25,W,17,25,0,0,A,2,4,"9,8","A,4,K,Q"
2fe0f2e4,flat,12,25,1037,1037,0,P,19,19,0,0,K,3,3,"3,7,9","K,5,4"
2fe0f2e4,flat,13,25,1037,1012,-25,L,17,19,0,0,9,2,3,"10,7","9,2,8"
2fe0f2e4,flat,14,25,1012,987,-25,L,23,15,0,0,A,3,2,"J,5,8","A,4"
2fe0f2e4,flat,15,25,987,1012,25,W,20,24,0,0,A,2,4,"10,K","A,3,10,K"
2fe0f2e4,flat,16,25,1012,987,-25,L,13,18,0,0,2,3,4,"3,6,4","2,3,6,7"
2fe0f2e4,flat,17,25,987,962,-25,L,23,16,0,0,9,4,2,"2,K,3,8","9,7"
2fe0f2e4,flat,18,25,962,987,25,W,19,24,0,0,9,2,3,"J,9","9,5,10"
1d7702fe,flat,1,25,1000,1025,25,W,17,22,0,0,7,2,3,"7,K","7,6,9"
1d7702fe,flat,2,25,1025,1050,25,W,18,23,0,0,6,2,3,"K,8","6,7,10"
1d7702fe,flat,3,25,1050,1025,-25,L,26,12,0,0,7,5,2,"A,3,Q,2,J","7,5"
1d7702fe,flat,4,25,1025,1050,25,W,20,22,0,0,2,2,3,"10,K","2,J,J"
1d7702fe,flat,5,25,1050,1075,25,W,17,24,0,0,2,2,4,"Q,7","2,9,5,8"
1d7702fe,flat,6,25,1075,1075,0,P,19,19,0,0,Q,2,2,"8,A","Q,9"
1d7702fe,flat,7,25,1075,1112,37,W,21,9,1,0,3,2,2,"Q,A","3,6"
1d7702fe,flat,8,25,1112,1087,-25,L,26,17,0,0,10,4,2,"4,3,9,10","10,7"
1d7702fe,flat,9,25,1087,1062,-25,L,23,20,0,0,J,3,2,"6,9,8","J,10"
1d7702fe,flat,10,25,1062,1087,25,W,18,23,0,0,7,3,4,"2,10,6","7,3,4,9"
1d7702fe,flat,11,25,1087,1087,0,P,20,20,0,0,A,3,4,"9,3,8","A,A,10,8"
1d7702fe,flat,12,25,1087,1112,25,W,21,20,0,0,J,4,2,"3,7,4,7","J,J"
1d7702fe,flat,13,25,1112,1087,-25,L,18,20,0,0,2,2,4,"8,10","2,2,10,6"
1d7702fe,flat,14,25,1087,1112,25,W,17,26,0,0,J,4,3,"5,A,9,2","J,6,Q"
1d7702fe,flat,15,25,1112,1087,-25,L,24,15,0,0,A,3,2,"4,10,J","A,4"
1d7702fe,flat,16,25,1087,1112,25,W,20,22,0,0,J,2,3,"10,K","J,2,J"
1d7702fe,flat,17,25,1112,1137,25,W,12,23,0,0,6,3,3,"4,3,5","6,7,Q"
1d7702fe,flat,18,25,1137,1137,0,P,20,20,0,0,Q,2,2,"J,K","Q,J"
3b03ebe0,flat,1,25,1000,975,-25,L,19,20,0,0,10,3,2,"6,3,10","10,K"
3b03ebe0,flat,2,25,975,1012,37,W,21,14,1,0,9,2,2,"A,10","9,5"
3b03ebe0,flat,3,25,1012,987,-25,L,14,20,0,0,5,2,3,"Q,4","5,7,8"
3b03ebe0,flat,4,25,987,962,-25,L,23,16,0,0,Q,3,2,"10,4,9","Q,6"
3b03ebe0,flat,5,25,962,987,25,W,21,25,0,0,3,3,4,"7,5,9","3,7,5,Q"
3b03ebe0,flat,6,25,987,1012,25,W,21,18,0,0,8,3,2,"2,10,9","8,J"
3b03ebe0,flat,7,25,1012,987,-25,L,17,21,0,0,Q,3,3,"A,4,2","Q,3,8"
3b03ebe0,flat,8,25,987,1024,37,W,21,14,1,0,4,2,2,"A,K","4,K"
3b03ebe0,flat,9,25,1024,1049,25,W,19,23,0,0,Q,3,3,"K,2,7","Q,3,K"
3b03ebe0,flat,10,25,1049,1024,-25,L,26,12,0,0,10,4,2,"8,7,A,J","10,2"
3b03ebe0,flat,11,25,1024,974,-50,L,18,19,0,0,3,3,3,"7,3,8","3,J,6"
3b03ebe0,flat,12,25,974,1024,50,W,16,24,0,0,4,3,3,"2,9,5","4,K,J"
3b03ebe0,flat,13,25,1024,1049,25,W,15,22,0,0,6,2,3,"4,A","6,Q,6"
3b03ebe0,flat,14,25,1049,1024,-25,L,19,20,0,0,J,3,2,"7,2,J","J,J"
3b03ebe0,flat,15,25,1024,1049,25,W,19,17,0,0,7,3,2,"J,5,4","7,10"
3b03ebe0,flat,16,25,1049,1024,-25,L,22,14,0,0,10,3,2,"10,2,10","10,4"
3b03ebe0,flat,17,25,1024,999,-25,L,17,19,0,0,7,3,3,"3,K,4","7,2,J"
3b03ebe0,flat,18,25,999,974,-25,L,14,21,0,1,A,2,2,"8,6","A,J"
c3c8841f,flat,1,25,1000,1000,0,P,19,19,0,0,A,3,2,"6,8,5","A,8"
c3c8841f,flat,2,25,1000,1025,25,W,21,20,0,0,Q,3,2,"4,9,8","Q,J"
c3c8841f,flat,3,25,1025,1050,25,W,21,20,0,0,7,3,5,"3,Q,8","7,2,4,2,5"
c3c8841f,flat,4,25,1050,1075,25,W,21,23,0,0,J,3,3,"2,A,8","J,3,Q"
c3c8841f,flat,5,25,1075,1100,25,W,15,22,0,0,5,2,3,"K,5","5,Q,7"
c3c8841f,flat,6,25,1100,1075,-25,L,26,14,0,0,7,4,2,"4,5,7,K","7,7"
c3c8841f,flat,7,25,1075,1100,25,W,17,25,0,0,6,2,3,"6,A","6,J,9"
c3c8841f,flat,8,25,1100,1125,25,W,21,17,0,0,9,3,3,"2,10,9","9,4,4"
c3c8841f,flat,9,25,1125,1100,-25,L,17,20,0,0,9,3,2,"4,K,3","9,A"
c3c8841f,flat,10,25,1100,1075,-25,L,23,18,0,0,9,3,2,"J,6,7","9,9"
c3c8841f,flat,11,25,1075,1075,0,P,20,20,0,0,K,2,2,"K,10","K,10"
c3c8841f,flat,12,25,1075,1075,0,P,18,18,0,0,4,2,3,"8,K","4,4,K"
c3c8841f,flat,13,25,1075,1050,-25,L,16,20,0,0,4,2,3,"6,J","4,A,5"
c3c8841f,flat,14,25,1050,1050,0,P,18,18,0,0,9,4,4,"7,2,2,7","9,2,5,2"
c3c8841f,flat,15,25,1050,1075,25,W,18,26,0,0,8,2,3,"8,J","8,8,K"
c3c8841f,flat,16,25,1075,1050,-25,L,16,17,0,0,3,2,4,"5,A","3,2,3,9"
c3c8841f,flat,17,25,1050,1075,25,W,20,18,0,0,10,2,2,"Q,J","10,8"
c3c8841f,flat,18,25,1075,1100,25,W,20,26,0,0,10,2,3,"9,A","10,6,J"
cc22f693,flat,1,25,1000,1037,37,W,21,17,1,0,7,2,2,"A,K","7,Q"
cc22f693,flat,2,25,1037,1012,-25,L,18,20,0,0,J,2,2,"9,9","J,10"
cc22f693,flat,3,25,1012,1037,25,W,20,23,0,0,6,2,6,"10,J","6,5,A,A,2,8"
cc22f693,flat,4,25,1037,1012,-25,L,20,21,0,0,6,2,4,"J,Q","6,4,4,7"
cc22f693,flat,5,25,1012,1012,0,P,20,20,0,0,Q,2,2,"Q,Q","Q,K"
cc22f693,flat,6,25,1012,1037,25,W,19,18,0,0,2,2,4,"8,A","2,6,5,5"
cc22f693,flat,7,25,1037,1012,-25,L,23,16,0,0,10,3,2,"3,Q,K","10,6"
cc22f693,flat,8,25,1012,1037,25,W,19,18,0,0,K,4,2,"7,8,A,3","K,8"
cc22f693,flat,9,25,1037,987,-50,L,12,18,0,0,7,3,2,"7,3,2","7,A"
cc22f693,flat,10,25,987,1012,25,W,21,17,0,0,7,3,2,"J,6,5","7,10"
cc22f693,flat,11,25,1012,1037,25,W,18,24,0,0,A,4,5,"2,A,J,5","A,2,J,A,J"
cc22f693,flat,12,25,1037,1012,-25,L,13,17,0,0,5,2,3,"Q,3","5,5,7"
cc22f693,flat,13,25,1012,987,-25,L,14,20,0,0,5,3,3,"3,3,8","5,5,K"
cc22f693,flat,14,25,987,962,-25,L,15,19,0,0,2,2,3,"Q,5","2,9,8"
cc22f693,flat,15,25,962,937,-25,L,18,19,0,0,6,2,6,"10,8","6,3,2,2,2,4"
cc22f693,flat,16,25,937,912,-25,L,12,21,0,1,A,2,2,"K,2","A,K"
cc22f693,flat,17,25,912,887,-25,L,18,21,0,0,4,4,3,"3,3,4,8","4,9,8"
cc22f693,flat,18,25,887,912,25,W,20,22,0,0,Q,4,3,"4,5,4,7","Q,2,Q"
89cfcf84,flat,1,25,1000,975,-25,L,25,18,0,0,K,3,2,"K,5,J","K,8"
89cfcf84,flat,2,25,975,1000,25,W,13,24,0,0,6,2,3,"3,K","6,8,J"
89cfcf84,flat,3,25,1000,950,-50,L,18,20,0,0,2,3,3,"8,2,8","2,Q,8"
89cfcf84,flat,4,25,950,987,37,W,21,19,1,0,A,2,2,"A,10","A,8"
89cfcf84,flat,5,25,987,987,0,P,17,17,0,0,5,2,3,"10,7","5,7,5"
89cfcf84,flat,6,25,987,1012,25,W,17,23,0,0,4,2,3,"7,Q","4,9,Q"
89cfcf84,flat,7,25,1012,987,-25,L,18,20,0,0,7,2,4,"J,8","7,3,4,6"
89cfcf84,flat,8,25,987,962,-25,L,25,15,0,0,9,6,2,"2,2,7,A,3,10","9,6"
89cfcf84,flat,9,25,962,937,-25,L,19,20,0,0,6,2,3,"9,K","6,Q,4"
89cfcf84,flat,10,25,937,962,25,W,17,24,0,0,10,2,3,"7,K","10,4,10"
89cfcf84,flat,11,25,962,962,0,P,19,19,0,0,8,3,2,"3,6,Q","8,A"
89cfcf84,flat,12,25,962,937,-25,L,26,12,0,0,J,5,2,"2,K,A,3,K","J,2"
89cfcf84,flat,13,25,937,912,-25,L,13,20,0,0,5,3,4,"3,5,5","5,A,9,5"
89cfcf84,flat,14,25,912,937,25,W,17,25,0,0,5,2,3,"7,Q","5,Q,Q"
89cfcf84,flat,15,25,937,912,-25,L,24,17,0,0,10,3,2,"Q,4,J","10,7"
89cfcf84,flat,16,25,912,937,25,W,18,23,0,0,7,2,3,"8,Q","7,6,K"
89cfcf84,flat,17,25,937,887,-50,L,15,17,0,0,4,3,3,"8,3,4","4,3,K"
89cfcf84,flat,18,25,887,862,-25,L,17,20,0,0,A,2,3,"9,8","A,4,5"
176425f8,flat,1,25,1000,1025,25,W,18,17,0,0,Q,4,3,"Q,2,3,3","Q,6,A"
176425f8,flat,2,25,1025,1000,-25,L,24,18,0,0,8,3,2,"7,9,8","8,K"
176425f8,flat,3,25,1000,975,-25,L,13,21,0,0,6,2,4,"4,9","6,9,A,5"
176425f8,flat,4,25,975,950,-25,L,17,20,0,0,4,2,4,"10,7","4,5,2,9"
176425f8,flat,5,25,950,925,-25,L,24,17,0,0,Q,3,2,"Q,4,K","Q,7"
176425f8,flat,6,25,925,975,50,W,20,17,0,0,5,3,4,"3,6,A","5,2,4,6"
176425f8,flat,7,25,975,950,-25,L,26,10,0,0,7,4,2,"10,4,2,J","7,3"
176425f8,flat,8,25,950,925,-25,L,17,19,0,0,9,2,3,"7,J","9,5,5"
176425f8,flat,9,25,925,950,25,W,18,26,0,0,6,2,3,"9,9","6,K,Q"
176425f8,flat,10,25,950,975,25,W,21,20,0,0,K,3,2,"2,8,A","K,10"
176425f8,flat,11,25,975,1000,25,W,20,17,0,0,3,2,3,"J,K","3,K,4"
176425f8,flat,12,25,1000,1025,25,W,21,19,0,0,4,4,5,"3,5,2,A","4,3,2,6,4"
176425f8,flat,13,25,1025,1000,-25,L,14,19,0,0,3,2,5,"5,9","3,A,9,3,3"
176425f8,flat,14,25,1000,1000,0,P,17,17,0,0,8,2,3,"9,8","8,3,6"
176425f8,flat,15,25,1000,975,-25,L,19,20,0,0,K,4,2,"4,2,3,J","K,K"
176425f8,flat,16,25,975,1000,25,W,12,23,0,0,5,2,4,"J,2","5,4,6,8"
176425f8,flat,17,25,1000,1025,25,W,18,22,0,0,2,2,4,"7,A","2,K,3,7"
176425f8,flat,18,25,1025,1000,-25,L,17,18,0,0,J,3,2,"K,6,A","J,8"
dc6bd61b,flat,1,25,1000,975,-25,L,18,19,0,0,A,3,4,"4,K,4","A,2,9,7"
dc6bd61b,flat,2,25,975,975,0,P,20,20,0,0,J,3,2,"J,5,5","J,K"
dc6bd61b,flat,3,25,975,950,-25,L,14,18,0,0,4,2,3,"9,5","4,10,4"
dc6bd61b,flat,4,25,950,950,0,P,20,20,0,0,2,2,3,"J,J","2,8,10"
dc6bd61b,flat,5,25,950,975,25,W,19,17,0,0,7,5,2,"4,4,5,3,3","7,J"
dc6bd61b,flat,6,25,975,1000,25,W,20,17,0,0,7,3,3,"3,J,7","7,9,A"
dc6bd61b,flat,7,25,1000,975,-25,L,13,21,0,0,5,2,3,"8,5","5,7,9"
dc6bd61b,flat,8,25,975,950,-25,L,24,18,0,0,9,4,2,"2,3,9,J","9,9"
dc6bd61b,flat,9,25,950,925,-25,L,17,18,0,0,9,2,4,"10,7","9,4,2,3"
dc6bd61b,flat,10,25,925,900,-25,L,17,20,0,0,J,2,2,"7,10","J,J"
dc6bd61b,flat,11,25,900,875,-25,L,25,15,0,0,7,3,2,"Q,5,10","7,8"
dc6bd61b,flat,12,25,875,912,37,W,21,9,1,0,6,2,2,"A,K","6,3"
dc6bd61b,flat,13,25,912,887,-25,L,13,20,0,0,2,2,4,"6,7","2,4,3,A"
dc6bd61b,flat,14,25,887,887,0,P,20,20,0,0,J,2,2,"10,10","J,Q"
dc6bd61b,flat,15,25,887,862,-25,L,25,20,0,0,K,5,2,"8,5,A,A,Q","K,10"
dc6bd61b,flat,16,25,862,837,-25,L,17,19,0,0,5,2,3,"10,7","5,J,4"
dc6bd61b,flat,17,25,837,812,-25,L,15,21,0,1,A,2,2,"5,10","A,10"
dc6bd61b,flat,18,25,812,787,-25,L,24,15,0,0,9,3,2,"6,K,8","9,6"
673f7cb6,flat,1,25,1000,1025,25,W,16,25,0,0,5,3,5,"3,3,10","5,8,A,A,J"
673f7cb6,flat,2,25,1025,1000,-25,L,13,21,0,0,2,2,3,"A,2","2,A,8"
673f7cb6,flat,3,25,1000,975,-25,L,14,21,0,0,2,3,3,"3,2,9","2,J,9"
673f7cb6,flat,4,25,975,975,0,P,20,20,0,0,J,2,2,"Q,Q","J,K"
673f7cb6,flat,5,25,975,975,0,P,20,20,0,0,10,2,2,"K,K","10,K"
673f7cb6,flat,6,25,975,975,0,P,20,20,0,0,J,2,3,"K,10","J,6,4"
673f7cb6,flat,7,25,975,950,-25,L,13,21,0,0,4,2,3,"A,2","4,J,7"
673f7cb6,flat,8,25,950,925,-25,L,25,18,0,0,K,4,2,"A,4,10,10","K,8"
673f7cb6,flat,9,25,925,900,-25,L,23,12,0,0,Q,3,2,"5,8,10","Q,2"
673f7cb6,flat,10,25,900,875,-25,L,22,14,0,0,7,3,2,"3,9,Q","7,7"
673f7cb6,flat,11,25,875,850,-25,L,16,21,0,0,3,2,3,"Q,6","3,J,8"
673f7cb6,flat,12,25,850,825,-25,L,26,10,0,0,7,4,2,"5,8,3,10","7,3"
673f7cb6,flat,13,25,825,800,-25,L,26,10,0,0,8,4,2,"J,4,2,10","8,2"
673f7cb6,flat,14,25,800,775,-25,L,15,18,0,0,5,2,3,"A,4","5,Q,3"
673f7cb6,flat,15,25,775,750,-25,L,15,19,0,0,5,2,3,"4,A","5,4,10"
673f7cb6,flat,16,25,750,775,25,W,20,22,0,0,5,2,3,"Q,K","5,8,9"
673f7cb6,flat,17,25,775,750,-25,L,16,20,0,0,4,2,3,"6,J","4,K,6"
673f7cb6,flat,18,25,750,775,25,W,20,19,0,0,Q,2,2,"A,9","Q,9"
2e65e465,flat,1,25,1000,1025,25,W,18,17,0,0,7,3,2,"6,2,J","7,K"
2e65e465,flat,2,25,1025,1050,25,W,17,24,0,0,5,3,4,"4,4,9","5,6,3,J"
2e65e465,flat,3,25,1050,1025,-25,L,22,20,0,0,Q,3,2,"K,2,10","Q,K"
2e65e465,flat,4,25,1025,1000,-25,L,18,19,0,0,A,2,2,"Q,8","A,8"
2e65e465,flat,5,25,1000,1025,25,W,18,17,0,0,Q,3,3,"5,J,3","Q,2,5"
2e65e465,flat,6,25,1025,975,-50,L,19,21,0,0,4,3,3,"2,7,K","4,7,J"
2e65e465,flat,7,25,975,950,-25,L,19,20,0,0,K,4,3,"A,2,Q,6","K,6,4"
2e65e465,flat,8,25,950,925,-25,L,18,19,0,0,9,2,2,"9,9","9,10"
2e65e465,flat,9,25,925,900,-25,L,22,7,0,0,3,3,2,"2,Q,10","3,4"
2e65e465,flat,10,25,900,925,25,W,12,22,0,0,4,3,3,"4,3,5","4,8,J"
2e65e465,flat,11,25,925,875,-50,L,12,17,0,0,5,3,3,"7,2,3","5,A,A"
2e65e465,flat,12,25,875,900,25,W,20,22,0,0,K,2,3,"J,Q","K,2,K"
2e65e465,flat,13,25,900,875,-25,L,8,21,0,1,10,2,2,"4,4","10,A"
2e65e465,flat,14,25,875,850,-25,L,26,18,0,0,A,3,2,"J,6,Q","A,7"
2e65e465,flat,15,25,850,825,-25,L,16,18,0,0,2,2,4,"10,6","2,3,3,K"
2e65e465,flat,16,25,825,850,25,W,19,18,0,0,8,3,2,"7,8,4","8,J"
2e65e465,flat,17,25,850,850,0,P,18,18,0,0,9,3,4,"10,2,6","9,2,A,6"
2e65e465,flat,18,25,850,875,25,W,20,19,0,0,5,2,3,"J,Q","5,3,A"
8633a79d,flat,1,25,1000,975,-25,L,18,20,0,0,K,3,2,"5,Q,3","K,K"
8633a79d,flat,2,25,975,950,-25,L,15,17,0,0,4,2,4,"6,9","4,3,6,4"
8633a79d,flat,3,25,950,925,-25,L,16,21,0,0,4,2,5,"J,6","4,6,2,4,5"
8633a79d,flat,4,25,925,900,-25,L,23,12,0,0,J,3,2,"9,4,Q","J,2"
8633a79d,flat,5,25,900,925,25,W,15,25,0,0,6,2,3,"8,7","6,9,J"
8633a79d,flat,6,25,925,900,-25,L,20,21,0,0,A,2,3,"J,K","A,4,6"
8633a79d,flat,7,25,900,950,50,W,19,22,0,0,4,3,3,"4,5,K","4,8,J"
8633a79d,flat,8,25,950,987,37,W,21,12,1,0,2,2,2,"10,A","2,Q"
8633a79d,flat,9,25,987,962,-25,L,17,20,0,0,10,2,2,"7,J","10,Q"
8633a79d,flat,10,25,962,912,-50,L,11,19,0,0,3,3,4,"5,4,2","3,6,4,6"
8633a79d,flat,11,25,912,962,50,W,21,20,0,0,2,3,3,"4,7,10","2,Q,8"
8633a79d,flat,12,25,962,937,-25,L,13,20,0,0,2,2,3,"3,Q","2,Q,8"
8633a79d,flat,13,25,937,962,25,W,13,25,0,0,3,2,4,"5,8","3,2,J,Q"
8633a79d,flat,14,25,962,937,-25,L,23,20,0,0,9,4,2,"2,A,K,Q","9,A"
8633a79d,flat,15,25,937,937,0,P,18,18,0,0,J,3,2,"6,3,9","J,8"
8633a79d,flat,16,25,937,962,25,W,20,19,0,0,5,2,4,"K,10","5,6,2,6"
8633a79d,flat,17,25,962,962,0,P,18,18,0,0,4,2,3,"8,Q","4,3,A"
8633a79d,flat,18,25,962,987,25,W,20,18,0,0,3,2,4,"J,J","3,6,4,5"
9ebb2a1c,flat,1,25,1000,975,-25,L,15,21,0,1,Q,2,2,"9,6","Q,A"
9ebb2a1c,flat,2,25,975,925,-50,L,16,17,0,0,7,3,2,"8,3,5","7,10"
9ebb2a1c,flat,3,25,925,950,25,W,20,23,0,0,2,2,4,"Q,J","2,A,10,10"
9ebb2a1c,flat,4,25,950,1000,50,W,20,19,0,0,9,3,3,"4,7,9","9,2,8"
9ebb2a1c,flat,5,25,1000,1025,25,W,20,24,0,0,8,2,4,"K,J","8,4,2,10"
9ebb2a1c,flat,6,25,1025,1000,-25,L,20,21,0,1,Q,2,2,"J,Q","Q,A"
9ebb2a1c,flat,7,25,1000,975,-25,L,14,19,0,0,6,2,3,"4,10","6,2,A"
9ebb2a1c,flat,8,25,975,950,-25,L,12,20,0,0,4,2,3,"6,6","4,K,6"
9ebb2a1c,flat,9,25,950,925,-25,L,22,16,0,0,7,3,2,"2,J,Q","7,9"
9ebb2a1c,flat,10,25,925,900,-25,L,17,20,0,0,K,3,2,"5,Q,2","K,10"
9ebb2a1c,flat,11,25,900,925,25,W,19,22,0,0,A,3,4,"6,8,5","A,4,9,8"
9ebb2a1c,flat,12,25,925,900,-25,L,17,19,0,0,A,3,2,"8,5,4","A,8"
9ebb2a1c,flat,13,25,900,850,-50,L,16,20,0,0,Q,3,2,"7,4,5","Q,J"
9ebb2a1c,flat,14,25,850,875,25,W,18,17,0,0,10,2,2,"8,Q","10,7"
9ebb2a1c,flat,15,25,875,825,-50,L,17,20,0,0,K,3,2,"6,5,6","K,K"
9ebb2a1c,flat,16,25,825,850,25,W,21,17,0,0,J,3,2,"7,3,A","J,7"
9ebb2a1c,flat,17,25,850,825,-25,L,14,17,0,0,3,2,3,"5,9","3,Q,4"
9ebb2a1c,flat,18,25,825,850,25,W,21,24,0,0,K,4,3,"5,3,4,9","K,4,10"
b99922f8,flat,1,25,1000,1025,25,W,20,22,0,0,2,2,3,"J,10","2,K,Q"
b99922f8,flat,2,25,1025,1000,-25,L,17,21,0,0,2,2,4,"7,10","2,8,2,9"
b99922f8,flat,3,25,1000,1000,0,P,20,20,0,0,Q,2,2,"10,J","Q,10"
b99922f8,flat,4,25,1000,1025,25,W,17,23,0,0,6,2,3,"7,J","6,7,10"
b99922f8,flat,5,25,1025,1000,-25,L,19,20,0,0,8,3,3,"5,J,4","8,2,Q"
b99922f8,flat,6,25,1000,1025,25,W,20,18,0,0,8,3,2,"5,4,A","8,J"
b99922f8,flat,7,25,1025,1050,25,W,20,18,0,0,Q,4,4,"4,2,4,J","Q,3,3,2"
b99922f8,flat,8,25,1050,1075,25,W,19,17,0,0,Q,3,2,"9,5,5","Q,7"
b99922f8,flat,9,25,1075,1100,25,W,20,17,0,0,7,3,2,"J,4,6","7,10"
b99922f8,flat,10,25,1100,1075,-25,L,18,20,0,0,J,3,2,"10,2,6","J,J"
b99922f8,flat,11,25,1075,1112,37,W,21,7,1,0,3,2,2,"K,A","3,4"
b99922f8,flat,12,25,1112,1137,25,W,18,23,0,0,10,2,3,"10,8","10,6,7"
b99922f8,flat,13,25,1137,1112,-25,L,17,20,0,0,10,2,2,"7,Q","10,J"
b99922f8,flat,14,25,1112,1137,25,W,19,22,0,0,3,2,3,"J,9","3,9,K"
b99922f8,flat,15,25,1137,1087,-50,L,12,20,0,0,9,3,2,"6,5,A","9,A"
b99922f8,flat,16,25,1087,1124,37,W,21,18,1,0,8,2,2,"K,A","8,K"
b99922f8,flat,17,25,1124,1149,25,W,19,24,0,0,6,2,3,"9,J","6,Q,8"
b99922f8,flat,18,25,1149,1199,50,W,21,20,0,0,Q,3,2,"3,8,10","Q,J"
ed8df1dc,flat,1,25,1000,975,-25,L,19,20,0,0,Q,2,2,"J,9","Q,Q"
ed8df1dc,flat,2,25,975,950,-25,L,25,19,0,0,A,3,2,"6,9,K","A,8"
ed8df1dc,flat,3,25,950,975,25,W,20,25,0,0,8,2,3,"K,10","8,7,Q"
ed8df1dc,flat,4,25,975,1000,25,W,20,23,0,0,3,2,4,"Q,K","3,3,K,7"
ed8df1dc,flat,5,25,1000,1025,25,W,18,17,0,0,6,2,2,"10,8","6,A"
ed8df1dc,flat,6,25,1025,1050,25,W,19,17,0,0,7,4,2,"7,5,A,6","7,J"
ed8df1dc,flat,7,25,1050,1025,-25,L,22,20,0,0,J,3,2,"10,3,9","J,Q"
ed8df1dc,flat,8,25,1025,1050,25,W,19,24,0,0,7,2,4,"9,K","7,3,4,Q"
ed8df1dc,flat,9,25,1050,1025,-25,L,8,21,0,1,A,2,2,"5,3","A,10"
ed8df1dc,flat,10,25,1025,1050,25,W,20,18,0,0,Q,3,2,"8,6,6","Q,8"
ed8df1dc,flat,11,25,1050,1025,-25,L,17,18,0,0,7,4,2,"7,2,3,5","7,A"
ed8df1dc,flat,12,25,1025,1050,25,W,19,25,0,0,5,2,3,"10,9","5,K,K"
ed8df1dc,flat,13,25,1050,1075,25,W,20,26,0,0,8,4,3,"6,3,2,9","8,8,K"
ed8df1dc,flat,14,25,1075,1112,37,W,21,19,1,0,9,2,2,"J,A","9,J"
ed8df1dc,flat,15,25,1112,1112,0,P,17,17,0,0,8,4,3,"4,2,2,9","8,2,7"
ed8df1dc,flat,16,25,1112,1087,-25,L,17,20,0,0,10,4,2,"3,A,A,2","10,Q"
ed8df1dc,flat,17,25,1087,1112,25,W,18,22,0,0,9,3,3,"8,8,2","9,3,Q"
ed8df1dc,flat,18,25,1112,1087,-25,L,17,20,0,0,8,3,3,"K,3,4","8,8,4"
1fbe2985,flat,1,25,1000,1025,25,W,16,24,0,0,3,2,4,"9,7","3,3,8,Q"
1fbe2985,flat,2,25,1025,1000,-25,L,12,21,0,1,10,2,2,"9,3","10,A"
1fbe2985,flat,3,25,1000,1025,25,W,20,19,0,0,10,2,2,"J,10","10,9"
1fbe2985,flat,4,25,1025,1050,25,W,12,25,0,0,6,2,3,"7,5","6,9,10"
1fbe2985,flat,5,25,1050,1025,-25,L,22,19,0,0,Q,3,2,"2,J,J","Q,9"
1fbe2985,flat,6,25,1025,1050,25,W,19,17,0,0,4,2,3,"9,10","4,8,5"
1fbe2985,flat,7,25,1050,1025,-25,L,25,18,0,0,9,3,2,"6,10,9","9,9"
1fbe2985,flat,8,25,1025,1075,50,W,18,24,0,0,J,3,3,"6,5,7","J,4,J"
1fbe2985,flat,9,25,1075,1100,25,W,20,17,0,0,2,2,4,"Q,K","2,J,4,A"
1fbe2985,flat,10,25,1100,1075,-25,L,18,20,0,0,9,3,3,"J,6,2","9,7,4"
1fbe2985,flat,11,25,1075,1075,0,P,20,20,0,0,J,2,2,"K,Q","J,K"
1fbe2985,flat,12,25,1075,1112,37,W,21,15,1,0,8,2,2,"A,10","8,7"
1fbe2985,flat,13,25,1112,1087,-25,L,12,19,0,0,6,2,3,"2,Q","6,10,3"
1fbe2985,flat,14,25,1087,1112,25,W,21,20,0,0,J,3,2,"J,4,7","J,J"
1fbe2985,flat,15,25,1112,1149,37,W,21,4,1,0,2,2,2,"A,K","2,2"
1fbe2985,flat,16,25,1149,1174,25,W,18,26,0,0,2,2,4,"7,A","2,4,J,J"
1fbe2985,flat,17,25,1174,1149,-25,L,16,21,0,1,A,2,2,"10,6","A,J"
1fbe2985,flat,18,25,1149,1124,-25,L,26,19,0,0,8,3,2,"7,9,10","8,A"
3046b7b2,flat,1,25,1000,1050,50,W,21,19,0,0,K,3,2,"8,3,K","K,9"
3046b7b2,flat,2,25,1050,1075,25,W,20,19,0,0,8,2,3,"J,K","8,7,4"
3046b7b2,flat,3,25,1075,1050,-25,L,17,19,0,0,9,3,2,"6,7,4","9,J"
3046b7b2,flat,4,25,1050,1025,-25,L,14,21,0,1,10,2,2,"4,J","10,A"
3046b7b2,flat,5,25,1025,1050,25,W,20,26,0,0,2,2,4,"J,Q","2,4,K,K"
3046b7b2,flat,6,25,1050,1075,25,W,20,19,0,0,6,2,3,"10,10","6,3,J"
3046b7b2,flat,7,25,1075,1050,-25,L,18,19,0,0,9,3,2,"2,Q,6","9,10"
3046b7b2,flat,8,25,1050,1025,-25,L,22,13,0,0,Q,3,2,"2,K,Q","Q,3"
3046b7b2,flat,9,25,1025,1000,-25,L,26,12,0,0,8,3,2,"6,K,K","8,4"
3046b7b2,flat,10,25,1000,1025,25,W,21,20,0,0,K,3,2,"7,6,8","K,10"
3046b7b2,flat,11,25,1025,1050,25,W,21,17,0,0,7,5,2,"2,2,5,3,9","7,Q"
3046b7b2,flat,12,25,1050,1025,-25,L,17,18,0,0,3,3,3,"6,2,9","3,A,4"
3046b7b2,flat,13,25,1025,1050,25,W,18,23,0,0,2,2,4,"8,10","2,2,9,10"
3046b7b2,flat,14,25,1050,1025,-25,L,16,19,0,0,5,2,3,"8,8","5,10,4"
3046b7b2,flat,15,25,1025,1062,37,W,21,10,1,0,3,2,2,"A,10","3,7"
3046b7b2,flat,16,25,1062,1062,0,P,20,20,0,0,10,4,3,"3,3,4,J","10,6,4"
3046b7b2,flat,17,25,1062,1012,-50,L,17,19,0,0,2,3,3,"5,6,6","2,8,9"
3046b7b2,flat,18,25,1012,1049,37,W,21,8,1,0,2,2,2,"A,10","2,6"
27c23ae4,flat,1,25,1000,975,-25,L,14,17,0,0,6,2,3,"4,J","6,Q,A"
27c23ae4,flat,2,25,975,1000,25,W,20,25,0,0,5,2,5,"K,10","5,4,2,4,J"
27c23ae4,flat,3,25,1000,975,-25,L,13,17,0,0,5,3,3,"5,3,5","5,4,8"
27c23ae4,flat,4,25,975,1025,50,W,12,24,0,0,8,3,3,"3,7,2","8,7,9"
27c23ae4,flat,5,25,1025,1000,-25,L,26,18,0,0,9,4,2,"5,K,A,10","9,9"
27c23ae4,flat,6,25,1000,1000,0,P,20,20,0,0,J,2,2,"10,K","J,J"
27c23ae4,flat,7,25,1000,950,-50,L,15,20,0,0,7,3,3,"4,7,4","7,7,6"
27c23ae4,flat,8,25,950,925,-25,L,25,13,0,0,7,3,2,"6,9,10","7,6"
27c23ae4,flat,9,25,925,950,25,W,19,18,0,0,8,3,2,"10,2,7","8,10"
27c23ae4,flat,10,25,950,975,25,W,18,17,0,0,K,4,3,"A,2,Q,5","K,2,5"
27c23ae4,flat,11,25,975,1000,25,W,18,23,0,0,4,3,6,"5,3,10","4,5,2,A,A,J"
27c23ae4,flat,12,25,1000,975,-25,L,22,12,0,0,2,3,2,"Q,2,10","2,K"
27c23ae4,flat,13,25,975,1000,25,W,19,17,0,0,Q,3,2,"3,Q,6","Q,7"
27c23ae4,flat,14,25,1000,975,-25,L,14,17,0,0,3,2,3,"Q,4","3,4,Q"
27c23ae4,flat,15,25,975,1000,25,W,19,23,0,0,8,4,3,"3,2,3,A","8,5,K"
27c23ae4,flat,16,25,1000,1025,25,W,18,26,0,0,2,2,5,"8,10","2,J,A,3,10"
27c23ae4,flat,17,25,1025,975,-50,L,20,21,0,0,2,3,3,"8,3,9","2,9,10"
27c23ae4,flat,18,25,975,975,0,P,17,17,0,0,5,2,3,"7,Q","5,2,K"
f886bbce,flat,1,25,1000,1050,50,W,21,18,0,0,5,3,4,"6,5,K","5,2,5,6"
f886bbce,flat,2,25,1050,1050,0,P,20,20,0,0,3,2,3,"J,K","3,Q,7"
f886bbce,flat,3,25,1050,1075,25,W,21,23,0,0,9,3,3,"Q,2,9","9,4,J"
f886bbce,flat,4,25,1075,1050,-25,L,18,20,0,0,Q,2,2,"8,J","Q,10"
f886bbce,flat,5,25,1050,1025,-25,L,26,20,0,0,Q,3,2,"6,J,K","Q,K"
f886bbce,flat,6,25,1025,1000,-25,L,23,10,0,0,8,4,2,"9,3,A,10","8,2"
f886bbce,flat,7,25,1000,975,-25,L,18,21,0,0,10,3,4,"3,5,10","10,2,4,5"
f886bbce,flat,8,25,975,1012,37,W,21,18,1,0,7,2,2,"10,A","7,A"
f886bbce,flat,9,25,1012,962,-50,L,19,20,0,0,5,3,3,"4,5,Q","5,J,5"
f886bbce,flat,10,25,962,987,25,W,21,24,0,0,A,3,4,"Q,5,6","A,3,10,K"
f886bbce,flat,11,25,987,1012,25,W,20,25,0,0,A,4,5,"3,3,4,J","A,4,Q,A,9"
f886bbce,flat,12,25,1012,1062,50,W,19,25,0,0,4,3,4,"5,6,8","4,J,A,Q"
f886bbce,flat,13,25,1062,1087,25,W,17,24,0,0,9,2,3,"K,7","9,7,8"
f886bbce,flat,14,25,1087,1062,-25,L,23,17,0,0,A,3,2,"Q,3,Q","A,6"
f886bbce,flat,15,25,1062,1062,0,P,20,20,0,0,J,2,2,"Q,J","J,K"
f886bbce,flat,16,25,1062,1037,-25,L,13,21,0,0,3,2,3,"2,A","3,7,A"
f886bbce,flat,17,25,1037,1062,25,W,19,17,0,0,J,2,3,"K,9","J,4,3"
f886bbce,flat,18,25,1062,1062,0,P,20,20,0,0,Q,3,2,"7,3,Q","Q,Q"
172263b7,flat,1,25,1000,975,-25,L,19,20,0,0,10,4,3,"K,2,A,6","10,3,7"
172263b7,flat,2,25,975,1000,25,W,13,24,0,0,4,2,3,"2,A","4,10,K"
172263b7,flat,3,25,1000,975,-25,L,18,19,0,0,8,2,3,"8,J","8,6,5"
172263b7,flat,4,25,975,950,-25,L,26,14,0,0,A,3,2,"J,6,J","A,3"
172263b7,flat,5,25,950,925,-25,L,14,19,0,0,6,2,5,"7,7","6,3,4,2,4"
172263b7,flat,6,25,925,900,-25,L,13,21,0,0,5,2,3,"9,4","5,10,6"
172263b7,flat,7,25,900,925,25,W,20,19,0,0,10,2,3,"10,10","10,3,6"
172263b7,flat,8,25,925,900,-25,L,17,19,0,0,3,2,4,"9,8","3,A,K,5"
172263b7,flat,9,25,900,937,37,W,21,10,1,0,2,2,2,"J,A","2,8"
172263b7,flat,10,25,937,962,25,W,20,24,0,0,J,2,4,"Q,K","J,4,A,9"
172263b7,flat,11,25,962,937,-25,L,14,17,0,0,3,2,3,"4,Q","3,4,J"
172263b7,flat,12,25,937,912,-25,L,25,18,0,0,8,3,2,"5,K,Q","8,10"
172263b7,flat,13,25,912,862,-50,L,15,20,0,0,7,3,3,"3,7,5","7,3,Q"
172263b7,flat,14,25,862,837,-25,L,15,17,0,0,6,4,3,"2,2,5,6","6,6,5"
172263b7,flat,15,25,837,874,37,W,21,12,1,0,2,2,2,"Q,A","2,J"
172263b7,flat,16,25,874,849,-25,L,24,14,0,0,8,3,2,"5,J,9","8,6"
172263b7,flat,17,25,849,874,25,W,21,20,0,0,10,3,3,"6,J,5","10,3,7"
172263b7,flat,18,25,874,911,37,W,21,12,1,0,2,2,2,"K,A","2,10"
2524a577,flat,1,25,1000,1025,25,W,18,24,0,0,K,2,3,"10,8","K,4,10"
2524a577,flat,2,25,1025,1075,50,W,21,22,0,0,4,3,3,"7,4,10","4,8,10"
2524a577,flat,3,25,1075,1050,-25,L,16,18,0,0,5,2,3,"6,10","5,J,3"
2524a577,flat,4,25,1050,1075,25,W,20,17,0,0,3,3,4,"2,Q,8","3,7,2,5"
2524a577,flat,5,25,1075,1050,-25,L,19,20,0,0,K,4,2,"2,6,6,5","K,J"
2524a577,flat,6,25,1050,1025,-25,L,18,21,0,0,10,3,3,"2,10,6","10,6,5"
2524a577,flat,7,25,1025,1000,-25,L,26,20,0,0,J,3,2,"9,7,J","J,Q"
2524a577,flat,8,25,1000,975,-25,L,12,17,0,0,6,2,3,"4,8","6,Q,A"
2524a577,flat,9,25,975,975,0,P,20,20,0,0,A,2,2,"Q,K","A,9"
2524a577,flat,10,25,975,1025,50,W,20,23,0,0,3,3,4,"2,8,K","3,7,3,J"
2524a577,flat,11,25,1025,1000,-25,L,14,21,0,1,K,2,2,"9,5","K,A"
2524a577,flat,12,25,1000,975,-25,L,14,18,0,0,6,2,3,"4,Q","6,9,3"
2524a577,flat,13,25,975,1000,25,W,19,23,0,0,6,2,3,"K,9","6,8,9"
2524a577,flat,14,25,1000,975,-25,L,15,21,0,0,2,2,4,"5,K","2,3,10,6"
2524a577,flat,15,25,975,975,0,P,20,20,0,0,10,2,2,"Q,Q","10,10"
2524a577,flat,16,25,975,1000,25,W,15,24,0,0,4,3,3,"3,2,J","4,J,Q"
2524a577,flat,17,25,1000,950,-50,L,14,20,0,0,K,3,2,"9,2,3","K,Q"
2524a577,flat,18,25,950,925,-25,L,22,16,0,0,J,4,2,"A,2,10,9","J,6"
2e411a25,flat,1,25,1000,1000,0,P,18,18,0,0,8,3,2,"7,8,3","8,10"
2e411a25,flat,2,25,1000,975,-25,L,18,19,0,0,9,2,2,"Q,8","9,10"
2e411a25,flat,3,25,975,1012,37,W,21,20,1,0,10,2,2,"A,K","10,K"
2e411a25,flat,4,25,1012,987,-25,L,14,21,0,0,6,3,4,"2,2,Q","6,9,A,5"
2e411a25,flat,5,25,987,962,-25,L,26,17,0,0,7,3,2,"K,6,10","7,Q"
2e411a25,flat,6,25,962,962,0,P,21,21,1,1,A,2,2,"A,K","A,J"
2e411a25,flat,7,25,962,987,25,W,17,22,0,0,10,3,3,"5,3,9","10,2,Q"
2e411a25,flat,8,25,987,962,-25,L,22,4,0,0,2,3,2,"3,9,Q","2,2"
2e411a25,flat,9,25,962,987,25,W,18,22,0,0,9,2,3,"K,8","9,3,K"
2e411a25,flat,10,25,987,962,-25,L,26,20,0,0,J,3,2,"9,7,Q","J,Q"
2e411a25,flat,11,25,962,987,25,W,18,23,0,0,10,3,3,"9,5,4","10,3,10"
2e411a25,flat,12,25,987,1037,50,W,12,23,0,0,6,3,3,"7,4,A","6,7,Q"
2e411a25,flat,13,25,1037,1012,-25,L,15,18,0,0,4,2,3,"5,J","4,4,K"
2e411a25,flat,14,25,1012,1037,25,W,18,24,0,0,7,3,4,"K,4,4","7,6,2,9"
2e411a25,flat,15,25,1037,1062,25,W,21,20,0,0,K,3,2,"9,6,6","K,10"
2e411a25,flat,16,25,1062,1087,25,W,20,25,0,0,10,3,3,"5,A,4","10,5,10"
2e411a25,flat,17,25,1087,1087,0,P,20,20,0,0,10,2,2,"Q,J","10,Q"
2e411a25,flat,18,25,1087,1062,-25,L,15,18,0,0,5,2,4,"8,7","5,5,3,5"
36d2fef5,flat,1,25,1000,1000,0,P,21,21,1,1,A,2,2,"A,K","A,J"
36d2fef5,flat,2,25,1000,975,-25,L,23,15,0,0,J,3,2,"7,6,K","J,5"
36d2fef5,flat,3,25,975,1000,25,W,19,18,0,0,8,3,2,"4,5,K","8,Q"
36d2fef5,flat,4,25,1000,975,-25,L,6,21,0,1,Q,2,2,"3,3","Q,A"
36d2fef5,flat,5,25,975,975,0,P,20,20,0,0,10,3,2,"3,8,9","10,Q"
36d2fef5,flat,6,25,975,950,-25,L,24,16,0,0,K,3,2,"Q,4,Q","K,6"
36d2fef5,flat,7,25,950,975,25,W,18,23,0,0,10,2,3,"A,7","10,3,10"
36d2fef5,flat,8,25,975,1025,50,W,16,25,0,0,2,3,4,"2,9,5","2,4,Q,9"
36d2fef5,flat,9,25,1025,1000,-25,L,13,17,0,0,3,2,4,"5,8","3,A,8,5"
36d2fef5,flat,10,25,1000,975,-25,L,17,19,0,0,10,3,2,"6,J,A","10,9"
36d2fef5,flat,11,25,975,950,-25,L,17,18,0,0,2,3,3,"3,4,10","2,6,10"
36d2fef5,flat,12,25,950,1000,50,W,18,17,0,0,6,3,3,"2,7,9","6,2,9"
36d2fef5,flat,13,25,1000,1000,0,P,18,18,0,0,7,2,4,"J,8","7,7,2,2"
36d2fef5,flat,14,25,1000,975,-25,L,19,20,0,0,K,2,2,"10,9","K,10"
36d2fef5,flat,15,25,975,975,0,P,17,17,0,0,A,2,3,"7,K","A,A,5"
36d2fef5,flat,16,25,975,1025,50,W,19,26,0,0,3,3,5,"4,5,10","3,2,9,2,J"
36d2fef5,flat,17,25,1025,1050,25,W,21,22,0,0,10,3,3,"7,6,8","10,2,10"
36d2fef5,flat,18,25,1050,1087,37,W,21,13,1,0,10,2,2,"A,Q","10,3"
992f93de,flat,1,25,1000,1025,25,W,18,25,0,0,7,2,3,"8,J","7,8,K"
992f93de,flat,2,25,1025,1050,25,W,19,26,0,0,7,3,4,"A,3,5","7,5,4,Q"
992f93de,flat,3,25,1050,1000,-50,L,15,17,0,0,8,3,2,"8,2,5","8,9"
992f93de,flat,4,25,1000,1025,25,W,20,24,0,0,5,2,4,"J,J","5,2,7,K"
992f93de,flat,5,25,1025,1000,-25,L,24,17,0,0,7,5,2,"2,2,A,9,J","7,10"
992f93de,flat,6,25,1000,975,-25,L,26,19,0,0,J,4,2,"4,Q,2,K","J,9"
992f93de,flat,7,25,975,950,-25,L,20,21,0,0,7,2,3,"K,10","7,9,5"
992f93de,flat,8,25,950,925,-25,L,15,21,0,0,6,2,3,"Q,5","6,7,8"
992f93de,flat,9,25,925,900,-25,L,22,17,0,0,7,3,2,"K,6,6","7,K"
992f93de,flat,10,25,900,925,25,W,20,19,0,0,9,2,2,"A,9","9,J"
992f93de,flat,11,25,925,900,-25,L,18,21,0,0,A,5,6,"4,3,3,4,4","A,A,2,A,8,8"
992f93de,flat,12,25,900,875,-25,L,18,20,0,0,K,4,2,"6,8,A,3","K,Q"
992f93de,flat,13,25,875,900,25,W,20,17,0,0,7,3,2,"5,J,5","7,K"
992f93de,flat,14,25,900,950,50,W,20,22,0,0,2,3,4,"5,5,Q","2,9,4,7"
992f93de,flat,15,25,950,925,-25,L,16,17,0,0,6,2,3,"7,9","6,3,8"
992f93de,flat,16,25,925,962,37,W,21,15,1,0,5,2,2,"A,Q","5,K"
992f93de,flat,17,25,962,937,-25,L,24,18,0,0,8,4,2,"2,2,K,10","8,J"
992f93de,flat,18,25,937,937,0,P,19,19,0,0,10,2,2,"Q,9","10,9"
67f9e983,flat,1,25,1000,975,-25,L,23,20,0,0,J,3,2,"6,8,9","J,K"
67f9e983,flat,2,25,975,950,-25,L,17,19,0,0,8,3,2,"3,4,Q","8,A"
67f9e983,flat,3,25,950,950,0,P,21,21,0,0,Q,3,3,"5,6,J","Q,3,8"
67f9e983,flat,4,25,950,975,25,W,21,19,0,0,K,3,2,"K,6,5","K,9"
67f9e983,flat,5,25,975,1000,25,W,20,19,0,0,9,3,2,"10,4,6","9,10"
67f9e983,flat,6,25,1000,1025,25,W,17,26,0,0,A,3,5,"2,10,5","A,4,K,A,Q"
67f9e983,flat,7,25,1025,1050,25,W,20,23,0,0,3,2,3,"10,K","3,J,J"
67f9e983,flat,8,25,1050,1087,37,W,21,13,1,0,5,2,2,"J,A","5,8"
67f9e983,flat,9,25,1087,1112,25,W,13,26,0,0,3,3,5,"9,3,A","3,2,7,4,10"
67f9e983,flat,10,25,1112,1087,-25,L,17,18,0,0,9,2,3,"9,8","9,3,6"
67f9e983,flat,11,25,1087,1112,25,W,12,25,0,0,5,2,3,"6,6","5,K,J"
67f9e983,flat,12,25,1112,1087,-25,L,15,21,0,1,J,2,2,"6,9","J,A"
67f9e983,flat,13,25,1087,1137,50,W,21,18,0,0,2,3,3,"7,4,Q","2,Q,6"
67f9e983,flat,14,25,1137,1112,-25,L,24,17,0,0,Q,3,2,"4,J,J","Q,7"
67f9e983,flat,15,25,1112,1137,25,W,18,24,0,0,8,2,4,"8,K","8,5,2,9"
67f9e983,flat,16,25,1137,1187,50,W,19,25,0,0,6,3,4,"2,7,K","6,5,4,Q"
67f9e983,flat,17,25,1187,1162,-25,L,17,19,0,0,J,2,2,"7,Q","J,9"
67f9e983,flat,18,25,1162,1187,25,W,15,26,0,0,4,2,5,"9,6","4,2,8,2,Q"
1e095c54,flat,1,25,1000,1025,25,W,17,25,0,0,7,2,3,"10,7","7,8,Q"
1e095c54,flat,2,25,1025,1000,-25,L,23,20,0,0,Q,3,2,"4,9,J","Q,K"
1e095c54,flat,3,25,1000,975,-25,L,19,21,0,0,7,3,3,"6,3,Q","7,4,J"
1e095c54,flat,4,25,975,950,-25,L,17,19,0,0,6,3,3,"2,5,Q","6,5,8"
1e095c54,flat,5,25,950,925,-25,L,19,20,0,0,Q,4,2,"A,4,Q,4","Q,10"
1e095c54,flat,6,25,925,900,-25,L,22,17,0,0,7,3,2,"2,J,10","7,Q"
1e095c54,flat,7,25,900,875,-25,L,25,17,0,0,7,3,2,"5,J,K","7,K"
1e095c54,flat,8,25,875,900,25,W,21,24,0,0,10,3,3,"5,K,6","10,4,10"
1e095c54,flat,9,25,900,875,-25,L,26,11,0,0,9,3,2,"J,6,K","9,2"
1e095c54,flat,10,25,875,850,-25,L,16,18,0,0,5,2,3,"6,10","5,10,3"
1e095c54,flat,11,25,850,887,37,W,21,17,1,0,10,2,2,"J,A","10,7"
1e095c54,flat,12,25,887,912,25,W,13,24,0,0,4,2,4,"2,A","4,10,2,8"
1e095c54,flat,13,25,912,949,37,W,21,12,1,0,10,2,2,"Q,A","10,2"
1e095c54,flat,14,25,949,974,25,W,14,23,0,0,3,2,4,"9,5","3,Q,A,9"
1e095c54,flat,15,25,974,999,25,W,18,24,0,0,3,2,4,"K,8","3,5,6,Q"
1e095c54,flat,16,25,999,1024,25,W,21,19,0,0,K,3,2,"2,K,9","K,9"
1e095c54,flat,17,25,1024,999,-25,L,14,17,0,0,5,2,3,"6,8","5,K,2"
1e095c54,flat,18,25,999,1024,25,W,19,22,0,0,9,4,3,"A,5,Q,3","9,4,9"
78093b51,flat,1,25,1000,1037,37,W,21,11,1,0,8,2,2,"J,A","8,3"
78093b51,flat,2,25,1037,1012,-25,L,15,18,0,0,4,2,3,"9,6","4,J,4"
78093b51,flat,3,25,1012,987,-25,L,19,20,0,0,Q,3,2,"5,4,J","Q,Q"
78093b51,flat,4,25,987,1012,25,W,14,22,0,0,5,4,3,"4,2,5,3","5,7,K"
78093b51,flat,5,25,1012,987,-25,L,25,12,0,0,Q,4,2,"3,5,7,K","Q,2"
78093b51,flat,6,25,987,962,-25,L,5,21,0,1,10,2,2,"3,2","10,A"
78093b51,flat,7,25,962,999,37,W,21,18,1,0,10,2,2,"Q,A","10,8"
78093b51,flat,8,25,999,1024,25,W,16,26,0,0,4,2,4,"6,K","4,8,4,K"
78093b51,flat,9,25,1024,1024,0,P,17,17,0,0,7,2,2,"7,Q","7,J"
78093b51,flat,10,25,1024,1049,25,W,19,17,0,0,3,2,5,"8,A","3,2,4,7,A"
78093b51,flat,11,25,1049,1024,-25,L,23,12,0,0,K,4,2,"Q,4,A,8","K,2"
78093b51,flat,12,25,1024,999,-25,L,13,17,0,0,5,2,4,"3,J","5,5,6,A"
78093b51,flat,13,25,999,1024,25,W,19,22,0,0,2,2,4,"K,9","2,A,9,J"
78093b51,flat,14,25,1024,999,-25,L,22,20,0,0,10,3,2,"6,6,K","10,10"
78093b51,flat,15,25,999,974,-25,L,17,20,0,0,10,3,2,"4,9,4","10,Q"
78093b51,flat,16,25,974,949,-25,L,22,12,0,0,7,4,2,"2,10,4,6","7,5"
78093b51,flat,17,25,949,974,25,W,17,22,0,0,Q,4,3,"3,3,K,A","Q,2,K"
78093b51,flat,18,25,974,999,25,W,15,26,0,0,5,2,4,"5,J","5,8,3,Q"
2fd34610,flat,1,25,1000,975,-25,L,15,20,0,0,4,2,3,"5,K","4,A,5"
2fd34610,flat,2,25,975,950,-25,L,14,20,0,0,2,2,5,"4,10","2,5,2,7,4"
2fd34610,flat,3,25,950,975,25,W,19,24,0,0,J,2,4,"10,9","J,5,A,8"
2fd34610,flat,4,25,975,1012,37,W,21,15,1,0,A,2,2,"10,A","A,4"
2fd34610,flat,5,25,1012,987,-25,L,16,21,0,0,2,2,4,"9,7","2,7,5,7"
2fd34610,flat,6,25,987,1012,25,W,20,19,0,0,9,2,2,"9,A","9,Q"
2fd34610,flat,7,25,1012,987,-25,L,17,19,0,0,6,2,4,"9,8","6,4,3,6"
2fd34610,flat,8,25,987,1012,25,W,19,17,0,0,J,3,2,"A,A,7","J,7"
2fd34610,flat,9,25,1012,987,-25,L,17,19,0,0,9,3,2,"5,4,8","9,J"
2fd34610,flat,10,25,987,987,0,P,20,20,0,0,J,3,2,"4,J,6","J,Q"
2fd34610,flat,11,25,987,987,0,P,18,18,0,0,7,4,3,"9,3,2,4","7,4,7"
2fd34610,flat,12,25,987,1012,25,W,18,17,0,0,5,3,3,"6,2,10","5,J,2"
2fd34610,flat,13,25,1012,1037,25,W,20,17,0,0,7,2,3,"J,Q","7,4,6"
2fd34610,flat,14,25,1037,987,-50,L,13,17,0,0,2,3,3,"8,2,3","2,J,5"
2fd34610,flat,15,25,987,962,-25,L,23,16,0,0,J,3,2,"10,4,9","J,6"
2fd34610,flat,16,25,962,937,-25,L,16,18,0,0,3,3,3,"3,3,J","3,8,7"
2fd34610,flat,17,25,937,912,-25,L,12,18,0,0,6,2,3,"9,3","6,4,8"
2fd34610,flat,18,25,912,887,-25,L,17,18,0,0,7,2,2,"9,8","7,A"
a446c42b,flat,1,25,1000,1025,25,W,20,17,0,0,Q,5,2,"J,2,2,2,4","Q,7"
a446c42b,flat,2,25,1025,1050,25,W,19,26,0,0,10,2,4,"K,9","10,5,A,10"
a446c42b,flat,3,25,1050,1025,-25,L,17,18,0,0,7,2,2,"K,7","7,A"
a446c42b,flat,4,25,1025,1050,25,W,18,25,0,0,10,2,3,"Q,8","10,5,K"
a446c42b,flat,5,25,1050,1075,25,W,14,23,0,0,5,2,3,"K,4","5,Q,8"
a446c42b,flat,6,25,1075,1125,50,W,21,23,0,0,9,3,3,"3,8,Q","9,4,K"
a446c42b,flat,7,25,1125,1150,25,W,12,26,0,0,5,2,4,"Q,2","5,A,J,Q"
a446c42b,flat,8,25,1150,1100,-50,L,20,21,0,0,3,3,4,"3,7,K","3,4,9,5"
a446c42b,flat,9,25,1100,1125,25,W,14,26,0,0,3,2,4,"6,8","3,J,3,K"
a446c42b,flat,10,25,1125,1175,50,W,14,25,0,0,2,3,4,"7,3,4","2,9,4,Q"
a446c42b,flat,11,25,1175,1175,0,P,19,19,0,0,A,3,2,"4,Q,5","A,8"
a446c42b,flat,12,25,1175,1200,25,W,13,23,0,0,4,2,4,"Q,3","4,6,3,J"
a446c42b,flat,13,25,1200,1225,25,W,20,18,0,0,Q,3,2,"6,Q,4","Q,8"
a446c42b,flat,14,25,1225,1175,-50,L,17,18,0,0,4,3,3,"2,8,7","4,9,5"
a446c42b,flat,15,25,1175,1150,-25,L,22,19,0,0,K,3,2,"8,7,7","K,9"
a446c42b,flat,16,25,1150,1125,-25,L,25,13,0,0,Q,3,2,"7,8,10","Q,3"
a446c42b,flat,17,25,1125,1150,25,W,21,26,0,0,7,3,5,"J,4,7","7,4,A,4,J"
a446c42b,flat,18,25,1150,1175,25,W,20,18,0,0,9,2,2,"K,10","9,9"
a1339ad6,flat,1,25,1000,975,-25,L,22,14,0,0,J,3,2,"8,4,10","J,4"
a1339ad6,flat,2,25,975,1000,25,W,20,18,0,0,9,2,2,"10,K","9,9"
a1339ad6,flat,3,25,1000,975,-25,L,22,19,0,0,K,3,2,"5,7,Q","K,9"
a1339ad6,flat,4,25,975,1000,25,W,20,19,0,0,4,2,3,"J,J","4,9,6"
a1339ad6,flat,5,25,1000,1000,0,P,20,20,0,0,Q,2,2,"Q,Q","Q,J"
a1339ad6,flat,6,25,1000,1000,0,P,17,17,0,0,7,2,2,"Q,7","7,J"
a1339ad6,flat,7,25,1000,1000,0,P,21,21,0,0,5,3,3,"6,5,Q","5,J,6"
a1339ad6,flat,8,25,1000,1037,37,W,21,14,1,0,K,2,2,"A,Q","K,4"
a1339ad6,flat,9,25,1037,1062,25,W,20,23,0,0,10,3,3,"2,8,K","10,6,7"
a1339ad6,flat,10,25,1062,1037,-25,L,15,19,0,0,4,2,3,"8,7","4,6,9"
a1339ad6,flat,11,25,1037,1012,-25,L,17,19,0,0,2,2,4,"7,Q","2,8,6,3"
a1339ad6,flat,12,25,1012,1037,25,W,20,18,0,0,5,2,3,"10,10","5,3,10"
a1339ad6,flat,13,25,1037,1062,25,W,19,25,0,0,K,2,4,"9,J","K,3,2,Q"
a1339ad6,flat,14,25,1062,1037,-25,L,16,17,0,0,3,2,3,"7,9","3,Q,4"
a1339ad6,flat,15,25,1037,1012,-25,L,22,20,0,0,K,6,2,"2,4,2,4,A,9","K,K"
a1339ad6,flat,16,25,1012,987,-25,L,25,20,0,0,Q,3,2,"J,5,10","Q,K"
a1339ad6,flat,17,25,987,1012,25,W,18,25,0,0,Q,2,3,"8,10","Q,5,Q"
a1339ad6,flat,18,25,1012,987,-25,L,19,21,0,1,Q,2,2,"9,J","Q,A"
c688a03e,flat,1,25,1000,975,-25,L,22,17,0,0,7,4,2,"4,J,2,6","7,J"
c688a03e,flat,2,25,975,950,-25,L,22,17,0,0,A,3,2,"4,8,K","A,6"
c688a03e,flat,3,25,950,975,25,W,13,26,0,0,6,2,3,"3,K","6,J,Q"
c688a03e,flat,4,25,975,975,0,P,18,18,0,0,K,3,2,"5,6,7","K,8"
c688a03e,flat,5,25,975,1000,25,W,19,23,0,0,10,2,3,"J,9","10,3,10"
c688a03e,flat,6,25,1000,975,-25,L,18,20,0,0,K,2,2,"10,8","K,K"
c688a03e,flat,7,25,975,950,-25,L,17,20,0,0,10,2,2,"7,10","10,K"
c688a03e,flat,8,25,950,925,-25,L,16,19,0,0,4,2,3,"6,J","4,5,K"
c688a03e,flat,9,25,925,900,-25,L,18,21,0,1,A,2,2,"A,7","A,K"
c688a03e,flat,10,25,900,875,-25,L,19,21,0,0,K,3,4,"10,5,4","K,4,A,6"
c688a03e,flat,11,25,875,850,-25,L,20,21,0,0,2,2,4,"K,J","2,3,K,6"
c688a03e,flat,12,25,850,825,-25,L,18,19,0,0,6,2,4,"A,7","6,2,2,9"
c688a03e,flat,13,25,825,850,25,W,18,24,0,0,Q,2,3,"A,7","Q,4,10"
c688a03e,flat,14,25,850,875,25,W,19,22,0,0,2,2,3,"9,K","2,10,Q"
c688a03e,flat,15,25,875,900,25,W,21,19,0,0,9,4,2,"5,2,3,A","9,10"
c688a03e,flat,16,25,900,875,-25,L,26,17,0,0,9,3,2,"10,6,10","9,8"
c688a03e,flat,17,25,875,875,0,P,20,20,0,0,7,2,4,"K,K","7,5,3,5"
c688a03e,flat,18,25,875,900,25,W,16,23,0,0,5,2,3,"6,Q","5,Q,8"
c001818d,flat,1,25,1000,1025,25,W,20,25,0,0,5,2,3,"Q,J","5,Q,J"
c001818d,flat,2,25,1025,1000,-25,L,14,21,0,1,A,2,2,"A,3","A,Q"
c001818d,flat,3,25,1000,975,-25,L,13,21,0,1,Q,2,2,"3,K","Q,A"
c001818d,flat,4,25,975,1000,25,W,19,17,0,0,3,2,3,"A,8","3,J,4"
c001818d,flat,5,25,1000,975,-25,L,14,17,0,0,2,2,3,"4,Q","2,5,Q"
c001818d,flat,6,25,975,1000,25,W,18,22,0,0,9,3,3,"6,7,5","9,7,6"
c001818d,flat,7,25,1000,1025,25,W,19,26,0,0,Q,2,4,"Q,9","Q,2,4,10"
c001818d,flat,8,25,1025,1062,37,W,21,20,1,0,J,2,2,"A,Q","J,J"
c001818d,flat,9,25,1062,1112,50,W,17,22,0,0,6,3,3,"6,3,8","6,6,Q"
c001818d,flat,10,25,1112,1087,-25,L,15,19,0,0,5,2,3,"J,5","5,9,5"
c001818d,flat,11,25,1087,1062,-25,L,12,21,0,0,6,2,3,"J,2","6,7,8"
c001818d,flat,12,25,1062,1037,-25,L,17,19,0,0,9,2,2,"7,Q","9,Q"
c001818d,flat,13,25,1037,1012,-25,L,24,20,0,0,10,4,2,"5,3,6,K","10,10"
c001818d,flat,14,25,1012,987,-25,L,18,20,0,0,9,2,2,"9,9","9,A"
c001818d,flat,15,25,987,987,0,P,20,20,0,0,J,3,2,"10,6,4","J,K"
c001818d,flat,16,25,987,987,0,P,19,19,0,0,8,2,2,"9,K","8,A"
c001818d,flat,17,25,987,1012,25,W,17,25,0,0,6,2,3,"10,7","6,9,10"
c001818d,flat,18,25,1012,987,-25,L,18,20,0,0,7,3,3,"K,2,6","7,8,5"
4ab7a9ca,flat,1,25,1000,975,-25,L,22,15,0,0,J,3,2,"8,7,7","J,5"
4ab7a9ca,flat,2,25,975,950,-25,L,17,20,0,0,9,4,2,"5,A,K,A","9,A"
4ab7a9ca,flat,3,25,950,975,25,W,17,23,0,0,9,3,4,"Q,6,A","9,3,A,J"
4ab7a9ca,flat,4,25,975,950,-25,L,12,17,0,0,4,2,3,"2,K","4,10,3"
4ab7a9ca,flat,5,25,950,975,25,W,13,22,0,0,3,2,4,"3,J","3,10,3,6"
4ab7a9ca,flat,6,25,975,1012,37,W,21,17,1,0,A,2,2,"Q,A","A,6"
4ab7a9ca,flat,7,25,1012,1037,25,W,21,24,0,0,7,3,3,"4,9,8","7,7,Q"
4ab7a9ca,flat,8,25,1037,1062,25,W,20,22,0,0,7,2,3,"K,Q","7,5,J"
4ab7a9ca,flat,9,25,1062,1112,50,W,14,22,0,0,4,3,3,"3,8,3","4,10,8"
4ab7a9ca,flat,10,25,1112,1137,25,W,18,17,0,0,3,2,3,"8,J","3,9,5"
4ab7a9ca,flat,11,25,1137,1162,25,W,17,26,0,0,9,3,4,"6,6,5","9,3,4,J"
4ab7a9ca,flat,12,25,1162,1137,-25,L,17,20,0,0,A,4,2,"2,A,2,2","A,9"
4ab7a9ca,flat,13,25,1137,1162,25,W,13,22,0,0,5,2,3,"8,5","5,7,10"
4ab7a9ca,flat,14,25,1162,1212,50,W,20,22,0,0,4,3,3,"2,8,K","4,8,K"
4ab7a9ca,flat,15,25,1212,1237,25,W,19,24,0,0,10,3,4,"8,7,4","10,4,A,9"
4ab7a9ca,flat,16,25,1237,1212,-25,L,17,20,0,0,10,2,3,"7,J","10,6,4"
4ab7a9ca,flat,17,25,1212,1187,-25,L,18,19,0,0,4,2,3,"Q,8","4,5,Q"
4ab7a9ca,flat,18,25,1187,1162,-25,L,26,20,0,0,J,3,2,"Q,6,J","J,J"
ad7bdb40,flat,1,25,1000,975,-25,L,19,20,0,0,Q,3,2,"7,2,J","Q,K"
ad7bdb40,flat,2,25,975,1000,25,W,19,17,0,0,J,3,3,"J,6,3","J,6,A"
ad7bdb40,flat,3,25,1000,975,-25,L,15,18,0,0,3,3,3,"3,2,Q","3,7,8"
ad7bdb40,flat,4,25,975,950,-25,L,13,19,0,0,6,3,3,"4,4,5","6,3,J"
ad7bdb40,flat,5,25,950,975,25,W,20,19,0,0,Q,2,2,"9,A","Q,9"
ad7bdb40,flat,6,25,975,950,-25,L,18,19,0,0,2,2,4,"8,K","2,2,5,K"
ad7bdb40,flat,7,25,950,925,-25,L,25,20,0,0,9,3,2,"10,5,J","9,A"
ad7bdb40,flat,8,25,925,900,-25,L,20,21,0,0,7,2,4,"Q,K","7,4,5,5"
ad7bdb40,flat,9,25,900,925,25,W,19,17,0,0,7,3,2,"2,6,A","7,10"
ad7bdb40,flat,10,25,925,900,-25,L,19,20,0,0,10,3,2,"2,10,7","10,J"
ad7bdb40,flat,11,25,900,925,25,W,21,19,0,0,10,4,2,"A,A,2,7","10,9"
ad7bdb40,flat,12,25,925,900,-25,L,19,21,0,0,8,2,3,"9,Q","8,5,8"
ad7bdb40,flat,13,25,900,900,0,P,18,18,0,0,8,2,3,"8,Q","8,6,4"
ad7bdb40,flat,14,25,900,875,-25,L,17,19,0,0,8,3,2,"3,9,5","8,A"
ad7bdb40,flat,15,25,875,900,25,W,16,24,0,0,4,2,3,"9,7","4,Q,J"
ad7bdb40,flat,16,25,900,875,-25,L,23,18,0,0,7,3,2,"9,4,K","7,A"
ad7bdb40,flat,17,25,875,850,-25,L,22,19,0,0,10,3,2,"9,3,10","10,9"
ad7bdb40,flat,18,25,850,825,-25,L,18,20,0,0,K,2,2,"8,K","K,Q"
ec4cf8e1,flat,1,25,1000,1025,25,W,20,19,0,0,3,2,4,"K,K","3,3,K,3"
ec4cf8e1,flat,2,25,1025,1000,-25,L,11,21,0,1,10,2,2,"3,8","10,A"
ec4cf8e1,flat,3,25,1000,1025,25,W,19,25,0,0,5,2,3,"9,K","5,Q,Q"
ec4cf8e1,flat,4,25,1025,1075,50,W,21,20,0,0,J,3,2,"4,7,K","J,J"
ec4cf8e1,flat,5,25,1075,1050,-25,L,13,21,0,0,6,2,4,"6,7","6,3,2,10"
ec4cf8e1,flat,6,25,1050,1025,-25,L,12,17,0,0,4,2,3,"2,K","4,2,A"
ec4cf8e1,flat,7,25,1025,975,-50,L,15,19,0,0,6,3,4,"3,6,6","6,8,A,4"
ec4cf8e1,flat,8,25,975,1000,25,W,12,24,0,0,4,2,3,"A,A","4,Q,K"
ec4cf8e1,flat,9,25,1000,975,-25,L,18,20,0,0,J,3,2,"7,8,3","J,Q"
ec4cf8e1,flat,10,25,975,950,-25,L,22,13,0,0,K,3,2,"8,5,9","K,3"
ec4cf8e1,flat,11,25,950,1000,50,W,20,18,0,0,2,3,3,"7,3,K","2,6,J"
ec4cf8e1,flat,12,25,1000,975,-25,L,26,20,0,0,10,3,2,"K,6,Q","10,K"
ec4cf8e1,flat,13,25,975,950,-25,L,25,11,0,0,9,3,2,"10,5,Q","9,2"
ec4cf8e1,flat,14,25,950,925,-25,L,22,18,0,0,A,3,2,"2,Q,J","A,7"
ec4cf8e1,flat,15,25,925,900,-25,L,24,19,0,0,J,4,2,"3,J,A,J","J,9"
ec4cf8e1,flat,16,25,900,925,25,W,19,18,0,0,7,3,3,"Q,5,4","7,6,5"
ec4cf8e1,flat,17,25,925,900,-25,L,13,21,0,0,5,2,3,"J,3","5,Q,6"
ec4cf8e1,flat,18,25,900,900,0,P,19,19,0,0,K,4,2,"2,6,3,8","K,9"
d63db69f,flat,1,25,1000,1000,0,P,20,20,0,0,J,2,2,"A,9","J,J"
d63db69f,flat,2,25,1000,1025,25,W,13,24,0,0,3,2,4,"9,4","3,9,4,8"
d63db69f,flat,3,25,1025,1050,25,W,14,24,0,0,5,2,3,"6,8","5,Q,9"
d63db69f,flat,4,25,1050,1025,-25,L,25,16,0,0,9,3,2,"K,5,10","9,7"
d63db69f,flat,5,25,1025,1050,25,W,20,18,0,0,7,3,3,"7,2,A","7,3,8"
d63db69f,flat,6,25,1050,1075,25,W,14,26,0,0,4,2,4,"10,4","4,10,2,K"
d63db69f,flat,7,25,1075,1050,-25,L,17,21,0,0,K,2,3,"10,7","K,3,8"
d63db69f,flat,8,25,1050,1025,-25,L,23,12,0,0,J,3,2,"9,5,9","J,2"
d63db69f,flat,9,25,1025,1000,-25,L,25,20,0,0,10,5,2,"5,7,A,3,9","10,K"
d63db69f,flat,10,25,1000,975,-25,L,19,20,0,0,J,3,2,"4,K,5","J,10"
d63db69f,flat,11,25,975,1000,25,W,19,17,0,0,10,3,2,"3,10,6","10,7"
d63db69f,flat,12,25,1000,975,-25,L,22,9,0,0,2,3,2,"4,8,10","2,7"
d63db69f,flat,13,25,975,950,-25,L,24,17,0,0,9,3,2,"Q,6,8","9,8"
d63db69f,flat,14,25,950,925,-25,L,26,17,0,0,7,3,2,"8,8,Q","7,10"
d63db69f,flat,15,25,925,900,-25,L,14,21,0,0,5,3,3,"2,5,7","5,6,J"
d63db69f,flat,16,25,900,925,25,W,20,17,0,0,2,2,6,"10,Q","2,5,6,A,2,A"
d63db69f,flat,17,25,925,900,-25,L,22,19,0,0,9,4,2,"2,5,8,7","9,J"
d63db69f,flat,18,25,900,925,25,W,20,17,0,0,Q,2,2,"Q,10","Q,7"
8083c4b1,flat,1,25,1000,1025,25,W,14,22,0,0,5,2,3,"4,J","5,J,7"
8083c4b1,flat,2,25,1025,1000,-25,L,17,18,0,0,7,4,3,"5,A,10,A","7,6,5"
8083c4b1,flat,3,25,1000,975,-25,L,20,21,0,1,A,2,2,"Q,Q","A,K"
8083c4b1,flat,4,25,975,975,0,P,20,20,0,0,5,2,3,"K,K","5,6,9"
8083c4b1,flat,5,25,975,1000,25,W,17,22,0,0,Q,3,3,"6,3,8","Q,2,J"
8083c4b1,flat,6,25,1000,1025,25,W,19,24,0,0,4,2,3,"K,9","4,10,10"
8083c4b1,flat,7,25,1025,1050,25,W,20,18,0,0,J,2,3,"J,K","J,2,6"
8083c4b1,flat,8,25,1050,1050,0,P,17,17,0,0,4,2,4,"7,J","4,6,6,A"
8083c4b1,flat,9,25,1050,1075,25,W,15,23,0,0,5,2,3,"5,10","5,8,10"
8083c4b1,flat,10,25,1075,1050,-25,L,6,21,0,1,Q,2,2,"3,3","Q,A"
8083c4b1,flat,11,25,1050,1075,25,W,14,23,0,0,4,2,5,"6,8","4,2,9,A,7"
8083c4b1,flat,12,25,1075,1100,25,W,20,19,0,0,9,3,2,"5,K,5","9,K"
8083c4b1,flat,13,25,1100,1075,-25,L,19,20,0,0,4,2,3,"9,J","4,K,6"
8083c4b1,flat,14,25,1075,1075,0,P,19,19,0,0,A,3,2,"3,A,5","A,8"
8083c4b1,flat,15,25,1075,1112,37,W,21,20,1,0,J,2,2,"K,A","J,J"
8083c4b1,flat,16,25,1112,1087,-25,L,24,18,0,0,J,3,2,"Q,4,K","J,8"
8083c4b1,flat,17,25,1087,1062,-25,L,16,19,0,0,6,2,3,"10,6","6,3,K"
8083c4b1,flat,18,25,1062,1062,0,P,17,17,0,0,J,2,2,"7,Q","J,7"
a974eda1,flat,1,25,1000,1025,25,W,17,22,0,0,6,2,3,"A,6","6,9,7"
a974eda1,flat,2,25,1025,1050,25,W,20,26,0,0,8,4,3,"3,4,3,K","8,8,J"
a974eda1,flat,3,25,1050,1087,37,W,21,15,1,0,10,2,2,"10,A","10,5"
a974eda1,flat,4,25,1087,1087,0,P,19,19,0,0,2,2,4,"9,K","2,K,3,4"
a974eda1,flat,5,25,1087,1062,-25,L,9,21,0,1,A,2,2,"4,5","A,10"
a974eda1,flat,6,25,1062,1087,25,W,19,25,0,0,8,3,5,"J,4,5","8,5,A,A,Q"
a974eda1,flat,7,25,1087,1112,25,W,17,24,0,0,6,2,3,"7,10","6,8,K"
a974eda1,flat,8,25,1112,1087,-25,L,22,17,0,0,K,3,2,"6,Q,6","K,7"
a974eda1,flat,9,25,1087,1062,-25,L,24,12,0,0,A,4,2,"5,9,2,8","A,A"
a974eda1,flat,10,25,1062,1087,25,W,19,18,0,0,8,3,2,"6,K,3","8,10"
a974eda1,flat,11,25,1087,1137,50,W,21,18,0,0,6,3,3,"4,7,J","6,2,Q"
a974eda1,flat,12,25,1137,1162,25,W,12,26,0,0,6,2,3,"2,J","6,J,Q"
a974eda1,flat,13,25,1162,1187,25,W,19,18,0,0,8,3,2,"3,Q,6","8,J"
a974eda1,flat,14,25,1187,1187,0,P,20,20,0,0,J,4,2,"2,5,6,7","J,10"
a974eda1,flat,15,25,1187,1212,25,W,18,24,0,0,10,4,3,"2,K,4,2","10,5,9"
a974eda1,flat,16,25,1212,1262,50,W,18,17,0,0,J,3,3,"8,3,7","J,6,A"
a974eda1,flat,17,25,1262,1237,-25,L,18,19,0,0,10,4,2,"3,5,8,2","10,9"
a974eda1,flat,18,25,1237,1262,25,W,18,17,0,0,7,3,2,"4,10,4","7,K"
4b37489a,flat,1,25,1000,975,-25,L,8,21,0,1,Q,2,2,"3,5","Q,A"
4b37489a,flat,2,25,975,950,-25,L,17,19,0,0,3,2,3,"7,K","3,5,A"
4b37489a,flat,3,25,950,975,25,W,16,23,0,0,6,2,3,"9,7","6,J,7"
4b37489a,flat,4,25,975,1000,25,W,17,25,0,0,7,2,3,"7,Q","7,8,J"
4b37489a,flat,5,25,1000,1025,25,W,20,17,0,0,Q,2,2,"10,Q","Q,7"
4b37489a,flat,6,25,1025,975,-50,L,14,19,0,0,7,3,5,"3,7,4","7,4,3,A,4"
4b37489a,flat,7,25,975,950,-25,L,15,20,0,0,5,2,3,"J,5","5,7,8"
4b37489a,flat,8,25,950,975,25,W,20,18,0,0,2,2,3,"K,J","2,10,6"
4b37489a,flat,9,25,975,950,-25,L,8,21,0,1,Q,2,2,"6,2","Q,A"
4b37489a,flat,10,25,950,925,-25,L,25,16,0,0,K,4,2,"5,2,8,10","K,6"
4b37489a,flat,11,25,925,900,-25,L,18,19,0,0,9,3,2,"3,10,5","9,Q"
4b37489a,flat,12,25,900,875,-25,L,15,21,0,0,6,2,3,"10,5","6,10,5"
4b37489a,flat,13,25,875,825,-50,L,13,17,0,0,K,3,2,"2,9,2","K,7"
4b37489a,flat,14,25,825,800,-25,L,17,19,0,0,7,2,3,"6,A","7,3,9"
4b37489a,flat,15,25,800,825,25,W,20,17,0,0,7,2,2,"J,Q","7,Q"
4b37489a,flat,16,25,825,850,25,W,19,18,0,0,4,2,3,"8,A","4,5,9"
4b37489a,flat,17,25,850,875,25,W,20,17,0,0,A,5,2,"9,3,2,2,4","A,6"
4b37489a,flat,18,25,875,850,-25,L,22,13,0,0,J,3,2,"6,6,10","J,3"
eb9e28d4,flat,1,25,1000,975,-25,L,18,21,0,0,K,3,3,"A,3,4","K,6,5"
eb9e28d4,flat,2,25,975,950,-25,L,17,20,0,0,J,2,2,"7,J","J,J"
eb9e28d4,flat,3,25,950,975,25,W,14,22,0,0,2,2,3,"4,10","2,J,J"
eb9e28d4,flat,4,25,975,1000,25,W,20,17,0,0,7,4,2,"3,3,4,K","7,10"
eb9e28d4,flat,5,25,1000,975,-25,L,22,17,0,0,9,5,2,"3,2,A,6,10","9,8"
eb9e28d4,flat,6,25,975,1000,25,W,17,25,0,0,6,2,3,"7,Q","6,9,Q"
eb9e28d4,flat,7,25,1000,975,-25,L,13,20,0,0,2,2,3,"2,A","2,9,9"
eb9e28d4,flat,8,25,975,950,-25,L,17,18,0,0,10,2,2,"7,J","10,8"
eb9e28d4,flat,9,25,950,900,-50,L,13,18,0,0,2,3,4,"5,6,2","2,K,4,2"
eb9e28d4,flat,10,25,900,925,25,W,13,23,0,0,3,2,3,"5,8","3,Q,K"
eb9e28d4,flat,11,25,925,962,37,W,21,20,1,0,Q,2,2,"A,10","Q,J"
eb9e28d4,flat,12,25,962,962,0,P,20,20,0,0,4,2,3,"10,K","4,6,Q"
eb9e28d4,flat,13,25,962,962,0,P,18,18,0,0,8,3,2,"6,7,5","8,K"
eb9e28d4,flat,14,25,962,937,-25,L,23,19,0,0,Q,4,2,"4,5,4,Q","Q,9"
eb9e28d4,flat,15,25,937,912,-25,L,18,20,0,0,K,3,2,"5,5,8","K,J"
eb9e28d4,flat,16,25,912,937,25,W,13,22,0,0,4,2,5,"2,A","4,A,10,A,6"
eb9e28d4,flat,17,25,937,987,50,W,13,22,0,0,3,3,3,"4,7,2","3,Q,9"
eb9e28d4,flat,18,25,987,962,-25,L,23,14,0,0,J,3,2,"5,Q,8","J,4"
242dda14,flat,1,25,1000,975,-25,L,12,17,0,0,6,2,3,"10,2","6,Q,A"
242dda14,flat,2,25,975,1000,25,W,19,17,0,0,9,4,2,"2,4,4,9","9,8"
242dda14,flat,3,25,1000,975,-25,L,14,17,0,0,5,2,3,"8,6","5,7,5"
242dda14,flat,4,25,975,950,-25,L,19,20,0,0,10,2,3,"10,9","10,5,5"
242dda14,flat,5,25,950,975,25,W,19,24,0,0,Q,4,3,"3,2,K,4","Q,4,Q"
242dda14,flat,6,25,975,950,-25,L,23,17,0,0,7,3,2,"7,6,Q","7,J"
242dda14,flat,7,25,950,950,0,P,19,19,0,0,5,3,3,"6,3,Q","5,J,4"
242dda14,flat,8,25,950,925,-25,L,17,18,0,0,7,3,2,"5,10,2","7,A"
242dda14,flat,9,25,925,900,-25,L,22,13,0,0,9,3,2,"2,J,Q","9,4"
242dda14,flat,10,25,900,925,25,W,18,24,0,0,7,2,3,"10,8","7,7,10"
242dda14,flat,11,25,925,900,-25,L,18,21,0,0,Q,2,4,"8,10","Q,5,A,5"
242dda14,flat,12,25,900,875,-25,L,14,18,0,0,4,2,3,"4,K","4,K,4"
242dda14,flat,13,25,875,850,-25,L,23,19,0,0,9,3,2,"3,10,K","9,J"
242dda14,flat,14,25,850,875,25,W,20,18,0,0,3,2,3,"Q,10","3,5,K"
242dda14,flat,15,25,875,850,-25,L,17,21,0,0,4,2,4,"Q,7","4,3,7,7"
242dda14,flat,16,25,850,825,-25,L,22,19,0,0,8,3,2,"K,3,9","8,A"
242dda14,flat,17,25,825,850,25,W,20,18,0,0,2,2,4,"K,K","2,2,7,7"
242dda14,flat,18,25,850,850,0,P,18,18,0,0,9,3,2,"3,6,9","9,9"
7c5b04aa,flat,1,25,1000,1025,25,W,20,22,0,0,Q,2,3,"A,9","Q,2,K"
7c5b04aa,flat,2,25,1025,1075,50,W,20,17,0,0,4,3,3,"5,5,K","4,A,2"
7c5b04aa,flat,3,25,1075,1025,-50,L,12,17,0,0,6,3,3,"3,7,2","6,9,2"
7c5b04aa,flat,4,25,1025,1000,-25,L,15,21,0,0,2,2,3,"5,J","2,9,Q"
7c5b04aa,flat,5,25,1000,975,-25,L,17,19,0,0,10,2,2,"8,9","10,9"
7c5b04aa,flat,6,25,975,950,-25,L,22,18,0,0,K,3,2,"5,K,7","K,8"
7c5b04aa,flat,7,25,950,925,-25,L,22,18,0,0,K,3,2,"2,10,Q","K,8"
7c5b04aa,flat,8,25,925,900,-25,L,17,18,0,0,9,2,3,"10,7","9,2,7"
7c5b04aa,flat,9,25,900,875,-25,L,23,18,0,0,8,3,2,"3,10,J","8,K"
7c5b04aa,flat,10,25,875,850,-25,L,24,20,0,0,J,3,2,"6,Q,8","J,J"
7c5b04aa,flat,11,25,850,825,-25,L,14,17,0,0,3,2,3,"4,Q","3,3,A"
7c5b04aa,flat,12,25,825,800,-25,L,24,16,0,0,10,3,2,"5,Q,9","10,6"
7c5b04aa,flat,13,25,800,825,25,W,18,25,0,0,J,2,3,"K,8","J,5,J"
7c5b04aa,flat,14,25,825,850,25,W,20,22,0,0,Q,2,4,"Q,10","Q,2,2,8"
7c5b04aa,flat,15,25,850,825,-25,L,17,20,0,0,K,3,2,"4,3,10","K,10"
7c5b04aa,flat,16,25,825,800,-25,L,17,19,0,0,9,3,2,"2,Q,5","9,J"
7c5b04aa,flat,17,25,800,775,-25,L,17,19,0,0,10,2,2,"J,7","10,9"
7c5b04aa,flat,18,25,775,800,25,W,20,18,0,0,6,2,5,"K,10","6,2,4,A,5"
94bce9d4,flat,1,25,1000,975,-25,L,17,20,0,0,Q,3,2,"5,7,5","Q,Q"
94bce9d4,flat,2,25,975,1025,50,W,21,20,0,0,2,3,3,"4,7,J","2,Q,8"
94bce9d4,flat,3,25,1025,1000,-25,L,23,12,0,0,J,4,2,"10,4,A,8","J,2"
94bce9d4,flat,4,25,1000,1025,25,W,13,23,0,0,5,3,3,"6,2,5","5,9,9"
94bce9d4,flat,5,25,1025,1000,-25,L,13,19,0,0,3,2,4,"3,K","3,3,3,K"
94bce9d4,flat,6,25,1000,975,-25,L,23,13,0,0,7,3,2,"3,J,J","7,6"
94bce9d4,flat,7,25,975,1000,25,W,20,17,0,0,10,2,3,"Q,10","10,5,2"
94bce9d4,flat,8,25,1000,1025,25,W,19,17,0,0,10,2,3,"Q,9","10,3,4"
94bce9d4,flat,9,25,1025,1050,25,W,18,17,0,0,10,3,2,"6,10,2","10,7"
94bce9d4,flat,10,25,1050,1100,50,W,21,19,0,0,5,3,5,"3,8,Q","5,6,2,2,4"
94bce9d4,flat,11,25,1100,1100,0,P,20,20,0,0,K,4,3,"5,2,3,J","K,4,6"
94bce9d4,flat,12,25,1100,1125,25,W,14,24,0,0,2,2,4,"4,Q","2,9,3,Q"
94bce9d4,flat,13,25,1125,1150,25,W,19,26,0,0,9,2,4,"J,9","9,2,5,10"
94bce9d4,flat,14,25,1150,1125,-25,L,26,19,0,0,9,3,2,"9,7,K","9,Q"
94bce9d4,flat,15,25,1125,1100,-25,L,24,18,0,0,8,3,2,"4,J,J","8,J"
94bce9d4,flat,16,25,1100,1137,37,W,21,7,1,0,4,2,2,"10,A","4,3"
94bce9d4,flat,17,25,1137,1112,-25,L,24,18,0,0,7,4,2,"4,10,2,8","7,A"
94bce9d4,flat,18,25,1112,1137,25,W,12,25,0,0,5,2,3,"K,2","5,K,Q"
f4713340,flat,1,25,1000,1025,25,W,20,18,0,0,2,2,3,"K,Q","2,7,9"
f4713340,flat,2,25,1025,1050,25,W,19,23,0,0,K,4,3,"3,4,8,4","K,3,10"
f4713340,flat,3,25,1050,1025,-25,L,19,21,0,0,9,3,3,"3,A,5","9,2,Q"
f4713340,flat,4,25,1025,1000,-25,L,19,20,0,0,Q,5,2,"3,K,A,2,3","Q,K"
f4713340,flat,5,25,1000,975,-25,L,16,17,0,0,4,2,3,"A,5","4,2,A"
f4713340,flat,6,25,975,975,0,P,20,20,0,0,2,2,4,"Q,K","2,7,5,6"
f4713340,flat,7,25,975,950,-25,L,24,20,0,0,J,3,2,"7,7,K","J,K"
f4713340,flat,8,25,950,925,-25,L,22,18,0,0,8,3,2,"K,6,6","8,K"
f4713340,flat,9,25,925,950,25,W,19,18,0,0,3,2,4,"J,9","3,4,7,4"
f4713340,flat,10,25,950,925,-25,L,15,21,0,1,J,2,2,"5,J","J,A"
f4713340,flat,11,25,925,925,0,P,17,17,0,0,8,2,4,"7,J","8,5,A,3"
f4713340,flat,12,25,925,900,-25,L,24,16,0,0,10,3,2,"4,10,10","10,6"
f4713340,flat,13,25,900,900,0,P,19,19,0,0,9,3,2,"2,7,J","9,Q"
f4713340,flat,14,25,900,937,37,W,21,14,1,0,J,2,2,"A,K","J,4"
f4713340,flat,15,25,937,962,25,W,13,23,0,0,6,2,3,"2,A","6,7,10"
f4713340,flat,16,25,962,937,-25,L,19,21,0,1,J,2,2,"8,A","J,A"
f4713340,flat,17,25,937,962,25,W,18,26,0,0,8,2,4,"10,8","8,4,4,K"
f4713340,flat,18,25,962,937,-25,L,15,19,0,0,5,2,4,"J,5","5,A,7,6"
d901d94c,flat,1,25,1000,1025,25,W,20,23,0,0,K,2,3,"J,K","K,3,J"
d901d94c,flat,2,25,1025,1050,25,W,15,23,0,0,3,2,3,"5,Q","3,K,Q"
d901d94c,flat,3,25,1050,1100,50,W,15,23,0,0,4,3,3,"5,5,5","4,9,10"
d901d94c,flat,4,25,1100,1075,-25,L,12,18,0,0,4,2,3,"7,5","4,6,8"
d901d94c,flat,5,25,1075,1100,25,W,18,17,0,0,7,4,2,"5,3,4,6","7,Q"
d901d94c,flat,6,25,1100,1125,25,W,19,17,0,0,4,2,5,"Q,9","4,4,4,3,2"
d901d94c,flat,7,25,1125,1100,-25,L,13,20,0,0,4,2,3,"5,8","4,7,9"
d901d94c,flat,8,25,1100,1075,-25,L,18,21,0,0,10,3,3,"6,3,9","10,3,8"
d901d94c,flat,9,25,1075,1112,37,W,21,16,1,0,8,2,2,"A,Q","8,8"
d901d94c,flat,10,25,1112,1149,37,W,21,4,1,0,2,2,2,"J,A","2,2"
d901d94c,flat,11,25,1149,1174,25,W,17,25,0,0,K,3,4,"3,Q,4","K,4,A,K"
d901d94c,flat,12,25,1174,1199,25,W,17,25,0,0,2,2,4,"K,7","2,3,K,J"
d901d94c,flat,13,25,1199,1224,25,W,20,19,0,0,9,2,2,"K,K","9,J"
d901d94c,flat,14,25,1224,1224,0,P,17,17,0,0,6,2,2,"J,7","6,A"
d901d94c,flat,15,25,1224,1199,-25,L,18,20,0,0,J,2,2,"Q,8","J,10"
d901d94c,flat,16,25,1199,1236,37,W,21,14,1,0,K,2,2,"A,K","K,4"
d901d94c,flat,17,25,1236,1261,25,W,19,25,0,0,9,3,4,"A,4,4","9,5,A,K"
d901d94c,flat,18,25,1261,1236,-25,L,22,17,0,0,K,3,2,"Q,2,10","K,7"
218b3e9b,flat,1,25,1000,1037,37,W,21,5,1,0,2,2,2,"K,A","2,3"
218b3e9b,flat,2,25,1037,1012,-25,L,22,19,0,0,J,3,2,"4,8,Q","J,9"
218b3e9b,flat,3,25,1012,1037,25,W,18,17,0,0,9,2,3,"A,7","9,2,6"
218b3e9b,flat,4,25,1037,1012,-25,L,17,18,0,0,8,2,2,"J,7","8,K"
218b3e9b,flat,5,25,1012,1037,25,W,20,25,0,0,5,2,3,"10,J","5,J,Q"
218b3e9b,flat,6,25,1037,1012,-25,L,17,21,0,0,4,2,4,"7,Q","4,3,4,K"
218b3e9b,flat,7,25,1012,987,-25,L,26,20,0,0,Q,4,2,"7,6,3,K","Q,10"
218b3e9b,flat,8,25,987,1012,25,W,20,22,0,0,5,2,3,"10,J","5,7,K"
218b3e9b,flat,9,25,1012,1012,0,P,18,18,0,0,8,3,2,"4,3,A","8,Q"
218b3e9b,flat,10,25,1012,1049,37,W,21,13,1,0,10,2,2,"A,K","10,3"
218b3e9b,flat,11,25,1049,1024,-25,L,24,12,0,0,Q,4,2,"2,4,9,9","Q,2"
218b3e9b,flat,12,25,1024,1024,0,P,20,20,0,0,2,2,4,"J,10","2,J,A,7"
218b3e9b,flat,13,25,1024,1049,25,W,19,22,0,0,8,4,4,"4,5,4,6","8,3,A,J"
218b3e9b,flat,14,25,1049,1074,25,W,20,17,0,0,8,2,2,"Q,K","8,9"
218b3e9b,flat,15,25,1074,1024,-50,L,18,21,0,0,3,3,3,"4,7,7","3,A,7"
218b3e9b,flat,16,25,1024,1074,50,W,16,25,0,0,5,3,3,"8,2,6","5,J,10"
218b3e9b,flat,17,25,1074,1049,-25,L,26,18,0,0,9,5,2,"4,A,A,K,K","9,9"
218b3e9b,flat,18,25,1049,1086,37,W,21,11,1,0,7,2,2,"A,Q","7,4"
350d078a,flat,1,25,1000,975,-25,L,22,18,0,0,8,3,2,"K,2,10","8,10"
350d078a,flat,2,25,975,950,-25,L,15,21,0,0,2,2,4,"J,5","2,6,8,5"
350d078a,flat,3,25,950,925,-25,L,15,17,0,0,6,2,2,"9,6","6,A"
350d078a,flat,4,25,925,950,25,W,17,25,0,0,6,2,3,"Q,7","6,Q,9"
350d078a,flat,5,25,950,987,37,W,21,7,1,0,2,2,2,"A,J","2,5"
350d078a,flat,6,25,987,1012,25,W,19,22,0,0,10,4,3,"3,7,2,7","10,2,K"
350d078a,flat,7,25,1012,1037,25,W,19,22,0,0,7,3,3,"4,K,5","7,5,J"
350d078a,flat,8,25,1037,1012,-25,L,17,19,0,0,9,4,2,"6,2,6,3","9,10"
350d078a,flat,9,25,1012,1062,50,W,21,19,0,0,J,3,4,"8,3,K","J,2,2,5"
350d078a,flat,10,25,1062,1037,-25,L,26,13,0,0,Q,3,2,"10,6,Q","Q,3"
350d078a,flat,11,25,1037,1037,0,P,20,20,0,0,Q,3,2,"5,5,Q","Q,Q"
350d078a,flat,12,25,1037,1074,37,W,21,20,1,0,10,2,2,"J,A","10,10"
350d078a,flat,13,25,1074,1049,-25,L,14,21,0,0,6,2,3,"9,5","6,5,K"
350d078a,flat,14,25,1049,1024,-25,L,24,20,0,0,Q,4,2,"Q,3,A,K","Q,Q"
350d078a,flat,15,25,1024,1049,25,W,21,18,0,0,7,3,3,"3,Q,8","7,3,8"
350d078a,flat,16,25,1049,1086,37,W,21,13,1,0,J,2,2,"A,K","J,3"
350d078a,flat,17,25,1086,1061,-25,L,17,18,0,0,8,4,2,"2,5,3,7","8,J"
350d078a,flat,18,25,1061,1036,-25,L,25,17,0,0,7,4,2,"3,9,3,10","7,J"
df64c3d5,flat,1,25,1000,1025,25,W,21,17,0,0,J,3,2,"2,J,9","J,7"
df64c3d5,flat,2,25,1025,1050,25,W,15,26,0,0,3,2,4,"9,6","3,J,3,10"
df64c3d5,flat,3,25,1050,1025,-25,L,23,12,0,0,K,4,2,"3,4,6,10","K,2"
df64c3d5,flat,4,25,1025,1025,0,P,19,19,0,0,4,3,3,"5,3,A","4,4,A"
df64c3d5,flat,5,25,1025,1050,25,W,17,23,0,0,3,2,4,"7,Q","3,2,K,8"
df64c3d5,flat,6,25,1050,1087,37,W,21,15,1,0,5,2,2,"A,10","5,K"
df64c3d5,flat,7,25,1087,1112,25,W,15,25,0,0,2,3,4,"2,3,Q","2,8,5,J"
df64c3d5,flat,8,25,1112,1087,-25,L,15,19,0,0,3,2,3,"K,5","3,6,Q"
df64c3d5,flat,9,25,1087,1112,25,W,20,17,0,0,7,3,2,"8,6,6","7,Q"
df64c3d5,flat,10,25,1112,1087,-25,L,17,18,0,0,7,2,2,"8,9","7,A"
df64c3d5,flat,11,25,1087,1062,-25,L,19,20,0,0,Q,2,2,"10,9","Q,J"
df64c3d5,flat,12,25,1062,1087,25,W,20,17,0,0,7,2,3,"Q,10","7,5,5"
df64c3d5,flat,13,25,1087,1062,-25,L,17,21,0,0,4,2,3,"9,8","4,10,7"
df64c3d5,flat,14,25,1062,1087,25,W,20,19,0,0,2,2,3,"K,10","2,6,A"
df64c3d5,flat,15,25,1087,1112,25,W,20,17,0,0,Q,3,2,"K,6,4","Q,7"
df64c3d5,flat,16,25,1112,1137,25,W,12,24,0,0,4,2,3,"3,9","4,K,Q"
df64c3d5,flat,17,25,1137,1162,25,W,18,17,0,0,A,3,2,"A,4,3","A,6"
df64c3d5,flat,18,25,1162,1137,-25,L,18,19,0,0,Q,2,2,"8,J","Q,9"
8761832e,flat,1,25,1000,1037,37,W,21,11,1,0,7,2,2,"K,A","7,4"
8761832e,flat,2,25,1037,1012,-25,L,17,19,0,0,9,3,2,"7,8,2","9,Q"
8761832e,flat,3,25,1012,1037,25,W,18,17,0,0,2,2,5,"8,10","2,J,A,3,A"
8761832e,flat,4,25,1037,1062,25,W,19,18,0,0,8,2,2,"9,Q","8,K"
8761832e,flat,5,25,1062,1037,-25,L,25,20,0,0,Q,3,2,"7,8,J","Q,Q"
8761832e,flat,6,25,1037,1012,-25,L,15,18,0,0,5,2,3,"5,J","5,4,9"
8761832e,flat,7,25,1012,987,-25,L,18,19,0,0,10,2,2,"8,K","10,9"
8761832e,flat,8,25,987,987,0,P,19,19,0,0,J,3,2,"3,6,J","J,9"
8761832e,flat,9,25,987,1012,25,W,19,17,0,0,A,3,3,"10,4,5","A,3,3"
8761832e,flat,10,25,1012,987,-25,L,15,21,0,0,4,2,3,"5,10","4,A,6"
8761832e,flat,11,25,987,962,-25,L,19,21,0,1,A,2,2,"8,A","A,10"
8761832e,flat,12,25,962,937,-25,L,18,20,0,0,10,3,2,"J,5,3","10,J"
8761832e,flat,13,25,937,962,25,W,21,19,0,0,5,4,3,"5,2,4,K","5,K,4"
8761832e,flat,14,25,962,987,25,W,21,20,0,0,J,3,3,"2,Q,9","J,3,7"
8761832e,flat,15,25,987,1012,25,W,20,23,0,0,7,5,3,"8,4,A,A,6","7,7,9"
8761832e,flat,16,25,1012,987,-25,L,22,17,0,0,7,3,2,"K,3,9","7,10"
8761832e,flat,17,25,987,962,-25,L,17,21,0,0,4,2,5,"6,A","4,8,A,2,6"
8761832e,flat,18,25,962,999,37,W,21,14,1,0,4,2,2,"Q,A","4,K"
bfb43556,flat,1,25,1000,1025,25,W,20,19,0,0,10,2,2,"10,K","10,9"
bfb43556,flat,2,25,1025,1050,25,W,20,25,0,0,8,2,3,"J,10","8,7,10"
bfb43556,flat,3,25,1050,1075,25,W,16,24,0,0,5,2,3,"6,Q","5,9,K"
bfb43556,flat,4,25,1075,1050,-25,L,26,15,0,0,K,4,2,"7,8,A,K","K,5"
bfb43556,flat,5,25,1050,1025,-25,L,25,16,0,0,Q,4,2,"3,2,J,J","Q,6"
bfb43556,flat,6,25,1025,1000,-25,L,23,13,0,0,Q,4,2,"2,10,A,K","Q,3"
bfb43556,flat,7,25,1000,1037,37,W,21,10,1,0,7,2,2,"A,J","7,3"
bfb43556,flat,8,25,1037,1012,-25,L,25,11,0,0,7,3,2,"9,7,9","7,4"
bfb43556,flat,9,25,1012,1049,37,W,21,6,1,0,2,2,2,"A,K","2,4"
bfb43556,flat,10,25,1049,1024,-25,L,22,10,0,0,8,3,2,"2,10,K","8,2"
bfb43556,flat,11,25,1024,974,-50,L,13,20,0,0,Q,3,2,"4,7,2","Q,10"
bfb43556,flat,12,25,974,949,-25,L,13,21,0,0,4,2,3,"K,3","4,9,8"
bfb43556,flat,13,25,949,924,-25,L,14,17,0,0,4,2,3,"6,8","4,J,3"
bfb43556,flat,14,25,924,949,25,W,19,22,0,0,J,2,3,"9,J","J,6,6"
bfb43556,flat,15,25,949,924,-25,L,24,20,0,0,Q,3,2,"4,K,K","Q,Q"
bfb43556,flat,16,25,924,949,25,W,16,22,0,0,3,2,3,"K,6","3,10,9"
bfb43556,flat,17,25,949,924,-25,L,18,20,0,0,3,2,3,"7,A","3,A,6"
bfb43556,flat,18,25,924,899,-25,L,24,18,0,0,9,3,2,"J,4,K","9,9"
e23609bc,flat,1,25,1000,1025,25,W,20,17,0,0,7,2,2,"9,A","7,J"
e23609bc,flat,2,25,1025,1062,37,W,21,10,1,0,5,2,2,"10,A","5,5"
e23609bc,flat,3,25,1062,1037,-25,L,13,17,0,0,2,2,3,"A,2","2,5,J"
e23609bc,flat,4,25,1037,1062,25,W,19,22,0,0,9,3,3,"K,5,4","9,3,J"
e23609bc,flat,5,25,1062,1087,25,W,17,26,0,0,2,2,4,"10,7","2,K,4,10"
e23609bc,flat,6,25,1087,1087,0,P,20,20,0,0,J,2,2,"J,Q","J,10"
e23609bc,flat,7,25,1087,1062,-25,L,13,21,0,0,3,3,4,"4,8,A","3,A,8,9"
e23609bc,flat,8,25,1062,1012,-50,L,15,20,0,0,4,3,3,"9,2,4","4,9,7"
e23609bc,flat,9,25,1012,1037,25,W,14,22,0,0,5,2,4,"6,8","5,A,9,7"
e23609bc,flat,10,25,1037,1012,-25,L,12,17,0,0,4,2,3,"A,A","4,6,7"
e23609bc,flat,11,25,1012,1012,0,P,17,17,0,0,Q,3,2,"4,6,7","Q,7"
e23609bc,flat,12,25,1012,1012,0,P,17,17,0,0,7,2,2,"A,6","7,Q"
e23609bc,flat,13,25,1012,1037,25,W,13,24,0,0,2,2,4,"K,3","2,3,9,Q"
e23609bc,flat,14,25,1037,1037,0,P,20,20,0,0,Q,3,2,"2,8,K","Q,J"
e23609bc,flat,15,25,1037,1037,0,P,19,19,0,0,2,2,4,"8,A","2,5,4,8"
e23609bc,flat,16,25,1037,1012,-25,L,19,21,0,0,J,3,4,"7,2,K","J,3,3,5"
e23609bc,flat,17,25,1012,987,-25,L,24,19,0,0,9,3,2,"Q,4,J","9,J"
e23609bc,flat,18,25,987,962,-25,L,22,13,0,0,Q,4,2,"A,A,10,K","Q,3"
8eeed930,flat,1,25,1000,1000,0,P,17,17,0,0,6,3,2,"2,9,6","6,A"
8eeed930,flat,2,25,1000,1050,50,W,17,23,0,0,J,3,3,"8,3,6","J,5,8"
8eeed930,flat,3,25,1050,1087,37,W,21,18,1,0,10,2,2,"A,10","10,8"
8eeed930,flat,4,25,1087,1112,25,W,20,18,0,0,3,2,4,"K,10","3,5,4,6"
8eeed930,flat,5,25,1112,1087,-25,L,11,21,0,1,10,2,2,"3,8","10,A"
8eeed930,flat,6,25,1087,1062,-25,L,18,21,0,0,10,3,3,"K,4,4","10,4,7"
8eeed930,flat,7,25,1062,1037,-25,L,19,21,0,0,2,2,5,"8,A","2,2,2,7,8"
8eeed930,flat,8,25,1037,1012,-25,L,18,20,0,0,10,2,2,"8,10","10,J"
8eeed930,flat,9,25,1012,1037,25,W,20,18,0,0,7,2,2,"J,Q","7,A"
8eeed930,flat,10,25,1037,1062,25,W,18,22,0,0,4,2,4,"7,A","4,6,5,7"
8eeed930,flat,11,25,1062,1062,0,P,17,17,0,0,2,2,4,"7,J","2,5,3,7"
8eeed930,flat,12,25,1062,1087,25,W,20,17,0,0,2,2,3,"Q,K","2,6,9"
8eeed930,flat,13,25,1087,1062,-25,L,22,12,0,0,J,3,2,"J,2,J","J,2"
8eeed930,flat,14,25,1062,1112,50,W,16,23,0,0,3,3,3,"6,3,7","3,Q,Q"
8eeed930,flat,15,25,1112,1137,25,W,20,17,0,0,9,3,2,"Q,5,5","9,8"
8eeed930,flat,16,25,1137,1112,-25,L,16,21,0,0,4,2,3,"6,10","4,7,K"
8eeed930,flat,17,25,1112,1087,-25,L,24,14,0,0,K,4,2,"K,5,A,8","K,4"
8eeed930,flat,18,25,1087,1087,0,P,19,19,0,0,9,4,2,"3,9,A,6","9,J"
b9a617ec,flat,1,25,1000,975,-25,L,17,18,0,0,Q,2,4,"10,7","Q,3,A,4"
b9a617ec,flat,2,25,975,1025,50,W,18,26,0,0,5,3,4,"3,7,8","5,5,6,J"
b9a617ec,flat,3,25,1025,1000,-25,L,24,19,0,0,9,3,2,"6,J,8","9,K"
b9a617ec,flat,4,25,1000,1025,25,W,19,17,0,0,6,2,3,"9,J","6,2,9"
b9a617ec,flat,5,25,1025,1000,-25,L,23,14,0,0,K,3,2,"7,6,J","K,4"
b9a617ec,flat,6,25,1000,975,-25,L,18,19,0,0,A,2,2,"J,8","A,8"
b9a617ec,flat,7,25,975,925,-50,L,14,18,0,0,8,3,2,"4,7,3","8,K"
b9a617ec,flat,8,25,925,950,25,W,18,22,0,0,10,3,3,"A,A,6","10,2,K"
b9a617ec,flat,9,25,950,925,-25,L,17,20,0,0,9,2,2,"7,Q","9,A"
b9a617ec,flat,10,25,925,950,25,W,15,22,0,0,6,2,3,"9,6","6,Q,6"
b9a617ec,flat,11,25,950,975,25,W,20,19,0,0,8,2,3,"J,Q","8,8,3"
b9a617ec,flat,12,25,975,1025,50,W,21,25,0,0,2,3,4,"9,2,10","2,3,10,10"
b9a617ec,flat,13,25,1025,1000,-25,L,14,18,0,0,3,2,3,"6,8","3,10,5"
b9a617ec,flat,14,25,1000,975,-25,L,15,17,0,0,2,2,4,"Q,5","2,2,A,2"
b9a617ec,flat,15,25,975,1012,37,W,21,14,1,0,4,2,2,"A,K","4,Q"
b9a617ec,flat,16,25,1012,987,-25,L,16,21,0,0,2,2,3,"8,8","2,J,9"
b9a617ec,flat,17,25,987,962,-25,L,26,17,0,0,Q,5,2,"4,6,5,A,K","Q,7"
b9a617ec,flat,18,25,962,987,25,W,19,18,0,0,A,3,3,"5,8,6","A,4,3"
38e306f6,flat,1,25,1000,975,-25,L,16,19,0,0,3,2,4,"10,6","3,4,8,4"
38e306f6,flat,2,25,975,1000,25,W,20,24,0,0,8,3,3,"J,6,4","8,6,Q"
38e306f6,flat,3,25,1000,1050,50,W,20,18,0,0,4,3,5,"8,2,K","4,2,4,3,5"
38e306f6,flat,4,25,1050,1075,25,W,20,17,0,0,10,2,2,"10,K","10,7"
38e306f6,flat,5,25,1075,1100,25,W,20,17,0,0,A,2,2,"Q,J","A,6"
38e306f6,flat,6,25,1100,1075,-25,L,18,20,0,0,K,3,2,"7,7,4","K,Q"
38e306f6,flat,7,25,1075,1100,25,W,18,22,0,0,5,3,4,"2,5,A","5,6,3,8"
38e306f6,flat,8,25,1100,1125,25,W,19,18,0,0,8,5,2,"A,A,2,Q,5","8,K"
38e306f6,flat,9,25,1125,1150,25,W,19,17,0,0,2,2,3,"9,Q","2,Q,5"
38e306f6,flat,10,25,1150,1175,25,W,19,24,0,0,Q,3,3,"8,5,6","Q,4,K"
38e306f6,flat,11,25,1175,1150,-25,L,22,11,0,0,8,4,2,"6,3,3,Q","8,3"
38e306f6,flat,12,25,1150,1125,-25,L,12,19,0,0,6,2,3,"2,J","6,3,10"
38e306f6,flat,13,25,1125,1162,37,W,21,18,1,0,8,2,2,"Q,A","8,10"
38e306f6,flat,14,25,1162,1137,-25,L,13,20,0,0,2,3,4,"2,2,9","2,4,3,A"
38e306f6,flat,15,25,1137,1174,37,W,21,19,1,0,9,2,2,"J,A","9,K"
38e306f6,flat,16,25,1174,1199,25,W,18,23,0,0,K,2,3,"8,10","K,5,8"
38e306f6,flat,17,25,1199,1149,-50,L,13,20,0,0,J,3,2,"6,5,2","J,10"
38e306f6,flat,18,25,1149,1124,-25,L,25,19,0,0,J,3,2,"K,5,J","J,9"
6391f196,flat,1,25,1000,975,-25,L,22,13,0,0,3,3,2,"2,K,K","3,10"
6391f196,flat,2,25,975,1000,25,W,21,23,0,0,Q,3,3,"Q,4,7","Q,4,9"
6391f196,flat,3,25,1000,975,-25,L,11,21,0,1,A,2,2,"4,7","A,10"
6391f196,flat,4,25,975,1000,25,W,15,22,0,0,6,2,3,"A,4","6,Q,6"
6391f196,flat,5,25,1000,975,-25,L,24,18,0,0,8,4,2,"7,2,5,10","8,10"
6391f196,flat,6,25,975,1000,25,W,14,22,0,0,3,2,4,"9,5","3,K,A,8"
6391f196,flat,7,25,1000,1025,25,W,20,18,0,0,8,2,2,"K,10","8,10"
6391f196,flat,8,25,1025,1050,25,W,18,24,0,0,4,2,3,"9,9","4,J,K"
6391f196,flat,9,25,1050,1025,-25,L,18,21,0,0,6,2,3,"10,8","6,5,Q"
6391f196,flat,10,25,1025,1000,-25,L,15,19,0,0,3,2,4,"7,8","3,2,4,J"
6391f196,flat,11,25,1000,1025,25,W,15,23,0,0,3,2,3,"5,J","3,K,K"
6391f196,flat,12,25,1025,1000,-25,L,18,21,0,0,6,2,4,"10,8","6,5,2,8"
6391f196,flat,13,25,1000,975,-25,L,17,18,0,0,A,3,3,"2,5,J","A,A,6"
6391f196,flat,14,25,975,950,-25,L,14,21,0,1,A,2,2,"4,10","A,Q"
6391f196,flat,15,25,950,975,25,W,16,23,0,0,5,2,3,"K,6","5,Q,8"
6391f196,flat,16,25,975,1000,25,W,17,25,0,0,Q,3,3,"5,8,4","Q,5,K"
6391f196,flat,17,25,1000,975,-25,L,24,10,0,0,8,3,2,"Q,5,9","8,2"
6391f196,flat,18,25,975,950,-25,L,16,20,0,0,4,2,4,"5,A","4,6,2,8"
1a7eb7e9,flat,1,25,1000,1050,50,W,21,17,0,0,2,3,3,"2,9,10","2,8,7"
1a7eb7e9,flat,2,25,1050,1100,50,W,18,22,0,0,2,3,4,"6,5,7","2,4,7,9"
1a7eb7e9,flat,3,25,1100,1125,25,W,20,18,0,0,A,2,2,"K,10","A,7"
1a7eb7e9,flat,4,25,1125,1100,-25,L,23,18,0,0,A,3,2,"K,5,8","A,7"
1a7eb7e9,flat,5,25,1100,1075,-25,L,23,20,0,0,10,4,2,"5,A,10,7","10,J"
1a7eb7e9,flat,6,25,1075,1050,-25,L,22,15,0,0,7,3,2,"4,K,8","7,8"
1a7eb7e9,flat,7,25,1050,1050,0,P,18,18,0,0,8,2,2,"Q,8","8,10"
1a7eb7e9,flat,8,25,1050,1075,25,W,20,18,0,0,6,2,4,"K,J","6,5,5,2"
1a7eb7e9,flat,9,25,1075,1100,25,W,21,23,0,0,8,5,3,"A,A,3,7,9","8,5,J"
1a7eb7e9,flat,10,25,1100,1125,25,W,20,19,0,0,Q,2,2,"Q,10","Q,9"
1a7eb7e9,flat,11,25,1125,1100,-25,L,18,21,0,0,10,3,3,"A,3,4","10,6,5"
1a7eb7e9,flat,12,25,1100,1075,-25,L,22,4,0,0,2,3,2,"2,10,K","2,2"
1a7eb7e9,flat,13,25,1075,1050,-25,L,19,20,0,0,Q,2,2,"A,8","Q,J"
1a7eb7e9,flat,14,25,1050,1075,25,W,14,22,0,0,2,2,5,"4,Q","2,2,2,J,6"
1a7eb7e9,flat,15,25,1075,1112,37,W,21,13,1,0,9,2,2,"A,J","9,4"
1a7eb7e9,flat,16,25,1112,1087,-25,L,25,20,0,0,K,6,2,"2,3,5,5,A,9","K,K"
1a7eb7e9,flat,17,25,1087,1062,-25,L,17,20,0,0,J,3,2,"4,3,10","J,10"
1a7eb7e9,flat,18,25,1062,1062,0,P,21,21,0,0,8,3,3,"3,9,9","8,6,7"
bfd381fa,flat,1,25,1000,1025,25,W,20,18,0,0,K,3,2,"J,4,6","K,8"
bfd381fa,flat,2,25,1025,1000,-25,L,20,21,0,0,6,2,3,"Q,Q","6,6,9"
bfd381fa,flat,3,25,1000,1025,25,W,17,22,0,0,Q,4,3,"2,J,A,4","Q,3,9"
bfd381fa,flat,4,25,1025,1000,-25,L,18,20,0,0,K,2,2,"8,J","K,Q"
bfd381fa,flat,5,25,1000,1025,25,W,20,18,0,0,2,2,4,"Q,K","2,A,10,5"
bfd381fa,flat,6,25,1025,1000,-25,L,15,21,0,0,4,2,3,"Q,5","4,9,8"
bfd381fa,flat,7,25,1000,1037,37,W,21,18,1,0,K,2,2,"J,A","K,8"
bfd381fa,flat,8,25,1037,1012,-25,L,14,21,0,1,A,2,2,"5,9","A,K"
bfd381fa,flat,9,25,1012,1049,37,W,21,9,1,0,7,2,2,"K,A","7,2"
bfd381fa,flat,10,25,1049,1024,-25,L,17,20,0,0,10,2,2,"A,6","10,10"
bfd381fa,flat,11,25,1024,999,-25,L,22,13,0,0,K,4,2,"A,5,6,J","K,3"
bfd381fa,flat,12,25,999,949,-50,L,18,20,0,0,5,3,3,"4,5,9","5,4,A"
bfd381fa,flat,13,25,949,974,25,W,20,17,0,0,J,2,2,"Q,10","J,7"
bfd381fa,flat,14,25,974,999,25,W,19,18,0,0,3,2,4,"9,10","3,8,3,4"
bfd381fa,flat,15,25,999,1049,50,W,21,20,0,0,4,3,3,"8,3,Q","4,10,6"
bfd381fa,flat,16,25,1049,1024,-25,L,12,20,0,0,4,2,4,"K,2","4,8,3,5"
bfd381fa,flat,17,25,1024,999,-25,L,22,18,0,0,8,4,2,"A,A,J,10","8,K"
bfd381fa,flat,18,25,999,999,0,P,20,20,0,0,4,2,4,"K,K","4,7,3,6"
09fae77f,flat,1,25,1000,1025,25,W,19,18,0,0,J,2,3,"A,8","J,3,5"
09fae77f,flat,2,25,1025,1000,-25,L,13,19,0,0,5,2,3,"3,Q","5,Q,4"
09fae77f,flat,3,25,1000,1025,25,W,19,17,0,0,Q,3,2,"6,8,5","Q,7"
09fae77f,flat,4,25,1025,1050,25,W,13,23,0,0,2,2,4,"3,J","2,Q,A,10"
09fae77f,flat,5,25,1050,1025,-25,L,17,19,0,0,9,2,2,"8,9","9,J"
09fae77f,flat,6,25,1025,1062,37,W,21,16,1,0,9,2,2,"A,K","9,7"
09fae77f,flat,7,25,1062,1037,-25,L,16,21,0,1,10,2,2,"A,5","10,A"
09fae77f,flat,8,25,1037,1062,25,W,20,18,0,0,8,2,2,"K,Q","8,10"
09fae77f,flat,9,25,1062,1099,37,W,21,13,1,0,7,2,2,"A,J","7,6"
09fae77f,flat,10,25,1099,1074,-25,L,17,19,0,0,A,3,2,"5,9,3","A,8"
09fae77f,flat,11,25,1074,1049,-25,L,16,18,0,0,4,2,3,"8,8","4,A,3"
09fae77f,flat,12,25,1049,1074,25,W,20,26,0,0,6,2,3,"K,10","6,Q,Q"
09fae77f,flat,13,25,1074,1049,-25,L,24,20,0,0,J,4,2,"2,8,6,8","J,Q"
09fae77f,flat,14,25,1049,1024,-25,L,20,21,0,1,A,2,2,"K,J","A,K"
09fae77f,flat,15,25,1024,1024,0,P,20,20,0,0,A,2,2,"K,Q","A,9"
09fae77f,flat,16,25,1024,1024,0,P,18,18,0,0,2,2,3,"J,8","2,8,8"
09fae77f,flat,17,25,1024,1049,25,W,19,25,0,0,K,2,3,"J,9","K,5,J"
09fae77f,flat,18,25,1049,1024,-25,L,17,21,0,0,2,3,4,"5,3,9","2,K,2,7"
0ba81173,flat,1,25,1000,1000,0,P,20,20,0,0,10,2,2,"J,Q","10,J"
0ba81173,flat,2,25,1000,1000,0,P,17,17,0,0,K,2,3,"7,Q","K,4,3"
0ba81173,flat,3,25,1000,975,-25,L,18,19,0,0,8,2,2,"9,9","8,A"
0ba81173,flat,4,25,975,1000,25,W,20,17,0,0,7,2,3,"10,J","7,2,8"
0ba81173,flat,5,25,1000,1025,25,W,20,17,0,0,A,2,2,"K,K","A,6"
0ba81173,flat,6,25,1025,1000,-25,L,13,20,0,0,2,2,3,"3,Q","2,8,K"
0ba81173,flat,7,25,1000,1025,25,W,21,17,0,0,9,3,2,"6,J,5","9,8"
0ba81173,flat,8,25,1025,1050,25,W,20,18,0,0,Q,2,3,"Q,Q","Q,4,4"
0ba81173,flat,9,25,1050,1075,25,W,21,18,0,0,8,4,2,"4,2,9,6","8,10"
0ba81173,flat,10,25,1075,1050,-25,L,12,17,0,0,6,2,2,"6,6","6,A"
0ba81173,flat,11,25,1050,1025,-25,L,25,18,0,0,J,3,2,"5,10,Q","J,8"
0ba81173,flat,12,25,1025,1000,-25,L,22,20,0,0,Q,3,2,"2,K,J","Q,Q"
0ba81173,flat,13,25,1000,975,-25,L,11,21,0,1,A,2,2,"4,7","A,Q"
0ba81173,flat,14,25,975,1025,50,W,21,19,0,0,7,3,3,"9,2,K","7,7,5"
0ba81173,flat,15,25,1025,1050,25,W,17,22,0,0,9,4,3,"2,5,6,4","9,3,Q"
0ba81173,flat,16,25,1050,1000,-50,L,16,19,0,0,7,3,3,"8,2,6","7,7,5"
0ba81173,flat,17,25,1000,1025,25,W,18,23,0,0,A,3,5,"6,2,J","A,A,Q,A,10"
0ba81173,flat,18,25,1025,1062,37,W,21,15,1,0,5,2,2,"10,A","5,Q"
0ec2fd43,flat,1,25,1000,1025,25,W,18,24,0,0,10,3,3,"4,9,5","10,4,K"
0ec2fd43,flat,2,25,1025,1000,-25,L,26,15,0,0,A,3,2,"6,10,K","A,4"
0ec2fd43,flat,3,25,1000,1000,0,P,17,17,0,0,7,2,3,"9,8","7,9,A"
0ec2fd43,flat,4,25,1000,975,-25,L,19,20,0,0,K,2,2,"8,A","K,J"
0ec2fd43,flat,5,25,975,950,-25,L,19,21,0,0,Q,2,3,"J,9","Q,5,6"
0ec2fd43,flat,6,25,950,950,0,P,18,18,0,0,9,4,3,"J,4,2,2","9,7,2"
0ec2fd43,flat,7,25,950,925,-25,L,24,16,0,0,8,4,2,"4,A,9,K","8,8"
0ec2fd43,flat,8,25,925,900,-25,L,22,15,0,0,10,4,2,"4,5,7,6","10,5"
0ec2fd43,flat,9,25,900,875,-25,L,22,10,0,0,8,3,2,"3,10,9","8,2"
0ec2fd43,flat,10,25,875,850,-25,L,22,15,0,0,K,3,2,"8,4,K","K,5"
0ec2fd43,flat,11,25,850,825,-25,L,19,20,0,0,10,2,3,"8,A","10,3,7"
0ec2fd43,flat,12,25,825,775,-50,L,17,18,0,0,4,3,3,"2,7,8","4,3,A"
0ec2fd43,flat,13,25,775,775,0,P,20,20,0,0,10,2,2,"K,J","10,10"
0ec2fd43,flat,14,25,775,750,-25,L,16,21,0,0,3,2,3,"J,6","3,7,A"
0ec2fd43,flat,15,25,750,725,-25,L,12,20,0,0,4,2,3,"8,4","4,6,10"
0ec2fd43,flat,16,25,725,750,25,W,20,26,0,0,8,2,3,"K,10","8,8,J"
0ec2fd43,flat,17,25,750,775,25,W,16,22,0,0,6,2,3,"5,A","6,6,J"
0ec2fd43,flat,18,25,775,750,-25,L,12,21,0,1,A,2,2,"3,9","A,Q"
35d9e30f,flat,1,25,1000,1025,25,W,21,20,0,0,J,4,2,"2,4,K,5","J,Q"
35d9e30f,flat,2,25,1025,1050,25,W,20,17,0,0,Q,4,2,"3,A,2,4","Q,7"
35d9e30f,flat,3,25,1050,1075,25,W,20,17,0,0,K,3,3,"10,6,4","K,4,3"
35d9e30f,flat,4,25,1075,1050,-25,L,14,18,0,0,3,3,3,"2,5,7","3,5,J"
35d9e30f,flat,5,25,1050,1025,-25,L,24,19,0,0,9,3,2,"7,7,K","9,J"
35d9e30f,flat,6,25,1025,1000,-25,L,6,21,0,1,Q,2,2,"3,3","Q,A"
35d9e30f,flat,7,25,1000,1025,25,W,18,17,0,0,A,2,2,"10,8","A,6"
35d9e30f,flat,8,25,1025,1000,-25,L,18,19,0,0,2,2,4,"A,7","2,4,7,6"
35d9e30f,flat,9,25,1000,1037,37,W,21,12,1,0,6,2,2,"A,Q","6,6"
35d9e30f,flat,10,25,1037,1062,25,W,15,22,0,0,3,3,3,"3,5,7","3,9,K"
35d9e30f,flat,11,25,1062,1037,-25,L,22,13,0,0,7,4,2,"5,A,6,Q","7,6"
35d9e30f,flat,12,25,1037,1062,25,W,20,26,0,0,J,2,3,"J,10","J,6,J"
35d9e30f,flat,13,25,1062,1037,-25,L,16,17,0,0,6,2,3,"J,6","6,K,A"
35d9e30f,flat,14,25,1037,1074,37,W,21,13,1,0,5,2,2,"A,10","5,8"
35d9e30f,flat,15,25,1074,1099,25,W,20,26,0,0,K,2,3,"J,K","K,6,J"
35d9e30f,flat,16,25,1099,1074,-25,L,23,14,0,0,7,3,2,"9,4,J","7,7"
35d9e30f,flat,17,25,1074,1099,25,W,14,24,0,0,2,3,4,"4,5,5","2,8,6,8"
35d9e30f,flat,18,25,1099,1074,-25,L,23,17,0,0,7,3,2,"4,K,9","7,J"
f601ae61,flat,1,25,1000,975,-25,L,18,20,0,0,K,2,2,"7,A","K,J"
f601ae61,flat,2,25,975,1000,25,W,17,22,0,0,2,2,4,"10,7","2,3,Q,7"
f601ae61,flat,3,25,1000,1025,25,W,18,26,0,0,6,3,3,"6,2,Q","6,10,Q"
f601ae61,flat,4,25,1025,975,-50,L,18,20,0,0,6,3,3,"6,4,8","6,K,4"
f601ae61,flat,5,25,975,1000,25,W,13,23,0,0,4,2,3,"5,8","4,10,9"
f601ae61,flat,6,25,1000,1037,37,W,21,12,1,0,9,2,2,"10,A","9,3"
f601ae61,flat,7,25,1037,1062,25,W,20,19,0,0,A,2,3,"10,K","A,4,4"
f601ae61,flat,8,25,1062,1062,0,P,17,17,0,0,4,2,3,"6,A","4,J,3"
f601ae61,flat,9,25,1062,1037,-25,L,16,20,0,0,5,2,6,"J,6","5,A,6,3,A,4"
f601ae61,flat,10,25,1037,987,-50,L,12,19,0,0,5,3,4,"7,2,3","5,2,3,9"
f601ae61,flat,11,25,987,987,0,P,18,18,0,0,8,2,2,"A,7","8,Q"
f601ae61,flat,12,25,987,1012,25,W,20,19,0,0,8,2,2,"J,Q","8,A"
f601ae61,flat,13,25,1012,987,-25,L,19,20,0,0,7,2,3,"K,9","7,3,J"
f601ae61,flat,14,25,987,987,0,P,17,17,0,0,10,2,3,"K,7","10,6,A"
f601ae61,flat,15,25,987,1012,25,W,17,24,0,0,2,2,4,"K,7","2,10,3,9"
f601ae61,flat,16,25,1012,987,-25,L,23,19,0,0,K,4,2,"9,4,A,9","K,9"
f601ae61,flat,17,25,987,962,-25,L,12,18,0,0,6,3,3,"3,3,6","6,K,2"
f601ae61,flat,18,25,962,937,-25,L,18,21,0,1,A,2,2,"10,8","A,10"
ffb25c14,flat,1,25,1000,975,-25,L,18,19,0,0,2,2,5,"A,7","2,5,2,4,6"
ffb25c14,flat,2,25,975,1000,25,W,18,17,0,0,J,2,2,"J,8","J,7"
ffb25c14,flat,3,25,1000,1025,25,W,20,25,0,0,10,2,3,"9,A","10,5,Q"
ffb25c14,flat,4,25,1025,1050,25,W,19,17,0,0,6,4,4,"2,3,4,Q","6,3,3,5"
ffb25c14,flat,5,25,1050,1025,-25,L,17,19,0,0,9,4,2,"2,6,8,A","9,10"
ffb25c14,flat,6,25,1025,1000,-25,L,17,21,0,0,5,2,3,"7,J","5,A,5"
ffb25c14,flat,7,25,1000,975,-25,L,22,12,0,0,8,3,2,"2,10,Q","8,4"
ffb25c14,flat,8,25,975,1012,37,W,21,9,1,0,4,2,2,"A,Q","4,5"
ffb25c14,flat,9,25,1012,1037,25,W,21,19,0,0,3,3,3,"Q,2,9","3,Q,6"
ffb25c14,flat,10,25,1037,1074,37,W,21,16,1,0,K,2,2,"A,K","K,6"
ffb25c14,flat,11,25,1074,1099,25,W,20,18,0,0,9,2,3,"J,J","9,3,6"
ffb25c14,flat,12,25,1099,1124,25,W,20,18,0,0,8,2,2,"K,10","8,Q"
ffb25c14,flat,13,25,1124,1099,-25,L,8,21,0,1,10,2,2,"6,2","10,A"
ffb25c14,flat,14,25,1099,1074,-25,L,17,19,0,0,A,2,2,"7,Q","A,8"
ffb25c14,flat,15,25,1074,1099,25,W,15,22,0,0,2,2,4,"5,J","2,A,10,9"
ffb25c14,flat,16,25,1099,1124,25,W,19,22,0,0,8,4,3,"3,J,2,4","8,4,10"
ffb25c14,flat,17,25,1124,1099,-25,L,26,19,0,0,10,3,2,"6,Q,K","10,9"
ffb25c14,flat,18,25,1099,1074,-25,L,25,20,0,0,Q,3,2,"Q,5,10","Q,J"
782de44c,flat,1,25,1000,1025,25,W,19,18,0,0,A,3,4,"10,4,5","A,5,8,4"
782de44c,flat,2,25,1025,1050,25,W,20,17,0,0,3,2,4,"K,J","3,2,Q,2"
782de44c,flat,3,25,1050,1025,-25,L,17,18,0,0,8,3,2,"5,Q,2","8,J"
782de44c,flat,4,25,1025,1050,25,W,15,23,0,0,6,2,3,"9,6","6,K,7"
782de44c,flat,5,25,1050,1087,37,W,21,14,1,0,4,2,2,"A,Q","4,K"
782de44c,flat,6,25,1087,1062,-25,L,23,16,0,0,K,3,2,"7,6,10","K,6"
782de44c,flat,7,25,1062,1037,-25,L,19,20,0,0,A,3,5,"6,10,3","A,2,3,7,7"
782de44c,flat,8,25,1037,1012,-25,L,22,12,0,0,2,3,2,"Q,2,K","2,J"
782de44c,flat,9,25,1012,987,-25,L,24,20,0,0,K,3,2,"10,4,10","K,J"
782de44c,flat,10,25,987,1037,50,W,21,20,0,0,7,3,4,"9,2,Q","7,4,A,8"
782de44c,flat,11,25,1037,1062,25,W,14,26,0,0,6,2,3,"9,5","6,Q,J"
782de44c,flat,12,25,1062,1037,-25,L,14,19,0,0,3,2,3,"3,A","3,6,J"
782de44c,flat,13,25,1037,1062,25,W,20,24,0,0,Q,2,3,"K,K","Q,4,J"
782de44c,flat,14,25,1062,1037,-25,L,25,13,0,0,J,3,2,"5,K,Q","J,3"
782de44c,flat,15,25,1037,1012,-25,L,15,17,0,0,6,2,3,"6,9","6,J,A"
782de44c,flat,16,25,1012,987,-25,L,23,17,0,0,8,3,2,"J,6,7","8,9"
782de44c,flat,17,25,987,1037,50,W,21,24,0,0,J,3,4,"2,9,K","J,3,A,J"
782de44c,flat,18,25,1037,1062,25,W,20,22,0,0,7,2,3,"K,Q","7,5,10"
70d2420b,flat,1,25,1000,1025,25,W,20,18,0,0,3,2,3,"J,10","3,5,J"
70d2420b,flat,2,25,1025,1050,25,W,20,19,0,0,10,3,2,"2,10,8","10,9"
70d2420b,flat,3,25,1050,1050,0,P,18,18,0,0,3,3,4,"2,6,Q","3,6,2,7"
70d2420b,flat,4,25,1050,1075,25,W,19,23,0,0,J,2,3,"Q,9","J,6,7"
70d2420b,flat,5,25,1075,1050,-25,L,24,13,0,0,9,3,2,"6,8,10","9,4"
70d2420b,flat,6,25,1050,1075,25,W,19,26,0,0,6,2,3,"9,J","6,10,10"
70d2420b,flat,7,25,1075,1050,-25,L,16,20,0,0,3,3,3,"3,4,9","3,10,7"
70d2420b,flat,8,25,1050,1075,25,W,20,26,0,0,K,3,3,"4,A,5","K,6,Q"
70d2420b,flat,9,25,1075,1100,25,W,20,19,0,0,4,2,3,"9,A","4,4,A"
70d2420b,flat,10,25,1100,1100,0,P,19,19,0,0,9,2,2,"9,J","9,Q"
70d2420b,flat,11,25,1100,1075,-25,L,18,21,0,1,A,2,2,"J,8","A,10"
70d2420b,flat,12,25,1075,1050,-25,L,15,18,0,0,4,2,4,"9,6","4,10,2,2"
70d2420b,flat,13,25,1050,1075,25,W,21,25,0,0,6,4,3,"2,5,4,Q","6,Q,9"
70d2420b,flat,14,25,1075,1050,-25,L,14,17,0,0,5,2,3,"3,A","5,K,2"
70d2420b,flat,15,25,1050,1025,-25,L,22,17,0,0,7,3,2,"4,K,8","7,Q"
70d2420b,flat,16,25,1025,1050,25,W,12,22,0,0,6,2,3,"9,3","6,6,10"
70d2420b,flat,17,25,1050,1075,25,W,20,17,0,0,9,2,2,"K,Q","9,8"
70d2420b,flat,18,25,1075,1100,25,W,17,23,0,0,J,2,3,"10,7","J,3,K"
1b1ef026,martingale,1,25,1000,975,-25,L,17,18,0,0,3,2,4,"J,7","3,5,4,6"
1b1ef026,martingale,2,50,975,1025,50,W,20,18,0,0,2,2,4,"K,Q","2,6,4,6"
1b1ef026,martingale,3,25,1025,1000,-25,L,19,20,0,0,5,3,3,"3,5,A","5,K,5"
1b1ef026,martingale,4,50,1000,950,-50,L,17,19,0,0,8,3,2,"K,3,4","8,A"
1b1ef026,martingale,5,100,950,1150,200,W,21,17,0,0,7,3,2,"2,9,Q","7,J"
1b1ef026,martingale,6,25,1150,1200,50,W,17,26,0,0,6,3,3,"8,3,6","6,10,K"
1b1ef026,martingale,7,25,1200,1175,-25,L,19,20,0,0,J,2,2,"A,8","J,J"
1b1ef026,martingale,8,50,1175,1225,50,W,19,26,0,0,7,3,3,"7,8,4","7,9,J"
1b1ef026,martingale,9,25,1225,1200,-25,L,19,20,0,0,Q,2,2,"9,K","Q,K"
1b1ef026,martingale,10,50,1200,1250,50,W,18,17,0,0,10,3,2,"5,K,3","10,7"
1b1ef026,martingale,11,25,1250,1225,-25,L,13,21,0,1,J,2,2,"6,7","J,A"
1b1ef026,martingale,12,50,1225,1275,50,W,13,25,0,0,2,2,4,"3,Q","2,3,Q,Q"
1b1ef026,martingale,13,25,1275,1225,-50,L,18,21,0,0,J,3,3,"5,6,7","J,2,9"
1b1ef026,martingale,14,50,1225,1175,-50,L,17,21,0,0,7,2,3,"6,A","7,4,K"
1b1ef026,martingale,15,100,1175,1075,-100,L,23,20,0,0,Q,3,2,"9,4,Q","Q,10"
1b1ef026,martingale,16,200,1075,1475,400,W,14,25,0,0,5,3,3,"6,3,5","5,K,K"
1b1ef026,martingale,17,25,1475,1450,-25,L,22,9,0,0,3,3,2,"9,3,Q","3,6"
1b1ef026,martingale,18,50,1450,1500,50,W,20,24,0,0,Q,4,3,"3,2,4,A","Q,5,9"
02c387cd,martingale,1,25,1000,1025,25,W,16,26,0,0,6,2,3,"7,9","6,Q,10"
02c387cd,martingale,2,25,1025,1050,25,W,21,19,0,0,A,4,2,"K,4,2,5","A,8"
02c387cd,martingale,3,25,1050,1025,-25,L,22,20,0,0,10,3,2,"7,5,K","10,10"
02c387cd,martingale,4,50,1025,975,-50,L,24,19,0,0,J,4,2,"2,4,J,8","J,9"
02c387cd,martingale,5,100,975,875,-100,L,17,19,0,0,K,3,2,"2,K,5","K,9"
02c387cd,martingale,6,200,875,675,-200,L,20,21,0,1,Q,2,2,"10,Q","Q,A"
02c387cd,martingale,7,400,675,275,-400,L,17,19,0,0,9,2,2,"8,9","9,10"
02c387cd,martingale,8,275,275,550,275,W,20,26,0,0,Q,2,3,"10,K","Q,6,J"
02c387cd,martingale,9,25,550,525,-25,L,18,21,0,0,J,3,3,"2,5,A","J,3,8"
02c387cd,martingale,10,50,525,575,50,W,16,23,0,0,5,2,4,"6,10","5,3,5,Q"
02c387cd,martingale,11,25,575,550,-25,L,20,21,0,0,3,2,4,"10,10","3,6,6,6"
02c387cd,martingale,12,50,550,600,50,W,20,17,0,0,A,2,2,"Q,J","A,6"
02c387cd,martingale,13,25,600,575,-25,L,15,20,0,0,3,2,3,"8,7","3,10,7"
02c387cd,martingale,14,50,575,525,-50,L,18,19,0,0,Q,2,2,"Q,8","Q,9"
02c387cd,martingale,15,100,525,625,100,W,16,22,0,0,3,3,4,"6,2,8","3,4,8,7"
02c387cd,martingale,16,25,625,575,-50,L,16,21,0,0,J,3,3,"4,7,5","J,6,5"
02c387cd,martingale,17,50,575,575,0,P,21,21,0,0,9,3,3,"A,A,9","9,4,8"
02c387cd,martingale,18,50,575,525,-50,L,17,18,0,0,7,3,2,"3,4,K","7,A"
b2d826c4,martingale,1,25,1000,1000,0,P,19,19,0,0,2,3,4,"6,3,J","2,3,J,4"
b2d826c4,martingale,2,25,1000,1037,37,W,21,15,1,0,K,2,2,"K,A","K,5"
b2d826c4,martingale,3,25,1037,1062,25,W,20,25,0,0,9,2,5,"A,9","9,3,2,A,J"
b2d826c4,martingale,4,25,1062,1037,-25,L,18,21,0,0,A,2,3,"8,J","A,4,6"
b2d826c4,martingale,5,50,1037,987,-50,L,26,19,0,0,Q,5,2,"3,2,10,A,10","Q,9"
b2d826c4,martingale,6,100,987,1087,100,W,16,22,0,0,3,2,4,"K,6","3,2,7,Q"
b2d826c4,martingale,7,25,1087,1062,-25,L,20,21,0,1,A,2,2,"10,K","A,J"
b2d826c4,martingale,8,50,1062,1012,-50,L,24,15,0,0,K,3,2,"9,7,8","K,5"
b2d826c4,martingale,9,100,1012,1212,200,W,21,22,0,0,7,3,3,"6,5,10","7,5,10"
b2d826c4,martingale,10,25,1212,1187,-25,L,23,16,0,0,8,3,2,"5,J,8","8,8"
b2d826c4,martingale,11,50,1187,1262,75,W,21,9,1,0,7,2,2,"A,Q","7,2"
b2d826c4,martingale,12,25,1262,1312,50,W,20,23,0,0,3,3,4,"4,6,Q","3,10,2,8"
b2d826c4,martingale,13,25,1312,1287,-25,L,16,19,0,0,6,2,3,"6,J","6,2,A"
b2d826c4,martingale,14,50,1287,1337,50,W,17,24,0,0,4,2,3,"10,7","4,J,J"
b2d826c4,martingale,15,25,1337,1337,0,P,20,20,0,0,9,2,2,"A,9","9,A"
b2d826c4,martingale,16,25,1337,1312,-25,L,17,20,0,0,Q,2,2,"7,Q","Q,10"
b2d826c4,martingale,17,50,1312,1262,-50,L,18,20,0,0,J,3,2,"Q,5,3","J,10"
b2d826c4,martingale,18,100,1262,1462,200,W,17,24,0,0,K,3,3,"9,2,6","K,5,9"
f0e5fd78,martingale,1,25,1000,1025,25,W,18,23,0,0,10,2,3,"Q,8","10,3,Q"
f0e5fd78,martingale,2,25,1025,1000,-25,L,24,17,0,0,A,3,2,"4,J,J","A,6"
f0e5fd78,martingale,3,50,1000,1050,50,W,14,24,0,0,3,2,5,"Q,4","3,3,2,6,10"
f0e5fd78,martingale,4,25,1050,1000,-50,L,15,17,0,0,6,3,2,"8,3,4","6,A"
f0e5fd78,martingale,5,50,1000,950,-50,L,22,12,0,0,J,3,2,"7,9,6","J,2"
f0e5fd78,martingale,6,100,950,1050,100,W,19,17,0,0,J,3,4,"8,8,3","J,4,A,2"
f0e5fd78,martingale,7,25,1050,1050,0,P,18,18,0,0,K,3,3,"5,3,Q","K,4,4"
f0e5fd78,martingale,8,25,1050,1075,25,W,20,17,0,0,8,2,2,"K,10","8,9"
f0e5fd78,martingale,9,25,1075,1075,0,P,19,19,0,0,2,3,3,"8,4,7","2,7,K"
f0e5fd78,martingale,10,25,1075,1100,25,W,16,24,0,0,4,3,3,"3,3,Q","4,K,J"
f0e5fd78,martingale,11,25,1100,1075,-25,L,22,18,0,0,8,3,2,"5,J,7","8,K"
f0e5fd78,martingale,12,50,1075,975,-100,L,12,20,0,0,J,3,2,"5,6,A","J,K"
f0e5fd78,martingale,13,100,975,875,-100,L,13,18,0,0,2,2,3,"3,J","2,7,9"
f0e5fd78,martingale,14,200,875,675,-200,L,24,15,0,0,10,5,2,"3,9,A,2,9","10,5"
f0e5fd78,martingale,15,400,675,275,-400,L,22,18,0,0,8,3,2,"K,2,10","8,Q"
f0e5fd78,martingale,16,275,275,0,-275,L,16,19,0,0,6,2,3,"A,5","6,5,8"
c23bd2b4,martingale,1,25,1000,975,-25,L,17,21,0,1,J,2,2,"7,Q","J,A"
c23bd2b4,martingale,2,50,975,1075,100,W,21,20,0,0,Q,3,3,"3,8,J","Q,5,5"
c23bd2b4,martingale,3,25,1075,1050,-25,L,13,19,0,0,6,2,3,"10,3","6,5,8"
c23bd2b4,martingale,4,50,1050,1000,-50,L,17,20,0,0,K,2,3,"7,K","K,6,4"
c23bd2b4,martingale,5,100,1000,1100,100,W,20,24,0,0,5,2,3,"K,J","5,K,9"
c23bd2b4,martingale,6,25,1100,1125,25,W,19,18,0,0,8,2,2,"9,J","8,10"
c23bd2b4,martingale,7,25,1125,1100,-25,L,18,21,0,0,8,4,4,"3,5,4,6","8,6,A,6"
c23bd2b4,martingale,8,50,1100,1150,50,W,20,18,0,0,J,3,2,"2,8,J","J,8"
c23bd2b4,martingale,9,25,1150,1187,37,W,21,12,1,0,5,2,2,"A,Q","5,7"
c23bd2b4,martingale,10,25,1187,1162,-25,L,10,21,0,1,Q,2,2,"8,2","Q,A"
c23bd2b4,martingale,11,50,1162,1112,-50,L,13,20,0,0,3,2,3,"3,10","3,7,Q"
c23bd2b4,martingale,12,100,1112,1212,100,W,20,23,0,0,3,2,3,"J,K","3,10,Q"
c23bd2b4,martingale,13,25,1212,1187,-25,L,26,19,0,0,9,4,2,"5,A,Q,K","9,J"
c23bd2b4,martingale,14,50,1187,1237,50,W,18,24,0,0,3,2,6,"8,10","3,Q,A,A,A,8"
c23bd2b4,martingale,15,25,1237,1262,25,W,20,24,0,0,10,2,3,"10,K","10,4,Q"
c23bd2b4,martingale,16,25,1262,1287,25,W,18,17,0,0,2,2,3,"8,Q","2,6,9"
c23bd2b4,martingale,17,25,1287,1324,37,W,21,15,1,0,5,2,2,"A,Q","5,K"
c23bd2b4,martingale,18,25,1324,1299,-25,L,22,13,0,0,Q,3,2,"9,4,9","Q,3"
f02e5165,martingale,1,25,1000,1025,25,W,20,18,0,0,8,3,2,"5,7,8","8,10"
f02e5165,martingale,2,25,1025,1050,25,W,20,26,0,0,10,3,3,"8,2,Q","10,6,K"
f02e5165,martingale,3,25,1050,1025,-25,L,18,20,0,0,7,4,3,"5,2,2,9","7,3,J"
f02e5165,martingale,4,50,1025,975,-50,L,12,18,0,0,6,2,4,"3,9","6,3,4,5"
f02e5165,martingale,5,100,975,775,-200,L,16,21,0,0,6,3,4,"2,8,6","6,3,6,6"
f02e5165,martingale,6,200,775,775,0,P,21,21,1,1,10,2,2,"K,A","10,A"
f02e5165,martingale,7,200,775,775,0,P,21,21,0,0,6,3,3,"5,5,A","6,6,9"
f02e5165,martingale,8,200,775,975,200,W,19,17,0,0,Q,2,3,"8,A","Q,2,5"
f02e5165,martingale,9,25,975,950,-25,L,13,21,0,0,5,2,4,"10,3","5,3,3,10"
f02e5165,martingale,10,50,950,1000,50,W,17,26,0,0,Q,2,3,"9,8","Q,6,Q"
f02e5165,martingale,11,25,1000,975,-25,L,20,21,0,0,7,2,4,"Q,Q","7,8,A,5"
f02e5165,martingale,12,50,975,1025,50,W,20,17,0,0,8,2,2,"9,A","8,9"
f02e5165,martingale,13,25,1025,1000,-25,L,12,21,0,1,Q,2,2,"9,3","Q,A"
f02e5165,martingale,14,50,1000,950,-50,L,17,21,0,0,3,2,4,"K,7","3,2,5,A"
f02e5165,martingale,15,100,950,850,-100,L,26,20,0,0,J,4,2,"4,2,Q,J","J,J"
f02e5165,martingale,16,200,850,650,-200,L,17,21,0,1,Q,2,2,"J,7","Q,A"
f02e5165,martingale,17,400,650,1050,400,W,12,22,0,0,6,3,3,"8,2,2","6,6,10"
f02e5165,martingale,18,25,1050,1075,25,W,19,18,0,0,8,3,2,"6,3,Q","8,Q"
d6cdb057,martingale,1,25,1000,975,-25,L,18,21,0,0,7,3,3,"5,8,5","7,3,A"
d6cdb057,martingale,2,50,975,925,-50,L,15,21,0,1,A,2,2,"5,10","A,K"
d6cdb057,martingale,3,100,925,825,-100,L,17,20,0,0,8,3,4,"K,4,3","8,2,2,8"
d6cdb057,martingale,4,200,825,1025,200,W,20,17,0,0,2,2,3,"10,J","2,Q,5"
d6cdb057,martingale,5,25,1025,1062,37,W,21,14,1,0,J,2,2,"10,A","J,4"
d6cdb057,martingale,6,25,1062,1037,-25,L,25,19,0,0,K,4,2,"5,9,A,K","K,9"
d6cdb057,martingale,7,50,1037,1087,50,W,17,22,0,0,6,2,3,"A,6","6,6,10"
d6cdb057,martingale,8,25,1087,1062,-25,L,24,12,0,0,9,3,2,"Q,6,8","9,3"
d6cdb057,martingale,9,50,1062,1012,-50,L,17,20,0,0,Q,4,2,"A,A,J,5","Q,J"
d6cdb057,martingale,10,100,1012,912,-100,L,17,20,0,0,9,2,2,"Q,7","9,A"
d6cdb057,martingale,11,200,912,712,-200,L,24,13,0,0,K,4,2,"3,4,7,J","K,3"
d6cdb057,martingale,12,400,712,312,-400,L,24,16,0,0,Q,3,2,"10,5,9","Q,6"
d6cdb057,martingale,13,312,312,624,312,W,17,25,0,0,K,2,4,"7,Q","K,3,2,Q"
d6cdb057,martingale,14,25,624,649,25,W,18,26,0,0,Q,3,5,"2,6,Q","Q,3,2,A,10"
d6cdb057,martingale,15,25,649,674,25,W,18,24,0,0,8,4,3,"3,A,A,3","8,6,K"
d6cdb057,martingale,16,25,674,699,25,W,20,17,0,0,5,2,3,"Q,10","5,J,2"
d6cdb057,martingale,17,25,699,749,50,W,14,23,0,0,5,3,4,"8,3,3","5,5,3,Q"
d6cdb057,martingale,18,25,749,774,25,W,19,18,0,0,Q,2,3,"9,Q","Q,4,4"
1d675b88,martingale,1,25,1000,1025,25,W,18,17,0,0,10,5,2,"2,3,4,7,2","10,7"
1d675b88,martingale,2,25,1025,1050,25,W,18,23,0,0,8,2,3,"J,8","8,7,8"
1d675b88,martingale,3,25,1050,1025,-25,L,25,13,0,0,7,4,2,"A,4,Q,10","7,6"
1d675b88,martingale,4,50,1025,975,-50,L,12,21,0,1,10,2,2,"5,7","10,A"
1d675b88,martingale,5,100,975,875,-100,L,14,17,0,0,6,2,2,"4,J","6,A"
1d675b88,martingale,6,200,875,875,0,P,20,20,0,0,4,2,3,"10,10","4,8,8"
1d675b88,martingale,7,200,875,1075,200,W,20,17,0,0,A,3,2,"2,10,8","A,6"
1d675b88,martingale,8,25,1075,1050,-25,L,16,20,0,0,5,2,4,"6,Q","5,3,4,8"
1d675b88,martingale,9,50,1050,1000,-50,L,20,21,0,0,6,2,3,"Q,K","6,5,J"
1d675b88,martingale,10,100,1000,1200,200,W,12,24,0,0,K,3,3,"8,3,A","K,4,Q"
1d675b88,martingale,11,25,1200,1175,-25,L,18,21,0,1,A,2,2,"8,10","A,10"
1d675b88,martingale,12,50,1175,1175,0,P,21,21,0,0,7,4,4,"5,3,4,9","7,5,3,6"
1d675b88,martingale,13,50,1175,1125,-50,L,16,21,0,0,6,4,3,"3,3,2,8","6,9,6"
1d675b88,martingale,14,100,1125,1225,100,W,20,22,0,0,Q,2,3,"J,10","Q,5,7"
1d675b88,martingale,15,25,1225,1200,-25,L,17,18,0,0,8,4,2,"2,7,3,5","8,10"
1d675b88,martingale,16,50,1200,1250,50,W,17,24,0,0,4,2,3,"6,A","4,J,J"
1d675b88,martingale,17,25,1250,1225,-25,L,24,13,0,0,K,3,2,"4,Q,10","K,3"
1d675b88,martingale,18,50,1225,1175,-50,L,17,19,0,0,9,3,2,"2,5,K","9,Q"
d594cbb0,martingale,1,25,1000,975,-25,L,26,20,0,0,K,3,2,"9,7,10","K,10"
d594cbb0,martingale,2,50,975,1025,50,W,12,23,0,0,5,3,3,"5,3,4","5,Q,8"
d594cbb0,martingale,3,25,1025,1025,0,P,18,18,0,0,K,2,2,"7,A","K,8"
d594cbb0,martingale,4,25,1025,1000,-25,L,24,13,0,0,J,3,2,"4,K,10","J,3"
d594cbb0,martingale,5,50,1000,1050,50,W,20,19,0,0,K,2,3,"K,10","K,4,5"
d594cbb0,martingale,6,25,1050,1000,-50,L,12,21,0,0,5,3,6,"5,6,A","5,2,5,2,A,6"
d594cbb0,martingale,7,50,1000,900,-100,L,13,18,0,0,10,3,2,"5,6,2","10,8"
d594cbb0,martingale,8,100,900,1000,100,W,15,23,0,0,4,2,5,"4,A","4,2,4,3,K"
d594cbb0,martingale,9,25,1000,1037,37,W,21,13,1,0,K,2,2,"A,K","K,3"
d594cbb0,martingale,10,25,1037,1012,-25,L,17,18,0,0,10,4,2,"2,8,3,4","10,8"
d594cbb0,martingale,11,50,1012,962,-50,L,18,20,0,0,K,3,2,"K,4,4","K,Q"
d594cbb0,martingale,12,100,962,1062,100,W,14,23,0,0,3,2,3,"A,3","3,10,Q"
d594cbb0,martingale,13,25,1062,1112,50,W,21,19,0,0,9,3,2,"8,3,10","9,Q"
d594cbb0,martingale,14,25,1112,1137,25,W,16,25,0,0,5,2,3,"A,5","5,10,10"
d594cbb0,martingale,15,25,1137,1112,-25,L,14,18,0,0,4,2,4,"9,5","4,3,4,7"
d594cbb0,martingale,16,50,1112,1212,100,W,20,18,0,0,4,3,4,"6,5,9","4,4,5,5"
d594cbb0,martingale,17,25,1212,1249,37,W,21,16,1,0,Q,2,2,"Q,A","Q,6"
d594cbb0,martingale,18,25,1249,1274,25,W,18,17,0,0,A,2,2,"7,A","A,6"
6bdc91de,martingale,1,25,1000,975,-25,L,23,18,0,0,7,3,2,"7,9,7","7,A"
6bdc91de,martingale,2,50,975,1025,50,W,18,22,0,0,5,2,4,"8,K","5,A,7,9"
6bdc91de,martingale,3,25,1025,1000,-25,L,25,14,0,0,Q,3,2,"6,9,Q","Q,4"
6bdc91de,martingale,4,50,1000,950,-50,L,5,21,0,1,J,2,2,"2,3","J,A"
6bdc91de,martingale,5,100,950,850,-100,L,15,20,0,0,5,2,3,"9,6","5,5,J"
6bdc91de,martingale,6,200,850,1150,300,W,21,17,1,0,J,2,2,"A,10","J,7"
6bdc91de,martingale,7,25,1150,1200,50,W,21,17,0,0,7,3,2,"5,6,10","7,K"
6bdc91de,martingale,8,25,1200,1250,50,W,13,23,0,0,10,3,3,"9,2,2","10,3,J"
6bdc91de,martingale,9,25,1250,1275,25,W,19,24,0,0,Q,3,3,"5,3,A","Q,4,10"
6bdc91de,martingale,10,25,1275,1250,-25,L,18,20,0,0,3,2,3,"J,8","3,Q,7"
6bdc91de,martingale,11,50,1250,1250,0,P,20,20,0,0,K,4,3,"6,3,4,7","K,4,6"
6bdc91de,martingale,12,50,1250,1300,50,W,18,17,0,0,9,3,2,"4,4,10","9,8"
6bdc91de,martingale,13,25,1300,1325,25,W,21,17,0,0,8,3,2,"A,2,8","8,9"
6bdc91de,martingale,14,25,1325,1300,-25,L,18,19,0,0,9,3,2,"J,5,3","9,10"
6bdc91de,martingale,15,50,1300,1300,0,P,20,20,0,0,J,3,3,"9,2,9","J,3,7"
6bdc91de,martingale,16,50,1300,1250,-50,L,15,21,0,1,A,2,2,"5,K","A,K"
6bdc91de,martingale,17,100,1250,1050,-200,L,13,21,0,0,2,3,3,"4,6,3","2,J,9"
6bdc91de,martingale,18,200,1050,1450,400,W,21,26,0,0,6,3,3,"6,5,J","6,K,Q"
dd71df3a,martingale,1,25,1000,975,-25,L,22,18,0,0,10,3,2,"2,J,10","10,8"
dd71df3a,martingale,2,50,975,925,-50,L,15,20,0,0,2,2,4,"6,9","2,6,2,Q"
dd71df3a,martingale,3,100,925,1025,100,W,18,23,0,0,7,3,3,"2,K,6","7,6,Q"
dd71df3a,martingale,4,25,1025,1000,-25,L,16,19,0,0,6,2,3,"6,10","6,3,Q"
dd71df3a,martingale,5,50,1000,950,-50,L,25,20,0,0,10,3,2,"5,J,Q","10,J"
dd71df3a,martingale,6,100,950,850,-100,L,24,13,0,0,K,3,2,"4,J,J","K,3"
dd71df3a,martingale,7,200,850,1050,200,W,21,20,0,0,K,3,2,"9,5,7","K,K"
dd71df3a,martingale,8,25,1050,1025,-25,L,24,13,0,0,K,3,2,"4,J,J","K,3"
dd71df3a,martingale,9,50,1025,975,-50,L,18,19,0,0,K,3,3,"Q,4,4","K,4,5"
dd71df3a,martingale,10,100,975,975,0,P,19,19,0,0,A,3,3,"2,9,8","A,2,6"
dd71df3a,martingale,11,100,975,1075,100,W,17,23,0,0,9,2,3,"Q,7","9,4,10"
dd71df3a,martingale,12,25,1075,1125,50,W,21,24,0,0,3,3,4,"2,8,A","3,A,J,Q"
dd71df3a,martingale,13,25,1125,1100,-25,L,18,19,0,0,3,2,3,"8,Q","3,6,10"
dd71df3a,martingale,14,50,1100,1150,50,W,20,18,0,0,8,3,2,"2,J,8","8,Q"
dd71df3a,martingale,15,25,1150,1125,-25,L,19,21,0,0,7,4,3,"3,2,Q,4","7,3,A"
dd71df3a,martingale,16,50,1125,1075,-50,L,13,21,0,1,J,2,2,"4,9","J,A"
dd71df3a,martingale,17,100,1075,1275,200,W,20,26,0,0,6,3,3,"4,6,J","6,Q,K"
dd71df3a,martingale,18,25,1275,1300,25,W,21,19,0,0,9,3,3,"Q,6,5","9,5,5"
603b7e31,martingale,1,25,1000,1037,37,W,21,11,1,0,3,2,2,"A,J","3,8"
603b7e31,martingale,2,25,1037,1012,-25,L,13,18,0,0,3,2,3,"8,5","3,9,6"
603b7e31,martingale,3,50,1012,962,-50,L,23,17,0,0,10,3,2,"5,9,9","10,7"
603b7e31,martingale,4,100,962,1062,100,W,21,18,0,0,Q,3,2,"K,5,6","Q,8"
603b7e31,martingale,5,25,1062,1037,-25,L,11,21,0,1,A,2,2,"5,6","A,10"
603b7e31,martingale,6,50,1037,1087,50,W,21,18,0,0,7,5,2,"3,2,A,J,5","7,A"
603b7e31,martingale,7,25,1087,1062,-25,L,22,18,0,0,J,3,2,"K,2,Q","J,8"
603b7e31,martingale,8,50,1062,1012,-50,L,16,20,0,0,6,2,3,"8,8","6,7,7"
603b7e31,martingale,9,100,1012,912,-100,L,22,15,0,0,J,3,2,"Q,5,7","J,5"
603b7e31,martingale,10,200,912,712,-200,L,26,16,0,0,Q,4,2,"A,5,J,K","Q,6"
603b7e31,martingale,11,400,712,1112,400,W,13,22,0,0,4,2,3,"6,7","4,8,Q"
603b7e31,martingale,12,25,1112,1162,50,W,20,24,0,0,3,3,4,"2,8,K","3,J,A,10"
603b7e31,martingale,13,25,1162,1137,-25,L,18,20,0,0,10,3,3,"Q,5,3","10,4,6"
603b7e31,martingale,14,50,1137,1187,50,W,15,23,0,0,3,2,3,"6,9","3,J,J"
603b7e31,martingale,15,25,1187,1212,25,W,20,17,0,0,K,3,2,"A,A,8","K,7"
603b7e31,martingale,16,25,1212,1187,-25,L,18,20,0,0,J,4,2,"2,3,3,K","J,10"
603b7e31,martingale,17,50,1187,1137,-50,L,17,20,0,0,K,2,3,"7,10","K,6,4"
603b7e31,martingale,18,100,1137,937,-200,L,12,18,0,0,A,3,3,"2,9,A","A,3,4"
46c461b8,martingale,1,25,1000,1025,25,W,19,22,0,0,6,2,3,"8,A","6,6,J"
46c461b8,martingale,2,25,1025,975,-50,L,16,20,0,0,Q,3,2,"4,7,5","Q,J"
46c461b8,martingale,3,50,975,925,-50,L,22,20,0,0,10,4,2,"2,A,9,K","10,J"
46c461b8,martingale,4,100,925,825,-100,L,22,14,0,0,7,3,2,"K,6,6","7,7"
46c461b8,martingale,5,200,825,625,-200,L,13,19,0,0,3,2,3,"3,10","3,K,6"
46c461b8,martingale,6,400,625,1025,400,W,19,18,0,0,7,2,2,"9,J","7,A"
46c461b8,martingale,7,25,1025,1000,-25,L,22,17,0,0,A,3,2,"J,3,9","A,6"
46c461b8,martingale,8,50,1000,1050,50,W,19,18,0,0,10,3,3,"5,4,10","10,2,6"
46c461b8,martingale,9,25,1050,1025,-25,L,25,17,0,0,K,3,2,"5,J,Q","K,7"
46c461b8,martingale,10,50,1025,975,-50,L,16,21,0,0,4,2,3,"Q,6","4,J,7"
46c461b8,martingale,11,100,975,1075,100,W,15,24,0,0,4,2,3,"6,9","4,Q,K"
46c461b8,martingale,12,25,1075,1100,25,W,13,26,0,0,3,2,4,"K,3","3,3,10,Q"
46c461b8,martingale,13,25,1100,1125,25,W,20,22,0,0,J,3,3,"4,K,6","J,3,9"
46c461b8,martingale,14,25,1125,1175,50,W,18,24,0,0,3,3,4,"7,2,9","3,5,6,Q"
46c461b8,martingale,15,25,1175,1225,50,W,15,22,0,0,7,3,3,"6,5,4","7,7,8"
46c461b8,martingale,16,25,1225,1250,25,W,20,17,0,0,4,2,3,"10,10","4,3,Q"
46c461b8,martingale,17,25,1250,1275,25,W,20,17,0,0,Q,2,2,"K,J","Q,7"
46c461b8,martingale,18,25,1275,1300,25,W,20,26,0,0,8,2,3,"9,A","8,8,Q"
4791ad41,martingale,1,25,1000,975,-25,L,19,21,0,1,K,2,2,"8,A","K,A"
4791ad41,martingale,2,50,975,1050,75,W,21,20,1,0,Q,2,2,"A,K","Q,Q"
4791ad41,martingale,3,25,1050,1025,-25,L,26,18,0,0,8,3,2,"6,Q,Q","8,10"
4791ad41,martingale,4,50,1025,975,-50,L,19,20,0,0,A,4,3,"3,4,5,7","A,A,8"
4791ad41,martingale,5,100,975,875,-100,L,18,20,0,0,7,4,3,"2,3,9,4","7,5,8"
4791ad41,martingale,6,200,875,1075,200,W,20,19,0,0,J,2,2,"K,J","J,9"
4791ad41,martingale,7,25,1075,1050,-25,L,19,20,0,0,10,4,2,"5,2,2,10","10,K"
4791ad41,martingale,8,50,1050,1100,50,W,15,22,0,0,2,3,5,"3,2,Q","2,5,2,4,9"
4791ad41,martingale,9,25,1100,1125,25,W,19,17,0,0,A,2,2,"9,J","A,6"
4791ad41,martingale,10,25,1125,1150,25,W,19,26,0,0,10,3,4,"4,9,6","10,4,2,K"
4791ad41,martingale,11,25,1150,1125,-25,L,15,19,0,0,5,2,4,"7,8","5,2,2,K"
4791ad41,martingale,12,50,1125,1200,75,W,21,16,1,0,6,2,2,"A,10","6,K"
4791ad41,martingale,13,25,1200,1175,-25,L,24,19,0,0,8,4,2,"2,5,7,10","8,A"
4791ad41,martingale,14,50,1175,1075,-100,L,19,20,0,0,5,3,3,"2,7,K","5,5,K"
4791ad41,martingale,15,100,1075,975,-100,L,25,20,0,0,A,3,2,"6,10,9","A,9"
4791ad41,martingale,16,200,975,775,-200,L,14,21,0,1,A,2,2,"K,4","A,Q"
4791ad41,martingale,17,400,775,375,-400,L,24,14,0,0,7,4,2,"6,3,5,J","7,7"
4791ad41,martingale,18,375,375,750,375,W,20,19,0,0,J,3,2,"6,3,A","J,9"
8dee3dbf,martingale,1,25,1000,1025,25,W,20,19,0,0,8,4,4,"10,3,A,6","8,3,3,5"
8dee3dbf,martingale,2,25,1025,1000,-25,L,16,21,0,1,A,2,2,"10,6","A,10"
8dee3dbf,martingale,3,50,1000,1000,0,P,18,18,0,0,8,4,2,"2,4,J,2","8,10"
8dee3dbf,martingale,4,50,1000,1050,50,W,21,24,0,0,8,3,3,"6,Q,5","8,8,8"
8dee3dbf,martingale,5,25,1050,1075,25,W,20,17,0,0,Q,2,2,"Q,Q","Q,7"
8dee3dbf,martingale,6,25,1075,1050,-25,L,24,14,0,0,A,3,2,"6,Q,8","A,3"
8dee3dbf,martingale,7,50,1050,1100,50,W,17,25,0,0,5,3,3,"3,4,Q","5,10,K"
8dee3dbf,martingale,8,25,1100,1125,25,W,19,18,0,0,J,2,3,"K,9","J,6,2"
8dee3dbf,martingale,9,25,1125,1150,25,W,16,26,0,0,6,3,3,"2,3,A","6,10,K"
8dee3dbf,martingale,10,25,1150,1150,0,P,20,20,0,0,6,2,3,"10,10","6,4,K"
8dee3dbf,martingale,11,25,1150,1125,-25,L,22,11,0,0,9,3,2,"6,J,6","9,2"
8dee3dbf,martingale,12,50,1125,1175,50,W,20,19,0,0,7,2,3,"K,10","7,2,K"
8dee3dbf,martingale,13,25,1175,1150,-25,L,23,12,0,0,7,3,2,"J,5,8","7,5"
8dee3dbf,martingale,14,50,1150,1100,-50,L,26,18,0,0,8,3,2,"K,6,K","8,J"
8dee3dbf,martingale,15,100,1100,1000,-100,L,23,19,0,0,A,3,2,"10,3,K","A,8"
8dee3dbf,martingale,16,200,1000,800,-200,L,15,20,0,0,3,2,3,"5,J","3,7,Q"
8dee3dbf,martingale,17,400,800,400,-400,L,22,9,0,0,2,3,2,"7,5,K","2,7"
8dee3dbf,martingale,18,400,400,0,-400,L,18,21,0,0,4,3,3,"3,7,8","4,7,K"
d7866340,martingale,1,25,1000,1025,25,W,18,17,0,0,7,3,2,"Q,4,4","7,10"
d7866340,martingale,2,25,1025,1000,-25,L,20,21,0,0,2,2,4,"J,K","2,4,5,J"
d7866340,martingale,3,50,1000,1050,50,W,13,25,0,0,4,2,4,"3,10","4,10,A,K"
d7866340,martingale,4,25,1050,1025,-25,L,14,18,0,0,2,2,3,"6,8","2,Q,6"
d7866340,martingale,5,50,1025,1075,50,W,19,24,0,0,9,2,3,"9,J","9,7,8"
d7866340,martingale,6,25,1075,1050,-25,L,17,21,0,0,8,3,3,"2,J,5","8,4,9"
d7866340,martingale,7,50,1050,1150,100,W,20,23,0,0,3,3,3,"4,6,J","3,K,K"
d7866340,martingale,8,25,1150,1100,-50,L,18,20,0,0,3,3,4,"7,3,8","3,3,4,Q"
d7866340,martingale,9,50,1100,1150,50,W,19,18,0,0,Q,3,2,"6,6,7","Q,8"
d7866340,martingale,10,25,1150,1175,25,W,21,23,0,0,9,4,3,"A,2,A,7","9,4,Q"
d7866340,martingale,11,25,1175,1175,0,P,19,19,0,0,Q,2,3,"A,8","Q,4,5"
d7866340,martingale,12,25,1175,1150,-25,L,16,19,0,0,3,2,3,"6,Q","3,6,10"
d7866340,martingale,13,50,1150,1050,-100,L,19,20,0,0,5,3,3,"6,5,8","5,5,Q"
d7866340,martingale,14,100,1050,950,-100,L,13,21,0,1,Q,2,2,"5,8","Q,A"
d7866340,martingale,15,200,950,1150,200,W,20,23,0,0,2,2,5,"J,Q","2,4,7,A,9"
d7866340,martingale,16,25,1150,1125,-25,L,18,19,0,0,9,3,2,"3,6,9","9,J"
d7866340,martingale,17,50,1125,1175,50,W,14,22,0,0,2,2,3,"J,4","2,J,Q"
d7866340,martingale,18,25,1175,1150,-25,L,26,13,0,0,8,4,2,"2,4,J,K","8,5"
70aca298,martingale,1,25,1000,975,-25,L,13,21,0,1,J,2,2,"2,A","J,A"
70aca298,martingale,2,50,975,1025,50,W,18,17,0,0,7,2,2,"7,A","7,K"
70aca298,martingale,3,25,1025,1050,25,W,19,18,0,0,8,2,2,"9,K","8,Q"
70aca298,martingale,4,25,1050,1075,25,W,15,23,0,0,3,3,3,"J,2,3","3,Q,Q"
70aca298,martingale,5,25,1075,1050,-25,L,17,20,0,0,3,2,3,"J,7","3,10,7"
70aca298,martingale,6,50,1050,1050,0,P,20,20,0,0,J,2,2,"9,A","J,10"
70aca298,martingale,7,50,1050,1000,-50,L,16,17,0,0,6,2,2,"6,Q","6,A"
70aca298,martingale,8,100,1000,1100,100,W,17,22,0,0,K,2,3,"J,7","K,2,J"
70aca298,martingale,9,25,1100,1075,-25,L,17,20,0,0,9,3,2,"7,5,5","9,A"
70aca298,martingale,10,50,1075,1025,-50,L,14,18,0,0,5,2,3,"5,9","5,5,8"
70aca298,martingale,11,100,1025,1025,0,P,21,21,1,1,A,2,2,"A,10","A,J"
70aca298,martingale,12,100,1025,1125,100,W,15,25,0,0,5,2,5,"5,Q","5,A,8,2,9"
70aca298,martingale,13,25,1125,1100,-25,L,17,19,0,0,9,5,3,"2,3,4,2,6","9,3,7"
70aca298,martingale,14,50,1100,1100,0,P,20,20,0,0,K,3,2,"6,7,7","K,K"
70aca298,martingale,15,50,1100,1150,50,W,20,17,0,0,9,3,2,"9,7,4","9,8"
70aca298,martingale,16,25,1150,1150,0,P,17,17,0,0,6,2,2,"Q,7","6,A"
70aca298,martingale,17,25,1150,1125,-25,L,17,20,0,0,10,2,2,"7,J","10,Q"
70aca298,martingale,18,50,1125,1075,-50,L,13,17,0,0,6,2,3,"4,9","6,8,3"
4be256ed,martingale,1,25,1000,975,-25,L,12,20,0,0,4,2,3,"8,4","4,Q,6"
4be256ed,martingale,2,50,975,925,-50,L,23,12,0,0,A,3,2,"3,Q,J","A,A"
4be256ed,martingale,3,100,925,825,-100,L,20,21,0,0,Q,2,3,"A,9","Q,5,6"
4be256ed,martingale,4,200,825,1025,200,W,21,17,0,0,J,4,3,"3,A,10,7","J,4,3"
4be256ed,martingale,5,25,1025,1050,25,W,17,22,0,0,2,2,3,"7,K","2,K,Q"
4be256ed,martingale,6,25,1050,1075,25,W,19,18,0,0,K,2,2,"J,9","K,8"
4be256ed,martingale,7,25,1075,1100,25,W,16,25,0,0,2,2,4,"5,A","2,J,3,K"
4be256ed,martingale,8,25,1100,1125,25,W,21,17,0,0,7,3,2,"A,4,6","7,Q"
4be256ed,martingale,9,25,1125,1150,25,W,14,23,0,0,3,2,4,"9,5","3,A,9,Q"
4be256ed,martingale,10,25,1150,1150,0,P,17,17,0,0,7,2,3,"9,8","7,2,8"
4be256ed,martingale,11,25,1150,1150,0,P,17,17,0,0,7,3,3,"J,3,4","7,7,3"
4be256ed,martingale,12,25,1150,1175,25,W,16,25,0,0,6,2,5,"9,7","6,3,3,3,K"
4be256ed,martingale,13,25,1175,1200,25,W,19,26,0,0,5,2,4,"10,9","5,Q,A,Q"
4be256ed,martingale,14,25,1200,1250,50,W,19,23,0,0,5,3,3,"3,6,J","5,Q,8"
4be256ed,martingale,15,25,1250,1287,37,W,21,14,1,0,4,2,2,"K,A","4,J"
4be256ed,martingale,16,25,1287,1262,-25,L,12,20,0,0,6,2,3,"2,Q","6,9,5"
4be256ed,martingale,17,50,1262,1362,100,W,15,23,0,0,6,3,4,"6,4,5","6,5,2,K"
4be256ed,martingale,18,25,1362,1337,-25,L,16,21,0,0,6,2,3,"6,J","6,4,A"
9a9113c5,martingale,1,25,1000,975,-25,L,18,21,0,0,2,2,3,"10,8","2,Q,9"
9a9113c5,martingale,2,50,975,1025,50,W,14,22,0,0,5,2,3,"9,5","5,J,7"
9a9113c5,martingale,3,25,1025,1062,37,W,21,20,1,0,K,2,2,"A,Q","K,Q"
9a9113c5,martingale,4,25,1062,1087,25,W,20,23,0,0,7,4,4,"3,2,10,5","7,6,2,8"
9a9113c5,martingale,5,25,1087,1137,50,W,21,19,0,0,2,3,3,"8,2,A","2,8,9"
9a9113c5,martingale,6,25,1137,1162,25,W,16,24,0,0,4,2,4,"K,6","4,4,6,J"
9a9113c5,martingale,7,25,1162,1187,25,W,20,18,0,0,10,5,4,"5,8,2,A,4","10,4,A,3"
9a9113c5,martingale,8,25,1187,1212,25,W,20,19,0,0,K,2,2,"J,K","K,9"
9a9113c5,martingale,9,25,1212,1187,-25,L,25,17,0,0,A,3,2,"5,K,Q","A,6"
9a9113c5,martingale,10,50,1187,1137,-50,L,24,20,0,0,J,4,2,"3,A,Q,10","J,J"
9a9113c5,martingale,11,100,1137,1137,0,P,20,20,0,0,7,2,3,"K,Q","7,3,10"
9a9113c5,martingale,12,100,1137,1237,100,W,20,18,0,0,8,2,2,"K,10","8,10"
9a9113c5,martingale,13,25,1237,1212,-25,L,17,20,0,0,6,2,3,"7,K","6,8,6"
9a9113c5,martingale,14,50,1212,1162,-50,L,22,13,0,0,K,3,2,"7,5,K","K,3"
9a9113c5,martingale,15,100,1162,1062,-100,L,18,19,0,0,10,3,2,"4,A,3","10,9"
9a9113c5,martingale,16,200,1062,862,-200,L,13,19,0,0,2,2,4,"7,6","2,J,3,4"
9a9113c5,martingale,17,400,862,462,-400,L,26,17,0,0,10,5,2,"A,3,8,4,K","10,7"
9a9113c5,martingale,18,462,462,0,-462,L,12,20,0,0,4,2,3,"3,9","4,Q,6"
1b78cc6d,martingale,1,25,1000,950,-50,L,15,20,0,0,K,3,2,"8,3,4","K,Q"
1b78cc6d,martingale,2,50,950,900,-50,L,23,20,0,0,K,3,2,"5,Q,8","K,K"
1b78cc6d,martingale,3,100,900,900,0,P,20,20,0,0,Q,2,2,"A,9","Q,10"
1b78cc6d,martingale,4,100,900,1000,100,W,18,25,0,0,5,3,3,"5,2,A","5,10,K"
1b78cc6d,martingale,5,25,1000,975,-25,L,17,21,0,0,J,3,3,"5,5,7","J,6,5"
1b78cc6d,martingale,6,50,975,925,-50,L,16,21,0,1,A,2,2,"K,6","A,K"
1b78cc6d,martingale,7,100,925,1025,100,W,20,18,0,0,6,2,3,"10,J","6,3,9"
1b78cc6d,martingale,8,25,1025,1075,50,W,20,24,0,0,3,3,4,"5,5,Q","3,2,9,10"
1b78cc6d,martingale,9,25,1075,1100,25,W,20,25,0,0,J,2,4,"Q,Q","J,3,2,10"
1b78cc6d,martingale,10,25,1100,1050,-50,L,18,20,0,0,4,3,3,"2,9,7","4,6,10"
1b78cc6d,martingale,11,50,1050,1100,50,W,18,22,0,0,K,4,3,"3,2,J,3","K,3,9"
1b78cc6d,martingale,12,25,1100,1075,-25,L,13,17,0,0,4,2,5,"7,6","4,2,3,7,A"
1b78cc6d,martingale,13,50,1075,1025,-50,L,17,21,0,1,A,2,2,"6,A","A,10"
1b78cc6d,martingale,14,100,1025,1125,100,W,18,22,0,0,7,3,3,"6,8,4","7,8,7"
1b78cc6d,martingale,15,25,1125,1100,-25,L,18,20,0,0,3,3,5,"4,4,Q","3,2,4,2,9"
1b78cc6d,martingale,16,50,1100,1050,-50,L,23,20,0,0,Q,3,2,"Q,3,J","Q,Q"
1b78cc6d,martingale,17,100,1050,850,-200,L,15,20,0,0,4,3,3,"5,4,6","4,8,8"
1b78cc6d,martingale,18,200,850,1150,300,W,21,10,1,0,8,2,2,"A,K","8,2"
f7cee2c6,martingale,1,25,1000,975,-25,L,25,20,0,0,10,3,2,"10,6,9","10,J"
f7cee2c6,martingale,2,50,975,925,-50,L,22,10,0,0,2,3,2,"10,2,Q","2,8"
f7cee2c6,martingale,3,100,925,825,-100,L,19,20,0,0,9,2,4,"9,K","9,2,4,5"
f7cee2c6,martingale,4,200,825,625,-200,L,23,20,0,0,10,4,2,"3,4,6,Q","10,10"
f7cee2c6,martingale,5,400,625,1025,400,W,17,23,0,0,3,3,3,"4,6,7","3,Q,10"
f7cee2c6,martingale,6,25,1025,1050,25,W,18,22,0,0,K,2,3,"9,9","K,2,K"
f7cee2c6,martingale,7,25,1050,1075,25,W,14,26,0,0,3,2,5,"K,4","3,2,A,J,K"
f7cee2c6,martingale,8,25,1075,1050,-25,L,17,21,0,1,A,2,2,"A,6","A,J"
f7cee2c6,martingale,9,50,1050,1000,-50,L,17,21,0,0,7,3,3,"6,2,9","7,7,7"
f7cee2c6,martingale,10,100,1000,1000,0,P,21,21,1,1,Q,2,2,"A,10","Q,A"
f7cee2c6,martingale,11,100,1000,1200,200,W,21,26,0,0,9,3,3,"7,4,10","9,7,K"
f7cee2c6,martingale,12,25,1200,1175,-25,L,15,17,0,0,5,2,3,"K,5","5,J,2"
f7cee2c6,martingale,13,50,1175,1125,-50,L,19,20,0,0,Q,3,2,"2,8,9","Q,10"
f7cee2c6,martingale,14,100,1125,1025,-100,L,13,18,0,0,6,2,3,"3,10","6,8,4"
f7cee2c6,martingale,15,200,1025,825,-200,L,14,17,0,0,5,2,3,"9,5","5,9,3"
f7cee2c6,martingale,16,400,825,425,-400,L,13,20,0,0,3,3,3,"10,2,A","3,9,8"
f7cee2c6,martingale,17,425,425,0,-425,L,23,12,0,0,10,3,2,"8,5,10","10,2"
62b51d6a,martingale,1,25,1000,1025,25,W,18,17,0,0,6,2,2,"K,8","6,A"
62b51d6a,martingale,2,25,1025,1025,0,P,20,20,0,0,J,2,2,"Q,Q","J,K"
62b51d6a,martingale,3,25,1025,1000,-25,L,20,21,0,1,J,2,2,"K,J","J,A"
62b51d6a,martingale,4,50,1000,950,-50,L,14,17,0,0,2,3,3,"4,5,5","2,9,6"
62b51d6a,martingale,5,100,950,1050,100,W,20,23,0,0,J,3,3,"6,9,5","J,5,8"
62b51d6a,martingale,6,25,1050,1050,0,P,19,19,0,0,4,2,5,"9,Q","4,5,2,2,6"
62b51d6a,martingale,7,25,1050,1075,25,W,14,26,0,0,6,2,4,"10,4","6,6,4,10"
62b51d6a,martingale,8,25,1075,1100,25,W,14,23,0,0,3,2,3,"6,8","3,K,10"
62b51d6a,martingale,9,25,1100,1050,-50,L,15,19,0,0,9,3,2,"4,7,4","9,10"
62b51d6a,martingale,10,50,1050,1050,0,P,21,21,1,1,Q,2,2,"10,A","Q,A"
62b51d6a,martingale,11,50,1050,1100,50,W,19,23,0,0,A,3,5,"2,8,9","A,4,7,A,Q"
62b51d6a,martingale,12,25,1100,1125,25,W,21,17,0,0,7,3,2,"J,5,6","7,Q"
62b51d6a,martingale,13,25,1125,1100,-25,L,17,20,0,0,10,3,2,"7,6,4","10,J"
62b51d6a,martingale,14,50,1100,1050,-50,L,23,14,0,0,9,3,2,"3,10,K","9,5"
62b51d6a,martingale,15,100,1050,950,-100,L,18,20,0,0,Q,2,2,"10,8","Q,10"
62b51d6a,martingale,16,200,950,750,-200,L,16,17,0,0,5,3,4,"4,4,8","5,7,2,3"
62b51d6a,martingale,17,400,750,1350,600,W,21,19,1,0,K,2,2,"A,J","K,9"
62b51d6a,martingale,18,25,1350,1325,-25,L,16,21,0,1,A,2,2,"8,8","A,Q"
a83c22b5,martingale,1,25,1000,1025,25,W,20,26,0,0,10,3,4,"A,5,4","10,4,2,10"
a83c22b5,martingale,2,25,1025,1050,25,W,19,18,0,0,A,3,2,"Q,3,6","A,7"
a83c22b5,martingale,3,25,1050,1087,37,W,21,16,1,0,A,2,2,"Q,A","A,5"
a83c22b5,martingale,4,25,1087,1062,-25,L,19,21,0,0,2,3,3,"J,2,7","2,10,9"
a83c22b5,martingale,5,50,1062,1137,75,W,21,10,1,0,4,2,2,"A,K","4,6"
a83c22b5,martingale,6,25,1137,1162,25,W,13,23,0,0,5,2,3,"K,3","5,8,K"
a83c22b5,martingale,7,25,1162,1112,-50,L,12,19,0,0,6,3,3,"8,2,2","6,4,9"
a83c22b5,martingale,8,50,1112,1062,-50,L,18,20,0,0,Q,2,4,"J,8","Q,3,2,5"
a83c22b5,martingale,9,100,1062,962,-100,L,25,18,0,0,9,3,2,"7,9,9","9,9"
a83c22b5,martingale,10,200,962,1162,200,W,19,22,0,0,J,4,3,"7,8,A,3","J,3,9"
a83c22b5,martingale,11,25,1162,1137,-25,L,19,21,0,0,A,3,3,"4,5,Q","A,4,6"
a83c22b5,martingale,12,50,1137,1087,-50,L,15,20,0,0,4,2,4,"J,5","4,8,4,4"
a83c22b5,martingale,13,100,1087,987,-100,L,17,20,0,0,10,3,2,"9,5,3","10,J"
a83c22b5,martingale,14,200,987,787,-200,L,26,12,0,0,8,3,2,"8,8,Q","8,4"
a83c22b5,martingale,15,400,787,1187,400,W,20,17,0,0,Q,3,2,"J,2,8","Q,7"
a83c22b5,martingale,16,25,1187,1212,25,W,18,22,0,0,9,3,3,"10,5,3","9,4,9"
a83c22b5,martingale,17,25,1212,1262,50,W,21,20,0,0,8,3,4,"3,8,10","8,5,2,5"
a83c22b5,martingale,18,25,1262,1237,-25,L,23,20,0,0,Q,3,2,"K,6,7","Q,10"
fda64cd4,martingale,1,25,1000,975,-25,L,13,17,0,0,3,2,3,"A,2","3,Q,4"
fda64cd4,martingale,2,50,975,875,-100,L,17,20,0,0,6,3,3,"4,6,7","6,8,6"
fda64cd4,martingale,3,100,875,875,0,P,18,18,0,0,5,2,3,"J,8","5,4,9"
fda64cd4,martingale,4,100,875,775,-100,L,17,20,0,0,9,2,2,"10,7","9,A"
fda64cd4,martingale,5,200,775,975,200,W,19,17,0,0,8,2,3,"9,K","8,3,6"
fda64cd4,martingale,6,25,975,950,-25,L,17,19,0,0,4,2,3,"7,10","4,6,9"
fda64cd4,martingale,7,50,950,900,-50,L,17,20,0,0,5,2,3,"K,7","5,5,10"
fda64cd4,martingale,8,100,900,800,-100,L,17,19,0,0,8,3,3,"4,5,8","8,8,3"
fda64cd4,martingale,9,200,800,600,-200,L,25,13,0,0,10,3,2,"J,5,J","10,3"
fda64cd4,martingale,10,400,600,1000,400,W,19,18,0,0,9,2,3,"Q,9","9,4,5"
fda64cd4,martingale,11,25,1000,1025,25,W,17,26,0,0,3,4,4,"3,4,4,6","3,5,8,J"
fda64cd4,martingale,12,25,1025,1025,0,P,21,21,1,1,J,2,2,"Q,A","J,A"
fda64cd4,martingale,13,25,1025,1000,-25,L,24,19,0,0,A,3,2,"Q,4,K","A,8"
fda64cd4,martingale,14,50,1000,1000,0,P,17,17,0,0,2,3,3,"5,6,6","2,8,7"
fda64cd4,martingale,15,50,1000,1050,50,W,19,17,0,0,7,4,2,"4,Q,2,3","7,K"
fda64cd4,martingale,16,25,1050,1075,25,W,18,17,0,0,10,2,2,"10,8","10,7"
fda64cd4,martingale,17,25,1075,1050,-25,L,23,18,0,0,J,3,2,"3,K,J","J,8"
fda64cd4,martingale,18,50,1050,1100,50,W,20,19,0,0,A,2,3,"Q,10","A,A,7"
2a74a5a6,martingale,1,25,1000,1025,25,W,19,22,0,0,J,3,3,"5,7,7","J,2,K"
2a74a5a6,martingale,2,25,1025,1062,37,W,21,16,1,0,8,2,2,"A,K","8,8"
2a74a5a6,martingale,3,25,1062,1037,-25,L,18,19,0,0,Q,3,2,"3,5,10","Q,9"
2a74a5a6,martingale,4,50,1037,1137,100,W,21,19,0,0,9,3,2,"2,8,A","9,10"
2a74a5a6,martingale,5,25,1137,1162,25,W,13,25,0,0,5,2,4,"3,Q","5,4,6,10"
2a74a5a6,martingale,6,25,1162,1137,-25,L,12,18,0,0,5,2,4,"2,Q","5,3,7,3"
2a74a5a6,martingale,7,50,1137,1212,75,W,21,12,1,0,J,2,2,"A,K","J,2"
2a74a5a6,martingale,8,25,1212,1187,-25,L,12,21,0,1,J,2,2,"4,8","J,A"
2a74a5a6,martingale,9,50,1187,1137,-50,L,12,21,0,1,A,2,2,"2,K","A,J"
2a74a5a6,martingale,10,100,1137,1037,-100,L,8,21,0,1,A,2,2,"4,4","A,10"
2a74a5a6,martingale,11,200,1037,837,-200,L,22,17,0,0,7,3,2,"3,9,K","7,10"
2a74a5a6,martingale,12,400,837,437,-400,L,25,15,0,0,A,4,2,"3,J,2,Q","A,4"
2a74a5a6,martingale,13,437,437,0,-437,L,23,20,0,0,K,3,2,"6,8,9","K,Q"
d4202af4,martingale,1,25,1000,1050,50,W,14,23,0,0,J,3,3,"2,9,3","J,3,10"
d4202af4,martingale,2,25,1050,1075,25,W,20,23,0,0,K,2,4,"Q,J","K,4,2,7"
d4202af4,martingale,3,25,1075,1100,25,W,21,20,0,0,J,3,2,"6,9,6","J,Q"
d4202af4,martingale,4,25,1100,1137,37,W,21,14,1,0,Q,2,2,"A,Q","Q,4"
d4202af4,martingale,5,25,1137,1112,-25,L,14,19,0,0,2,2,3,"A,3","2,7,K"
d4202af4,martingale,6,50,1112,1112,0,P,18,18,0,0,4,2,4,"8,10","4,9,3,2"
d4202af4,martingale,7,50,1112,1162,50,W,20,19,0,0,6,2,3,"Q,Q","6,5,8"
d4202af4,martingale,8,25,1162,1187,25,W,21,19,0,0,9,4,3,"2,6,7,6","9,5,5"
d4202af4,martingale,9,25,1187,1212,25,W,16,24,0,0,6,2,4,"10,6","6,2,6,J"
d4202af4,martingale,10,25,1212,1187,-25,L,19,21,0,0,K,2,3,"9,K","K,5,6"
d4202af4,martingale,11,50,1187,1237,50,W,20,18,0,0,K,3,3,"7,3,10","K,4,4"
d4202af4,martingale,12,25,1237,1262,25,W,19,25,0,0,3,2,4,"J,9","3,8,4,K"
d4202af4,martingale,13,25,1262,1287,25,W,15,23,0,0,6,2,3,"4,A","6,7,Q"
d4202af4,martingale,14,25,1287,1262,-25,L,18,19,0,0,4,3,4,"5,3,J","4,2,8,5"
d4202af4,martingale,15,50,1262,1312,50,W,20,19,0,0,4,2,3,"10,J","4,7,8"
d4202af4,martingale,16,25,1312,1287,-25,L,15,17,0,0,6,2,2,"8,7","6,A"
d4202af4,martingale,17,50,1287,1337,50,W,21,18,0,0,K,3,2,"5,K,6","K,8"
d4202af4,martingale,18,25,1337,1362,25,W,17,23,0,0,9,2,3,"9,8","9,4,J"
03342c47,martingale,1,25,1000,1000,0,P,20,20,0,0,9,3,2,"3,J,7","9,A"
03342c47,martingale,2,25,1000,975,-25,L,14,21,0,0,5,2,3,"9,5","5,10,6"
03342c47,martingale,3,50,975,975,0,P,20,20,0,0,7,2,3,"10,Q","7,9,4"
03342c47,martingale,4,50,975,1025,50,W,18,22,0,0,7,3,3,"J,2,6","7,6,9"
03342c47,martingale,5,25,1025,1025,0,P,20,20,0,0,K,2,2,"K,K","K,J"
03342c47,martingale,6,25,1025,975,-50,L,15,20,0,0,2,3,4,"4,6,5","2,4,J,4"
03342c47,martingale,7,50,975,925,-50,L,14,17,0,0,5,2,3,"7,7","5,5,7"
03342c47,martingale,8,100,925,1025,100,W,20,23,0,0,J,2,3,"J,J","J,3,Q"
03342c47,martingale,9,25,1025,1000,-25,L,8,21,0,1,Q,2,2,"4,4","Q,A"
03342c47,martingale,10,50,1000,950,-50,L,25,12,0,0,Q,4,2,"4,8,3,J","Q,2"
03342c47,martingale,11,100,950,850,-100,L,22,17,0,0,A,3,2,"3,Q,9","A,6"
03342c47,martingale,12,200,850,650,-200,L,12,18,0,0,4,2,3,"7,5","4,4,10"
03342c47,martingale,13,400,650,1050,400,W,20,17,0,0,9,5,2,"2,A,Q,2,5","9,8"
03342c47,martingale,14,25,1050,1075,25,W,21,20,0,0,Q,4,2,"5,8,2,6","Q,K"
03342c47,martingale,15,25,1075,1100,25,W,17,23,0,0,K,3,3,"5,2,J","K,5,8"
03342c47,martingale,16,25,1100,1125,25,W,20,19,0,0,J,2,3,"K,10","J,6,3"
03342c47,martingale,17,25,1125,1100,-25,L,19,21,0,0,8,4,3,"2,3,5,9","8,3,Q"
03342c47,martingale,18,50,1100,1000,-100,L,14,17,0,0,8,3,3,"2,9,3","8,4,5"
0bdcfda3,martingale,1,25,1000,1025,25,W,20,17,0,0,6,2,2,"10,10","6,A"
0bdcfda3,martingale,2,25,1025,1075,50,W,19,24,0,0,7,3,4,"7,3,9","7,4,4,9"
0bdcfda3,martingale,3,25,1075,1100,25,W,12,22,0,0,6,2,4,"4,8","6,3,7,6"
0bdcfda3,martingale,4,25,1100,1125,25,W,20,19,0,0,7,2,3,"K,10","7,2,K"
0bdcfda3,martingale,5,25,1125,1162,37,W,21,17,1,0,Q,2,2,"A,10","Q,7"
0bdcfda3,martingale,6,25,1162,1137,-25,L,13,18,0,0,2,2,4,"A,2","2,3,2,A"
0bdcfda3,martingale,7,50,1137,1087,-50,L,19,20,0,0,Q,2,2,"9,10","Q,10"
0bdcfda3,martingale,8,100,1087,1187,100,W,19,23,0,0,7,3,3,"A,3,5","7,9,7"
0bdcfda3,martingale,9,25,1187,1212,25,W,18,24,0,0,7,2,3,"J,8","7,7,J"
0bdcfda3,martingale,10,25,1212,1187,-25,L,23,15,0,0,Q,4,2,"6,3,6,8","Q,5"
0bdcfda3,martingale,11,50,1187,1237,50,W,20,18,0,0,Q,3,3,"2,K,8","Q,4,4"
0bdcfda3,martingale,12,25,1237,1262,25,W,21,20,0,0,Q,3,2,"6,J,5","Q,Q"
0bdcfda3,martingale,13,25,1262,1237,-25,L,14,20,0,0,4,2,5,"4,J","4,3,6,A,6"
0bdcfda3,martingale,14,50,1237,1237,0,P,20,20,0,0,10,2,2,"9,A","10,K"
0bdcfda3,martingale,15,50,1237,1187,-50,L,23,16,0,0,J,4,2,"A,2,K,Q","J,6"
0bdcfda3,martingale,16,100,1187,1287,100,W,17,24,0,0,2,3,4,"Q,2,5","2,7,5,Q"
0bdcfda3,martingale,17,25,1287,1262,-25,L,16,17,0,0,6,2,3,"J,6","6,10,A"
0bdcfda3,martingale,18,50,1262,1312,50,W,20,17,0,0,8,3,2,"K,5,5","8,9"
b5e9bb1f,martingale,1,25,1000,975,-25,L,15,20,0,0,4,2,3,"8,7","4,K,6"
b5e9bb1f,martingale,2,50,975,1075,100,W,13,22,0,0,4,3,4,"8,3,2","4,2,J,6"
b5e9bb1f,martingale,3,25,1075,1050,-25,L,14,21,0,1,A,2,2,"A,3","A,J"
b5e9bb1f,martingale,4,50,1050,1000,-50,L,18,20,0,0,J,2,2,"7,A","J,J"
b5e9bb1f,martingale,5,100,1000,1100,100,W,17,26,0,0,K,2,3,"Q,7","K,6,Q"
b5e9bb1f,martingale,6,25,1100,1125,25,W,20,25,0,0,6,2,4,"9,A","6,5,4,K"
b5e9bb1f,martingale,7,25,1125,1125,0,P,18,18,0,0,10,3,2,"8,5,5","10,8"
b5e9bb1f,martingale,8,25,1125,1150,25,W,20,19,0,0,Q,3,2,"3,K,7","Q,9"
b5e9bb1f,martingale,9,25,1150,1125,-25,L,13,17,0,0,2,3,3,"8,4,A","2,7,8"
b5e9bb1f,martingale,10,50,1125,1075,-50,L,15,21,0,1,J,2,2,"5,K","J,A"
b5e9bb1f,martingale,11,100,1075,1175,100,W,17,26,0,0,8,3,4,"5,10,2","8,7,A,K"
b5e9bb1f,martingale,12,25,1175,1150,-25,L,25,20,0,0,K,3,2,"7,8,J","K,J"
b5e9bb1f,martingale,13,50,1150,1150,0,P,20,20,0,0,3,2,3,"10,K","3,7,K"
b5e9bb1f,martingale,14,50,1150,1100,-50,L,22,16,0,0,9,3,2,"7,5,K","9,7"
b5e9bb1f,martingale,15,100,1100,1200,100,W,12,23,0,0,5,3,4,"5,2,5","5,5,4,9"
b5e9bb1f,martingale,16,25,1200,1225,25,W,13,25,0,0,5,2,3,"5,8","5,10,Q"
b5e9bb1f,martingale,17,25,1225,1200,-25,L,18,20,0,0,3,2,4,"8,10","3,3,9,5"
b5e9bb1f,martingale,18,50,1200,1200,0,P,17,17,0,0,7,2,2,"6,A","7,J"
96a4015d,martingale,1,25,1000,1025,25,W,12,24,0,0,4,2,5,"3,9","4,2,8,A,9"
96a4015d,martingale,2,25,1025,1075,50,W,21,20,0,0,K,3,2,"2,9,K","K,K"
96a4015d,martingale,3,25,1075,1075,0,P,21,21,0,0,A,3,3,"4,9,8","A,5,5"
96a4015d,martingale,4,25,1075,1100,25,W,21,17,0,0,7,3,2,"6,10,5","7,10"
96a4015d,martingale,5,25,1100,1075,-25,L,17,20,0,0,Q,3,2,"8,4,5","Q,K"
96a4015d,martingale,6,50,1075,1075,0,P,18,18,0,0,7,3,2,"4,7,7","7,A"
96a4015d,martingale,7,50,1075,1125,50,W,18,17,0,0,K,2,2,"Q,8","K,7"
96a4015d,martingale,8,25,1125,1100,-25,L,17,20,0,0,A,3,4,"8,7,2","A,4,K,5"
96a4015d,martingale,9,50,1100,1150,50,W,18,17,0,0,10,2,2,"7,A","10,7"
96a4015d,martingale,10,25,1150,1125,-25,L,23,16,0,0,K,3,2,"3,J,K","K,6"
96a4015d,martingale,11,50,1125,1175,50,W,21,24,0,0,8,3,5,"A,2,8","8,2,2,2,Q"
96a4015d,martingale,12,25,1175,1150,-25,L,25,14,0,0,Q,3,2,"6,10,9","Q,4"
96a4015d,martingale,13,50,1150,1100,-50,L,26,18,0,0,10,3,2,"6,J,10","10,8"
96a4015d,martingale,14,100,1100,1100,0,P,20,20,0,0,K,2,2,"10,J","K,J"
96a4015d,martingale,15,100,1100,1000,-100,L,12,18,0,0,4,3,3,"4,3,5","4,10,4"
96a4015d,martingale,16,200,1000,800,-200,L,24,14,0,0,A,3,2,"6,9,9","A,3"
96a4015d,martingale,17,400,800,400,-400,L,13,19,0,0,3,3,3,"2,6,5","3,8,8"
96a4015d,martingale,18,400,400,800,400,W,15,23,0,0,4,2,4,"J,5","4,6,3,10"
3e1afaeb,martingale,1,25,1000,975,-25,L,17,20,0,0,J,2,2,"Q,7","J,K"
3e1afaeb,martingale,2,50,975,925,-50,L,13,21,0,0,6,3,3,"2,5,6","6,10,5"
3e1afaeb,martingale,3,100,925,925,0,P,17,17,0,0,J,3,2,"5,4,8","J,7"
3e1afaeb,martingale,4,100,925,925,0,P,20,20,0,0,3,2,3,"10,K","3,7,K"
3e1afaeb,martingale,5,100,925,825,-100,L,25,14,0,0,A,4,2,"4,3,8,10","A,3"
3e1afaeb,martingale,6,200,825,625,-200,L,24,17,0,0,7,3,2,"4,K,Q","7,10"
3e1afaeb,martingale,7,400,625,1025,400,W,20,17,0,0,7,2,4,"K,Q","7,7,A,2"
3e1afaeb,martingale,8,25,1025,1075,50,W,18,22,0,0,5,3,3,"8,3,7","5,8,9"
3e1afaeb,martingale,9,25,1075,1075,0,P,19,19,0,0,5,2,3,"9,J","5,3,A"
3e1afaeb,martingale,10,25,1075,1100,25,W,19,18,0,0,7,3,2,"3,6,Q","7,A"
3e1afaeb,martingale,11,25,1100,1100,0,P,20,20,0,0,4,2,3,"K,Q","4,7,9"
3e1afaeb,martingale,12,25,1100,1075,-25,L,17,19,0,0,K,2,2,"7,J","K,9"
3e1afaeb,martingale,13,50,1075,1025,-50,L,18,21,0,0,10,2,3,"7,A","10,6,5"
3e1afaeb,martingale,14,100,1025,925,-100,L,23,16,0,0,10,3,2,"5,J,8","10,6"
3e1afaeb,martingale,15,200,925,925,0,P,18,18,0,0,4,2,4,"8,Q","4,8,4,2"
3e1afaeb,martingale,16,200,925,725,-200,L,22,12,0,0,A,4,2,"2,8,6,6","A,A"
3e1afaeb,martingale,17,400,725,1125,400,W,18,17,0,0,5,2,5,"Q,8","5,3,2,5,2"
3e1afaeb,martingale,18,25,1125,1100,-25,L,22,14,0,0,J,3,2,"Q,2,K","J,4"
aafbb66e,martingale,1,25,1000,1037,37,W,21,14,1,0,J,2,2,"A,J","J,4"
aafbb66e,martingale,2,25,1037,1062,25,W,20,19,0,0,9,2,2,"9,A","9,Q"
aafbb66e,martingale,3,25,1062,1099,37,W,21,20,1,0,Q,2,2,"Q,A","Q,J"
aafbb66e,martingale,4,25,1099,1124,25,W,18,17,0,0,3,2,3,"A,7","3,A,3"
aafbb66e,martingale,5,25,1124,1099,-25,L,18,20,0,0,4,4,3,"2,5,3,8","4,8,8"
aafbb66e,martingale,6,50,1099,1149,50,W,12,24,0,0,4,2,3,"7,5","4,K,Q"
aafbb66e,martingale,7,25,1149,1174,25,W,20,18,0,0,9,2,2,"J,K","9,9"
aafbb66e,martingale,8,25,1174,1149,-25,L,20,21,0,0,9,3,3,"K,5,5","9,7,5"
aafbb66e,martingale,9,50,1149,1099,-50,L,18,19,0,0,3,2,3,"J,8","3,10,6"
aafbb66e,martingale,10,100,1099,999,-100,L,15,21,0,1,A,2,2,"5,Q","A,10"
aafbb66e,martingale,11,200,999,799,-200,L,22,20,0,0,Q,3,2,"K,5,7","Q,Q"
aafbb66e,martingale,12,400,799,1199,400,W,16,26,0,0,6,2,3,"Q,6","6,K,J"
aafbb66e,martingale,13,25,1199,1224,25,W,16,22,0,0,4,2,4,"A,5","4,8,2,8"
aafbb66e,martingale,14,25,1224,1224,0,P,19,19,0,0,A,3,3,"A,3,5","A,3,5"
aafbb66e,martingale,15,25,1224,1249,25,W,17,26,0,0,9,4,3,"K,2,2,3","9,7,Q"
aafbb66e,martingale,16,25,1249,1224,-25,L,23,14,0,0,7,3,2,"10,4,9","7,7"
aafbb66e,martingale,17,50,1224,1274,50,W,18,25,0,0,2,2,4,"8,K","2,4,K,9"
aafbb66e,martingale,18,25,1274,1249,-25,L,17,21,0,0,5,2,3,"J,7","5,8,8"
f3cc56f0,martingale,1,25,1000,1025,25,W,19,22,0,0,2,4,6,"3,4,2,Q","2,3,3,7,A,6"
f3cc56f0,martingale,2,25,1025,1050,25,W,17,22,0,0,8,2,3,"J,7","8,4,10"
f3cc56f0,martingale,3,25,1050,1025,-25,L,13,21,0,0,3,2,4,"A,2","3,J,A,7"
f3cc56f0,martingale,4,50,1025,975,-50,L,14,19,0,0,5,2,4,"6,8","5,5,3,6"
f3cc56f0,martingale,5,100,975,975,0,P,18,18,0,0,10,3,2,"5,2,A","10,8"
f3cc56f0,martingale,6,100,975,1075,100,W,19,18,0,0,9,4,2,"3,5,7,4","9,9"
f3cc56f0,martingale,7,25,1075,1100,25,W,20,17,0,0,4,2,4,"K,K","4,2,4,7"
f3cc56f0,martingale,8,25,1100,1075,-25,L,23,20,0,0,J,3,2,"5,9,9","J,J"
f3cc56f0,martingale,9,50,1075,1025,-50,L,19,21,0,0,J,2,3,"9,Q","J,2,9"
f3cc56f0,martingale,10,100,1025,925,-100,L,23,19,0,0,9,3,2,"5,8,J","9,K"
f3cc56f0,martingale,11,200,925,925,0,P,19,19,0,0,A,4,2,"5,3,7,4","A,8"
f3cc56f0,martingale,12,200,925,925,0,P,17,17,0,0,7,2,2,"Q,7","7,J"
f3cc56f0,martingale,13,200,925,725,-200,L,17,20,0,0,8,3,3,"6,K,A","8,8,4"
f3cc56f0,martingale,14,400,725,1125,400,W,17,26,0,0,A,2,5,"Q,7","A,A,K,4,10"
f3cc56f0,martingale,15,25,1125,1150,25,W,20,22,0,0,J,2,3,"10,10","J,2,Q"
f3cc56f0,martingale,16,25,1150,1125,-25,L,18,19,0,0,A,2,3,"9,9","A,A,7"
f3cc56f0,martingale,17,50,1125,1075,-50,L,17,19,0,0,10,2,2,"A,6","10,9"
f3cc56f0,martingale,18,100,1075,1175,100,W,12,25,0,0,5,2,3,"2,10","5,10,Q"
9fe38739,martingale,1,25,1000,1025,25,W,20,17,0,0,7,3,2,"5,8,7","7,J"
9fe38739,martingale,2,25,1025,1050,25,W,18,25,0,0,2,2,4,"7,A","2,10,3,Q"
9fe38739,martingale,3,25,1050,1025,-25,L,17,18,0,0,8,2,2,"K,7","8,J"
9fe38739,martingale,4,50,1025,975,-50,L,17,20,0,0,Q,3,2,"2,5,J","Q,10"
9fe38739,martingale,5,100,975,1075,100,W,16,23,0,0,6,2,4,"A,5","6,9,A,7"
9fe38739,martingale,6,25,1075,1050,-25,L,19,21,0,1,A,2,2,"10,9","A,K"
9fe38739,martingale,7,50,1050,1100,50,W,19,25,0,0,4,2,4,"9,10","4,2,9,10"
9fe38739,martingale,8,25,1100,1075,-25,L,19,20,0,0,4,2,4,"9,K","4,K,2,4"
9fe38739,martingale,9,50,1075,1025,-50,L,25,16,0,0,7,4,2,"3,3,9,K","7,9"
9fe38739,martingale,10,100,1025,925,-100,L,17,19,0,0,3,2,6,"7,J","3,3,2,5,A,5"
9fe38739,martingale,11,200,925,1125,200,W,12,23,0,0,6,2,3,"3,9","6,7,Q"
9fe38739,martingale,12,25,1125,1150,25,W,18,17,0,0,Q,2,3,"8,J","Q,6,A"
9fe38739,martingale,13,25,1150,1175,25,W,16,24,0,0,4,2,4,"6,J","4,A,10,9"
9fe38739,martingale,14,25,1175,1150,-25,L,17,20,0,0,K,4,2,"5,2,3,7","K,J"
9fe38739,martingale,15,50,1150,1150,0,P,19,19,0,0,8,2,3,"10,9","8,2,9"
9fe38739,martingale,16,50,1150,1200,50,W,19,17,0,0,7,3,2,"8,6,5","7,Q"
9fe38739,martingale,17,25,1200,1225,25,W,15,23,0,0,3,2,3,"8,7","3,J,K"
9fe38739,martingale,18,25,1225,1225,0,P,18,18,0,0,8,2,2,"K,8","8,10"
92857c77,martingale,1,25,1000,1037,37,W,21,19,1,0,10,2,2,"Q,A","10,9"
92857c77,martingale,2,25,1037,1037,0,P,19,19,0,0,A,3,2,"3,6,Q","A,8"
92857c77,martingale,3,25,1037,1012,-25,L,25,17,0,0,A,3,2,"Q,5,Q","A,6"
92857c77,martingale,4,50,1012,1112,100,W,15,24,0,0,5,3,3,"5,5,5","5,Q,9"
92857c77,martingale,5,25,1112,1137,25,W,20,23,0,0,2,2,5,"Q,K","2,2,5,6,8"
92857c77,martingale,6,25,1137,1162,25,W,19,23,0,0,5,2,4,"A,8","5,10,A,7"
92857c77,martingale,7,25,1162,1137,-25,L,17,20,0,0,K,5,2,"2,2,6,3,4","K,K"
92857c77,martingale,8,50,1137,1087,-50,L,14,20,0,0,2,2,4,"4,J","2,K,2,6"
92857c77,martingale,9,100,1087,1187,100,W,13,25,0,0,5,2,3,"3,10","5,Q,J"
92857c77,martingale,10,25,1187,1162,-25,L,22,19,0,0,A,3,2,"9,5,8","A,8"
92857c77,martingale,11,50,1162,1212,50,W,20,26,0,0,3,2,5,"K,Q","3,A,2,10,10"
92857c77,martingale,12,25,1212,1187,-25,L,25,20,0,0,9,4,2,"2,3,J,J","9,A"
92857c77,martingale,13,50,1187,1237,50,W,20,26,0,0,7,2,3,"10,K","7,9,K"
92857c77,martingale,14,25,1237,1212,-25,L,17,18,0,0,9,2,2,"10,7","9,9"
92857c77,martingale,15,50,1212,1162,-50,L,19,20,0,0,J,3,3,"J,4,5","J,4,6"
92857c77,martingale,16,100,1162,1262,100,W,13,23,0,0,6,2,3,"3,10","6,9,8"
92857c77,martingale,17,25,1262,1287,25,W,20,18,0,0,K,3,2,"2,K,8","K,8"
92857c77,martingale,18,25,1287,1287,0,P,17,17,0,0,4,2,3,"K,7","4,J,3"
72a65a2d,martingale,1,25,1000,1025,25,W,17,22,0,0,8,2,3,"A,6","8,4,K"
72a65a2d,martingale,2,25,1025,1000,-25,L,18,19,0,0,3,2,3,"10,8","3,K,6"
72a65a2d,martingale,3,50,1000,1050,50,W,18,25,0,0,7,4,3,"A,2,J,5","7,8,K"
72a65a2d,martingale,4,25,1050,1087,37,W,21,20,1,0,J,2,2,"A,Q","J,K"
72a65a2d,martingale,5,25,1087,1112,25,W,18,22,0,0,Q,3,3,"4,4,K","Q,5,7"
72a65a2d,martingale,6,25,1112,1087,-25,L,26,14,0,0,9,4,2,"10,2,4,K","9,5"
72a65a2d,martingale,7,50,1087,1037,-50,L,17,20,0,0,J,2,2,"A,6","J,Q"
72a65a2d,martingale,8,100,1037,937,-100,L,8,21,0,1,J,2,2,"3,5","J,A"
72a65a2d,martingale,9,200,937,937,0,P,19,19,0,0,8,2,2,"9,Q","8,A"
72a65a2d,martingale,10,200,937,537,-400,L,17,21,0,0,2,3,3,"6,4,7","2,10,9"
72a65a2d,martingale,11,400,537,137,-400,L,22,18,0,0,A,4,2,"4,10,2,6","A,7"
72a65a2d,martingale,12,137,137,0,-137,L,8,21,0,1,Q,2,2,"6,2","Q,A"
541ec441,martingale,1,25,1000,975,-25,L,19,21,0,1,K,2,2,"A,8","K,A"
541ec441,martingale,2,50,975,925,-50,L,18,21,0,0,4,2,3,"7,A","4,6,A"
541ec441,martingale,3,100,925,825,-100,L,25,20,0,0,10,4,2,"6,3,6,J","10,J"
541ec441,martingale,4,200,825,625,-200,L,18,21,0,0,7,3,3,"6,2,Q","7,4,J"
541ec441,martingale,5,400,625,1025,400,W,21,18,0,0,9,3,2,"8,2,A","9,9"
541ec441,martingale,6,25,1025,1050,25,W,19,17,0,0,K,2,2,"9,K","K,7"
541ec441,martingale,7,25,1050,1087,37,W,21,11,1,0,7,2,2,"A,10","7,4"
541ec441,martingale,8,25,1087,1087,0,P,21,21,1,1,A,2,2,"Q,A","A,Q"
541ec441,martingale,9,25,1087,1112,25,W,17,25,0,0,2,2,5,"8,9","2,3,5,5,Q"
541ec441,martingale,10,25,1112,1087,-25,L,15,19,0,0,2,2,5,"K,5","2,2,2,10,3"
541ec441,martingale,11,50,1087,1137,50,W,17,25,0,0,A,2,4,"9,8","A,4,K,Q"
541ec441,martingale,12,25,1137,1137,0,P,19,19,0,0,K,3,3,"3,7,9","K,5,4"
541ec441,martingale,13,25,1137,1112,-25,L,17,19,0,0,9,2,3,"10,7","9,2,8"
541ec441,martingale,14,50,1112,1062,-50,L,23,15,0,0,A,3,2,"J,5,8","A,4"
541ec441,martingale,15,100,1062,1162,100,W,20,24,0,0,A,2,4,"10,K","A,3,10,K"
541ec441,martingale,16,25,1162,1137,-25,L,13,18,0,0,2,3,4,"3,6,4","2,3,6,7"
541ec441,martingale,17,50,1137,1087,-50,L,23,16,0,0,9,4,2,"2,K,3,8","9,7"
541ec441,martingale,18,100,1087,1187,100,W,19,24,0,0,9,2,3,"J,9","9,5,10"
425009d6,martingale,1,25,1000,1025,25,W,17,22,0,0,7,2,3,"7,K","7,6,9"
425009d6,martingale,2,25,1025,1050,25,W,18,23,0,0,6,2,3,"K,8","6,7,10"
425009d6,martingale,3,25,1050,1025,-25,L,26,12,0,0,7,5,2,"A,3,Q,2,J","7,5"
425009d6,martingale,4,50,1025,1075,50,W,20,22,0,0,2,2,3,"10,K","2,J,J"
425009d6,martingale,5,25,1075,1100,25,W,17,24,0,0,2,2,4,"Q,7","2,9,5,8"
425009d6,martingale,6,25,1100,1100,0,P,19,19,0,0,Q,2,2,"8,A","Q,9"
425009d6,martingale,7,25,1100,1137,37,W,21,9,1,0,3,2,2,"Q,A","3,6"
425009d6,martingale,8,25,1137,1112,-25,L,26,17,0,0,10,4,2,"4,3,9,10","10,7"
425009d6,martingale,9,50,1112,1062,-50,L,23,20,0,0,J,3,2,"6,9,8","J,10"
425009d6,martingale,10,100,1062,1162,100,W,18,23,0,0,7,3,4,"2,10,6","7,3,4,9"
425009d6,martingale,11,25,1162,1162,0,P,20,20,0,0,A,3,4,"9,3,8","A,A,10,8"
425009d6,martingale,12,25,1162,1187,25,W,21,20,0,0,J,4,2,"3,7,4,7","J,J"
425009d6,martingale,13,25,1187,1162,-25,L,18,20,0,0,2,2,4,"8,10","2,2,10,6"
425009d6,martingale,14,50,1162,1212,50,W,17,26,0,0,J,4,3,"5,A,9,2","J,6,Q"
425009d6,martingale,15,25,1212,1187,-25,L,24,15,0,0,A,3,2,"4,10,J","A,4"
425009d6,martingale,16,50,1187,1237,50,W,20,22,0,0,J,2,3,"10,K","J,2,J"
425009d6,martingale,17,25,1237,1262,25,W,12,23,0,0,6,3,3,"4,3,5","6,7,Q"
425009d6,martingale,18,25,1262,1262,0,P,20,20,0,0,Q,2,2,"J,K","Q,J"
e5d0395d,martingale,1,25,1000,975,-25,L,19,20,0,0,10,3,2,"6,3,10","10,K"
e5d0395d,martingale,2,50,975,1050,75,W,21,14,1,0,9,2,2,"A,10","9,5"
e5d0395d,martingale,3,25,1050,1025,-25,L,14,20,0,0,5,2,3,"Q,4","5,7,8"
e5d0395d,martingale,4,50,1025,975,-50,L,23,16,0,0,Q,3,2,"10,4,9","Q,6"
e5d0395d,martingale,5,100,975,1075,100,W,21,25,0,0,3,3,4,"7,5,9","3,7,5,Q"
e5d0395d,martingale,6,25,1075,1100,25,W,21,18,0,0,8,3,2,"2,10,9","8,J"
e5d0395d,martingale,7,25,1100,1075,-25,L,17,21,0,0,Q,3,3,"A,4,2","Q,3,8"
e5d0395d,martingale,8,50,1075,1150,75,W,21,14,1,0,4,2,2,"A,K","4,K"
e5d0395d,martingale,9,25,1150,1175,25,W,19,23,0,0,Q,3,3,"K,2,7","Q,3,K"
e5d0395d,martingale,10,25,1175,1150,-25,L,26,12,0,0,10,4,2,"8,7,A,J","10,2"
e5d0395d,martingale,11,50,1150,1050,-100,L,18,19,0,0,3,3,3,"7,3,8","3,J,6"
e5d0395d,martingale,12,100,1050,1250,200,W,16,24,0,0,4,3,3,"2,9,5","4,K,J"
e5d0395d,martingale,13,25,1250,1275,25,W,15,22,0,0,6,2,3,"4,A","6,Q,6"
e5d0395d,martingale,14,25,1275,1250,-25,L,19,20,0,0,J,3,2,"7,2,J","J,J"
e5d0395d,martingale,15,50,1250,1300,50,W,19,17,0,0,7,3,2,"J,5,4","7,10"
e5d0395d,martingale,16,25,1300,1275,-25,L,22,14,0,0,10,3,2,"10,2,10","10,4"
e5d0395d,martingale,17,50,1275,1225,-50,L,17,19,0,0,7,3,3,"3,K,4","7,2,J"
e5d0395d,martingale,18,100,1225,1125,-100,L,14,21,0,1,A,2,2,"8,6","A,J"
434d64cd,martingale,1,25,1000,1000,0,P,19,19,0,0,A,3,2,"6,8,5","A,8"
434d64cd,martingale,2,25,1000,1025,25,W,21,20,0,0,Q,3,2,"4,9,8","Q,J"
434d64cd,martingale,3,25,1025,1050,25,W,21,20,0,0,7,3,5,"3,Q,8","7,2,4,2,5"
434d64cd,martingale,4,25,1050,1075,25,W,21,23,0,0,J,3,3,"2,A,8","J,3,Q"
434d64cd,martingale,5,25,1075,1100,25,W,15,22,0,0,5,2,3,"K,5","5,Q,7"
434d64cd,martingale,6,25,1100,1075,-25,L,26,14,0,0,7,4,2,"4,5,7,K","7,7"
434d64cd,martingale,7,50,1075,1125,50,W,17,25,0,0,6,2,3,"6,A","6,J,9"
434d64cd,martingale,8,25,1125,1150,25,W,21,17,0,0,9,3,3,"2,10,9","9,4,4"
434d64cd,martingale,9,25,1150,1125,-25,L,17,20,0,0,9,3,2,"4,K,3","9,A"
434d64cd,martingale,10,50,1125,1075,-50,L,23,18,0,0,9,3,2,"J,6,7","9,9"
434d64cd,martingale,11,100,1075,1075,0,P,20,20,0,0,K,2,2,"K,10","K,10"
434d64cd,martingale,12,100,1075,1075,0,P,18,18,0,0,4,2,3,"8,K","4,4,K"
434d64cd,martingale,13,100,1075,975,-100,L,16,20,0,0,4,2,3,"6,J","4,A,5"
434d64cd,martingale,14,200,975,975,0,P,18,18,0,0,9,4,4,"7,2,2,7","9,2,5,2"
434d64cd,martingale,15,200,975,1175,200,W,18,26,0,0,8,2,3,"8,J","8,8,K"
434d64cd,martingale,16,25,1175,1150,-25,L,16,17,0,0,3,2,4,"5,A","3,2,3,9"
434d64cd,martingale,17,50,1150,1200,50,W,20,18,0,0,10,2,2,"Q,J","10,8"
434d64cd,martingale,18,25,1200,1225,25,W,20,26,0,0,10,2,3,"9,A","10,6,J"
7438fbfb,martingale,1,25,1000,1037,37,W,21,17,1,0,7,2,2,"A,K","7,Q"
7438fbfb,martingale,2,25,1037,1012,-25,L,18,20,0,0,J,2,2,"9,9","J,10"
7438fbfb,martingale,3,50,1012,1062,50,W,20,23,0,0,6,2,6,"10,J","6,5,A,A,2,8"
7438fbfb,martingale,4,25,1062,1037,-25,L,20,21,0,0,6,2,4,"J,Q","6,4,4,7"
7438fbfb,martingale,5,50,1037,1037,0,P,20,20,0,0,Q,2,2,"Q,Q","Q,K"
7438fbfb,martingale,6,50,1037,1087,50,W,19,18,0,0,2,2,4,"8,A","2,6,5,5"
7438fbfb,martingale,7,25,1087,1062,-25,L,23,16,0,0,10,3,2,"3,Q,K","10,6"
7438fbfb,martingale,8,50,1062,1112,50,W,19,18,0,0,K,4,2,"7,8,A,3","K,8"
7438fbfb,martingale,9,25,1112,1062,-50,L,12,18,0,0,7,3,2,"7,3,2","7,A"
7438fbfb,martingale,10,50,1062,1112,50,W,21,17,0,0,7,3,2,"J,6,5","7,10"
7438fbfb,martingale,11,25,1112,1137,25,W,18,24,0,0,A,4,5,"2,A,J,5","A,2,J,A,J"
7438fbfb,martingale,12,25,1137,1112,-25,L,13,17,0,0,5,2,3,"Q,3","5,5,7"
7438fbfb,martingale,13,50,1112,1062,-50,L,14,20,0,0,5,3,3,"3,3,8","5,5,K"
7438fbfb,martingale,14,100,1062,962,-100,L,15,19,0,0,2,2,3,"Q,5","2,9,8"
7438fbfb,martingale,15,200,962,762,-200,L,18,19,0,0,6,2,6,"10,8","6,3,2,2,2,4"
7438fbfb,martingale,16,400,762,362,-400,L,12,21,0,1,A,2,2,"K,2","A,K"
7438fbfb,martingale,17,362,362,0,-362,L,18,21,0,0,4,4,3,"3,3,4,8","4,9,8"
b15e0474,martingale,1,25,1000,975,-25,L,25,18,0,0,K,3,2,"K,5,J","K,8"
b15e0474,martingale,2,50,975,1025,50,W,13,24,0,0,6,2,3,"3,K","6,8,J"
b15e0474,martingale,3,25,1025,975,-50,L,18,20,0,0,2,3,3,"8,2,8","2,Q,8"
b15e0474,martingale,4,50,975,1050,75,W,21,19,1,0,A,2,2,"A,10","A,8"
b15e0474,martingale,5,25,1050,1050,0,P,17,17,0,0,5,2,3,"10,7","5,7,5"
b15e0474,martingale,6,25,1050,1075,25,W,17,23,0,0,4,2,3,"7,Q","4,9,Q"
b15e0474,martingale,7,25,1075,1050,-25,L,18,20,0,0,7,2,4,"J,8","7,3,4,6"
b15e0474,martingale,8,50,1050,1000,-50,L,25,15,0,0,9,6,2,"2,2,7,A,3,10","9,6"
b15e0474,martingale,9,100,1000,900,-100,L,19,20,0,0,6,2,3,"9,K","6,Q,4"
b15e0474,martingale,10,200,900,1100,200,W,17,24,0,0,10,2,3,"7,K","10,4,10"
b15e0474,martingale,11,25,1100,1100,0,P,19,19,0,0,8,3,2,"3,6,Q","8,A"
b15e0474,martingale,12,25,1100,1075,-25,L,26,12,0,0,J,5,2,"2,K,A,3,K","J,2"
b15e0474,martingale,13,50,1075,1025,-50,L,13,20,0,0,5,3,4,"3,5,5","5,A,9,5"
b15e0474,martingale,14,100,1025,1125,100,W,17,25,0,0,5,2,3,"7,Q","5,Q,Q"
b15e0474,martingale,15,25,1125,1100,-25,L,24,17,0,0,10,3,2,"Q,4,J","10,7"
b15e0474,martingale,16,50,1100,1150,50,W,18,23,0,0,7,2,3,"8,Q","7,6,K"
b15e0474,martingale,17,25,1150,1100,-50,L,15,17,0,0,4,3,3,"8,3,4","4,3,K"
b15e0474,martingale,18,50,1100,1050,-50,L,17,20,0,0,A,2,3,"9,8","A,4,5"
0ce7d856,martingale,1,25,1000,1025,25,W,18,17,0,0,Q,4,3,"Q,2,3,3","Q,6,A"
0ce7d856,martingale,2,25,1025,1000,-25,L,24,18,0,0,8,3,2,"7,9,8","8,K"
0ce7d856,martingale,3,50,1000,950,-50,L,13,21,0,0,6,2,4,"4,9","6,9,A,5"
0ce7d856,martingale,4,100,950,850,-100,L,17,20,0,0,4,2,4,"10,7","4,5,2,9"
0ce7d856,martingale,5,200,850,650,-200,L,24,17,0,0,Q,3,2,"Q,4,K","Q,7"
0ce7d856,martingale,6,400,650,1050,400,W,20,17,0,0,5,3,4,"3,6,A","5,2,4,6"
0ce7d856,martingale,7,25,1050,1025,-25,L,26,10,0,0,7,4,2,"10,4,2,J","7,3"
0ce7d856,martingale,8,50,1025,975,-50,L,17,19,0,0,9,2,3,"7,J","9,5,5"
0ce7d856,martingale,9,100,975,1075,100,W,18,26,0,0,6,2,3,"9,9","6,K,Q"
0ce7d856,martingale,10,25,1075,1100,25,W,21,20,0,0,K,3,2,"2,8,A","K,10"
0ce7d856,martingale,11,25,1100,1125,25,W,20,17,0,0,3,2,3,"J,K","3,K,4"
0ce7d856,martingale,12,25,1125,1150,25,W,21,19,0,0,4,4,5,"3,5,2,A","4,3,2,6,4"
0ce7d856,martingale,13,25,1150,1125,-25,L,14,19,0,0,3,2,5,"5,9","3,A,9,3,3"
0ce7d856,martingale,14,50,1125,1125,0,P,17,17,0,0,8,2,3,"9,8","8,3,6"
0ce7d856,martingale,15,50,1125,1075,-50,L,19,20,0,0,K,4,2,"4,2,3,J","K,K"
0ce7d856,martingale,16,100,1075,1175,100,W,12,23,0,0,5,2,4,"J,2","5,4,6,8"
0ce7d856,martingale,17,25,1175,1200,25,W,18,22,0,0,2,2,4,"7,A","2,K,3,7"
0ce7d856,martingale,18,25,1200,1175,-25,L,17,18,0,0,J,3,2,"K,6,A","J,8"
18f10437,martingale,1,25,1000,975,-25,L,18,19,0,0,A,3,4,"4,K,4","A,2,9,7"
18f10437,martingale,2,50,975,975,0,P,20,20,0,0,J,3,2,"J,5,5","J,K"
18f10437,martingale,3,50,975,925,-50,L,14,18,0,0,4,2,3,"9,5","4,10,4"
18f10437,martingale,4,100,925,925,0,P,20,20,0,0,2,2,3,"J,J","2,8,10"
18f10437,martingale,5,100,925,1025,100,W,19,17,0,0,7,5,2,"4,4,5,3,3","7,J"
18f10437,martingale,6,25,1025,1050,25,W,20,17,0,0,7,3,3,"3,J,7","7,9,A"
18f10437,martingale,7,25,1050,1025,-25,L,13,21,0,0,5,2,3,"8,5","5,7,9"
18f10437,martingale,8,50,1025,975,-50,L,24,18,0,0,9,4,2,"2,3,9,J","9,9"
18f10437,martingale,9,100,975,875,-100,L,17,18,0,0,9,2,4,"10,7","9,4,2,3"
18f10437,martingale,10,200,875,675,-200,L,17,20,0,0,J,2,2,"7,10","J,J"
18f10437,martingale,11,400,675,275,-400,L,25,15,0,0,7,3,2,"Q,5,10","7,8"
18f10437,martingale,12,275,275,687,412,W,21,9,1,0,6,2,2,"A,K","6,3"
18f10437,martingale,13,25,687,662,-25,L,13,20,0,0,2,2,4,"6,7","2,4,3,A"
18f10437,martingale,14,50,662,662,0,P,20,20,0,0,J,2,2,"10,10","J,Q"
18f10437,martingale,15,50,662,612,-50,L,25,20,0,0,K,5,2,"8,5,A,A,Q","K,10"
18f10437,martingale,16,100,612,512,-100,L,17,19,0,0,5,2,3,"10,7","5,J,4"
18f10437,martingale,17,200,512,312,-200,L,15,21,0,1,A,2,2,"5,10","A,10"
18f10437,martingale,18,312,312,0,-312,L,24,15,0,0,9,3,2,"6,K,8","9,6"
39d60f67,martingale,1,25,1000,1025,25,W,16,25,0,0,5,3,5,"3,3,10","5,8,A,A,J"
39d60f67,martingale,2,25,1025,1000,-25,L,13,21,0,0,2,2,3,"A,2","2,A,8"
39d60f67,martingale,3,50,1000,950,-50,L,14,21,0,0,2,3,3,"3,2,9","2,J,9"
39d60f67,martingale,4,100,950,950,0,P,20,20,0,0,J,2,2,"Q,Q","J,K"
39d60f67,martingale,5,100,950,950,0,P,20,20,0,0,10,2,2,"K,K","10,K"
39d60f67,martingale,6,100,950,950,0,P,20,20,0,0,J,2,3,"K,10","J,6,4"
39d60f67,martingale,7,100,950,850,-100,L,13,21,0,0,4,2,3,"A,2","4,J,7"
39d60f67,martingale,8,200,850,650,-200,L,25,18,0,0,K,4,2,"A,4,10,10","K,8"
39d60f67,martingale,9,400,650,250,-400,L,23,12,0,0,Q,3,2,"5,8,10","Q,2"
39d60f67,martingale,10,250,250,0,-250,L,22,14,0,0,7,3,2,"3,9,Q","7,7"
ed021b7e,martingale,1,25,1000,1025,25,W,18,17,0,0,7,3,2,"6,2,J","7,K"
ed021b7e,martingale,2,25,1025,1050,25,W,17,24,0,0,5,3,4,"4,4,9","5,6,3,J"
ed021b7e,martingale,3,25,1050,1025,-25,L,22,20,0,0,Q,3,2,"K,2,10","Q,K"
ed021b7e,martingale,4,50,1025,975,-50,L,18,19,0,0,A,2,2,"Q,8","A,8"
ed021b7e,martingale,5,100,975,1075,100,W,18,17,0,0,Q,3,3,"5,J,3","Q,2,5"
ed021b7e,martingale,6,25,1075,1025,-50,L,19,21,0,0,4,3,3,"2,7,K","4,7,J"
ed021b7e,martingale,7,50,1025,975,-50,L,19,20,0,0,K,4,3,"A,2,Q,6","K,6,4"
ed021b7e,martingale,8,100,975,875,-100,L,18,19,0,0,9,2,2,"9,9","9,10"
ed021b7e,martingale,9,200,875,675,-200,L,22,7,0,0,3,3,2,"2,Q,10","3,4"
ed021b7e,martingale,10,400,675,1075,400,W,12,22,0,0,4,3,3,"4,3,5","4,8,J"
ed021b7e,martingale,11,25,1075,1025,-50,L,12,17,0,0,5,3,3,"7,2,3","5,A,A"
ed021b7e,martingale,12,50,1025,1075,50,W,20,22,0,0,K,2,3,"J,Q","K,2,K"
ed021b7e,martingale,13,25,1075,1050,-25,L,8,21,0,1,10,2,2,"4,4","10,A"
ed021b7e,martingale,14,50,1050,1000,-50,L,26,18,0,0,A,3,2,"J,6,Q","A,7"
ed021b7e,martingale,15,100,1000,900,-100,L,16,18,0,0,2,2,4,"10,6","2,3,3,K"
ed021b7e,martingale,16,200,900,1100,200,W,19,18,0,0,8,3,2,"7,8,4","8,J"
ed021b7e,martingale,17,25,1100,1100,0,P,18,18,0,0,9,3,4,"10,2,6","9,2,A,6"
ed021b7e,martingale,18,25,1100,1125,25,W,20,19,0,0,5,2,3,"J,Q","5,3,A"
afbf6aee,martingale,1,25,1000,975,-25,L,18,20,0,0,K,3,2,"5,Q,3","K,K"
afbf6aee,martingale,2,50,975,925,-50,L,15,17,0,0,4,2,4,"6,9","4,3,6,4"
afbf6aee,martingale,3,100,925,825,-100,L,16,21,0,0,4,2,5,"J,6","4,6,2,4,5"
afbf6aee,martingale,4,200,825,625,-200,L,23,12,0,0,J,3,2,"9,4,Q","J,2"
afbf6aee,martingale,5,400,625,1025,400,W,15,25,0,0,6,2,3,"8,7","6,9,J"
afbf6aee,martingale,6,25,1025,1000,-25,L,20,21,0,0,A,2,3,"J,K","A,4,6"
afbf6aee,martingale,7,50,1000,1100,100,W,19,22,0,0,4,3,3,"4,5,K","4,8,J"
afbf6aee,martingale,8,25,1100,1137,37,W,21,12,1,0,2,2,2,"10,A","2,Q"
afbf6aee,martingale,9,25,1137,1112,-25,L,17,20,0,0,10,2,2,"7,J","10,Q"
afbf6aee,martingale,10,50,1112,1012,-100,L,11,19,0,0,3,3,4,"5,4,2","3,6,4,6"
afbf6aee,martingale,11,100,1012,1212,200,W,21,20,0,0,2,3,3,"4,7,10","2,Q,8"
afbf6aee,martingale,12,25,1212,1187,-25,L,13,20,0,0,2,2,3,"3,Q","2,Q,8"
afbf6aee,martingale,13,50,1187,1237,50,W,13,25,0,0,3,2,4,"5,8","3,2,J,Q"
afbf6aee,martingale,14,25,1237,1212,-25,L,23,20,0,0,9,4,2,"2,A,K,Q","9,A"
afbf6aee,martingale,15,50,1212,1212,0,P,18,18,0,0,J,3,2,"6,3,9","J,8"
afbf6aee,martingale,16,50,1212,1262,50,W,20,19,0,0,5,2,4,"K,10","5,6,2,6"
afbf6aee,martingale,17,25,1262,1262,0,P,18,18,0,0,4,2,3,"8,Q","4,3,A"
afbf6aee,martingale,18,25,1262,1287,25,W,20,18,0,0,3,2,4,"J,J","3,6,4,5"
0dff7c9c,martingale,1,25,1000,975,-25,L,15,21,0,1,Q,2,2,"9,6","Q,A"
0dff7c9c,martingale,2,50,975,875,-100,L,16,17,0,0,7,3,2,"8,3,5","7,10"
0dff7c9c,martingale,3,100,875,975,100,W,20,23,0,0,2,2,4,"Q,J","2,A,10,10"
0dff7c9c,martingale,4,25,975,1025,50,W,20,19,0,0,9,3,3,"4,7,9","9,2,8"
0dff7c9c,martingale,5,25,1025,1050,25,W,20,24,0,0,8,2,4,"K,J","8,4,2,10"
0dff7c9c,martingale,6,25,1050,1025,-25,L,20,21,0,1,Q,2,2,"J,Q","Q,A"
0dff7c9c,martingale,7,50,1025,975,-50,L,14,19,0,0,6,2,3,"4,10","6,2,A"
0dff7c9c,martingale,8,100,975,875,-100,L,12,20,0,0,4,2,3,"6,6","4,K,6"
0dff7c9c,martingale,9,200,875,675,-200,L,22,16,0,0,7,3,2,"2,J,Q","7,9"
0dff7c9c,martingale,10,400,675,275,-400,L,17,20,0,0,K,3,2,"5,Q,2","K,10"
0dff7c9c,martingale,11,275,275,550,275,W,19,22,0,0,A,3,4,"6,8,5","A,4,9,8"
0dff7c9c,martingale,12,25,550,525,-25,L,17,19,0,0,A,3,2,"8,5,4","A,8"
0dff7c9c,martingale,13,50,525,425,-100,L,16,20,0,0,Q,3,2,"7,4,5","Q,J"
0dff7c9c,martingale,14,100,425,525,100,W,18,17,0,0,10,2,2,"8,Q","10,7"
0dff7c9c,martingale,15,25,525,475,-50,L,17,20,0,0,K,3,2,"6,5,6","K,K"
0dff7c9c,martingale,16,50,475,525,50,W,21,17,0,0,J,3,2,"7,3,A","J,7"
0dff7c9c,martingale,17,25,525,500,-25,L,14,17,0,0,3,2,3,"5,9","3,Q,4"
0dff7c9c,martingale,18,50,500,550,50,W,21,24,0,0,K,4,3,"5,3,4,9","K,4,10"
d693e9ad,martingale,1,25,1000,1025,25,W,20,22,0,0,2,2,3,"J,10","2,K,Q"
d693e9ad,martingale,2,25,1025,1000,-25,L,17,21,0,0,2,2,4,"7,10","2,8,2,9"
d693e9ad,martingale,3,50,1000,1000,0,P,20,20,0,0,Q,2,2,"10,J","Q,10"
d693e9ad,martingale,4,50,1000,1050,50,W,17,23,0,0,6,2,3,"7,J","6,7,10"
d693e9ad,martingale,5,25,1050,1025,-25,L,19,20,0,0,8,3,3,"5,J,4","8,2,Q"
d693e9ad,martingale,6,50,1025,1075,50,W,20,18,0,0,8,3,2,"5,4,A","8,J"
d693e9ad,martingale,7,25,1075,1100,25,W,20,18,0,0,Q,4,4,"4,2,4,J","Q,3,3,2"
d693e9ad,martingale,8,25,1100,1125,25,W,19,17,0,0,Q,3,2,"9,5,5","Q,7"
d693e9ad,martingale,9,25,1125,1150,25,W,20,17,0,0,7,3,2,"J,4,6","7,10"
d693e9ad,martingale,10,25,1150,1125,-25,L,18,20,0,0,J,3,2,"10,2,6","J,J"
d693e9ad,martingale,11,50,1125,1200,75,W,21,7,1,0,3,2,2,"K,A","3,4"
d693e9ad,martingale,12,25,1200,1225,25,W,18,23,0,0,10,2,3,"10,8","10,6,7"
d693e9ad,martingale,13,25,1225,1200,-25,L,17,20,0,0,10,2,2,"7,Q","10,J"
d693e9ad,martingale,14,50,1200,1250,50,W,19,22,0,0,3,2,3,"J,9","3,9,K"
d693e9ad,martingale,15,25,1250,1200,-50,L,12,20,0,0,9,3,2,"6,5,A","9,A"
d693e9ad,martingale,16,50,1200,1275,75,W,21,18,1,0,8,2,2,"K,A","8,K"
d693e9ad,martingale,17,25,1275,1300,25,W,19,24,0,0,6,2,3,"9,J","6,Q,8"
d693e9ad,martingale,18,25,1300,1350,50,W,21,20,0,0,Q,3,2,"3,8,10","Q,J"
c71aadd0,martingale,1,25,1000,975,-25,L,19,20,0,0,Q,2,2,"J,9","Q,Q"
c71aadd0,martingale,2,50,975,925,-50,L,25,19,0,0,A,3,2,"6,9,K","A,8"
c71aadd0,martingale,3,100,925,1025,100,W,20,25,0,0,8,2,3,"K,10","8,7,Q"
c71aadd0,martingale,4,25,1025,1050,25,W,20,23,0,0,3,2,4,"Q,K","3,3,K,7"
c71aadd0,martingale,5,25,1050,1075,25,W,18,17,0,0,6,2,2,"10,8","6,A"
c71aadd0,martingale,6,25,1075,1100,25,W,19,17,0,0,7,4,2,"7,5,A,6","7,J"
c71aadd0,martingale,7,25,1100,1075,-25,L,22,20,0,0,J,3,2,"10,3,9","J,Q"
c71aadd0,martingale,8,50,1075,1125,50,W,19,24,0,0,7,2,4,"9,K","7,3,4,Q"
c71aadd0,martingale,9,25,1125,1100,-25,L,8,21,0,1,A,2,2,"5,3","A,10"
c71aadd0,martingale,10,50,1100,1150,50,W,20,18,0,0,Q,3,2,"8,6,6","Q,8"
c71aadd0,martingale,11,25,1150,1125,-25,L,17,18,0,0,7,4,2,"7,2,3,5","7,A"
c71aadd0,martingale,12,50,1125,1175,50,W,19,25,0,0,5,2,3,"10,9","5,K,K"
c71aadd0,martingale,13,25,1175,1200,25,W,20,26,0,0,8,4,3,"6,3,2,9","8,8,K"
c71aadd0,martingale,14,25,1200,1237,37,W,21,19,1,0,9,2,2,"J,A","9,J"
c71aadd0,martingale,15,25,1237,1237,0,P,17,17,0,0,8,4,3,"4,2,2,9","8,2,7"
c71aadd0,martingale,16,25,1237,1212,-25,L,17,20,0,0,10,4,2,"3,A,A,2","10,Q"
c71aadd0,martingale,17,50,1212,1262,50,W,18,22,0,0,9,3,3,"8,8,2","9,3,Q"
c71aadd0,martingale,18,25,1262,1237,-25,L,17,20,0,0,8,3,3,"K,3,4","8,8,4"
06f8719e,martingale,1,25,1000,1025,25,W,16,24,0,0,3,2,4,"9,7","3,3,8,Q"
06f8719e,martingale,2,25,1025,1000,-25,L,12,21,0,1,10,2,2,"9,3","10,A"
06f8719e,martingale,3,50,1000,1050,50,W,20,19,0,0,10,2,2,"J,10","10,9"
06f8719e,martingale,4,25,1050,1075,25,W,12,25,0,0,6,2,3,"7,5","6,9,10"
06f8719e,martingale,5,25,1075,1050,-25,L,22,19,0,0,Q,3,2,"2,J,J","Q,9"
06f8719e,martingale,6,50,1050,1100,50,W,19,17,0,0,4,2,3,"9,10","4,8,5"
06f8719e,martingale,7,25,1100,1075,-25,L,25,18,0,0,9,3,2,"6,10,9","9,9"
06f8719e,martingale,8,50,1075,1175,100,W,18,24,0,0,J,3,3,"6,5,7","J,4,J"
06f8719e,martingale,9,25,1175,1200,25,W,20,17,0,0,2,2,4,"Q,K","2,J,4,A"
06f8719e,martingale,10,25,1200,1175,-25,L,18,20,0,0,9,3,3,"J,6,2","9,7,4"
06f8719e,martingale,11,50,1175,1175,0,P,20,20,0,0,J,2,2,"K,Q","J,K"
06f8719e,martingale,12,50,1175,1250,75,W,21,15,1,0,8,2,2,"A,10","8,7"
06f8719e,martingale,13,25,1250,1225,-25,L,12,19,0,0,6,2,3,"2,Q","6,10,3"
06f8719e,martingale,14,50,1225,1275,50,W,21,20,0,0,J,3,2,"J,4,7","J,J"
06f8719e,martingale,15,25,1275,1312,37,W,21,4,1,0,2,2,2,"A,K","2,2"
06f8719e,martingale,16,25,1312,1337,25,W,18,26,0,0,2,2,4,"7,A","2,4,J,J"
06f8719e,martingale,17,25,1337,1312,-25,L,16,21,0,1,A,2,2,"10,6","A,J"
06f8719e,martingale,18,50,1312,1262,-50,L,26,19,0,0,8,3,2,"7,9,10","8,A"
3659475f,martingale,1,25,1000,1050,50,W,21,19,0,0,K,3,2,"8,3,K","K,9"
3659475f,martingale,2,25,1050,1075,25,W,20,19,0,0,8,2,3,"J,K","8,7,4"
3659475f,martingale,3,25,1075,1050,-25,L,17,19,0,0,9,3,2,"6,7,4","9,J"
3659475f,martingale,4,50,1050,1000,-50,L,14,21,0,1,10,2,2,"4,J","10,A"
3659475f,martingale,5,100,1000,1100,100,W,20,26,0,0,2,2,4,"J,Q","2,4,K,K"
3659475f,martingale,6,25,1100,1125,25,W,20,19,0,0,6,2,3,"10,10","6,3,J"
3659475f,martingale,7,25,1125,1100,-25,L,18,19,0,0,9,3,2,"2,Q,6","9,10"
3659475f,martingale,8,50,1100,1050,-50,L,22,13,0,0,Q,3,2,"2,K,Q","Q,3"
3659475f,martingale,9,100,1050,950,-100,L,26,12,0,0,8,3,2,"6,K,K","8,4"
3659475f,martingale,10,200,950,1150,200,W,21,20,0,0,K,3,2,"7,6,8","K,10"
3659475f,martingale,11,25,1150,1175,25,W,21,17,0,0,7,5,2,"2,2,5,3,9","7,Q"
3659475f,martingale,12,25,1175,1150,-25,L,17,18,0,0,3,3,3,"6,2,9","3,A,4"
3659475f,martingale,13,50,1150,1200,50,W,18,23,0,0,2,2,4,"8,10","2,2,9,10"
3659475f,martingale,14,25,1200,1175,-25,L,16,19,0,0,5,2,3,"8,8","5,10,4"
3659475f,martingale,15,50,1175,1250,75,W,21,10,1,0,3,2,2,"A,10","3,7"
3659475f,martingale,16,25,1250,1250,0,P,20,20,0,0,10,4,3,"3,3,4,J","10,6,4"
3659475f,martingale,17,25,1250,1200,-50,L,17,19,0,0,2,3,3,"5,6,6","2,8,9"
3659475f,martingale,18,50,1200,1275,75,W,21,8,1,0,2,2,2,"A,10","2,6"
828c5fb8,martingale,1,25,1000,975,-25,L,14,17,0,0,6,2,3,"4,J","6,Q,A"
828c5fb8,martingale,2,50,975,1025,50,W,20,25,0,0,5,2,5,"K,10","5,4,2,4,J"
828c5fb8,martingale,3,25,1025,1000,-25,L,13,17,0,0,5,3,3,"5,3,5","5,4,8"
828c5fb8,martingale,4,50,1000,1100,100,W,12,24,0,0,8,3,3,"3,7,2","8,7,9"
828c5fb8,martingale,5,25,1100,1075,-25,L,26,18,0,0,9,4,2,"5,K,A,10","9,9"
828c5fb8,martingale,6,50,1075,1075,0,P,20,20,0,0,J,2,2,"10,K","J,J"
828c5fb8,martingale,7,50,1075,975,-100,L,15,20,0,0,7,3,3,"4,7,4","7,7,6"
828c5fb8,martingale,8,100,975,875,-100,L,25,13,0,0,7,3,2,"6,9,10","7,6"
828c5fb8,martingale,9,200,875,1075,200,W,19,18,0,0,8,3,2,"10,2,7","8,10"
828c5fb8,martingale,10,25,1075,1100,25,W,18,17,0,0,K,4,3,"A,2,Q,5","K,2,5"
828c5fb8,martingale,11,25,1100,1125,25,W,18,23,0,0,4,3,6,"5,3,10","4,5,2,A,A,J"
828c5fb8,martingale,12,25,1125,1100,-25,L,22,12,0,0,2,3,2,"Q,2,10","2,K"
828c5fb8,martingale,13,50,1100,1150,50,W,19,17,0,0,Q,3,2,"3,Q,6","Q,7"
828c5fb8,martingale,14,25,1150,1125,-25,L,14,17,0,0,3,2,3,"Q,4","3,4,Q"
828c5fb8,martingale,15,50,1125,1175,50,W,19,23,0,0,8,4,3,"3,2,3,A","8,5,K"
828c5fb8,martingale,16,25,1175,1200,25,W,18,26,0,0,2,2,5,"8,10","2,J,A,3,10"
828c5fb8,martingale,17,25,1200,1150,-50,L,20,21,0,0,2,3,3,"8,3,9","2,9,10"
828c5fb8,martingale,18,50,1150,1150,0,P,17,17,0,0,5,2,3,"7,Q","5,2,K"
ff8b371a,martingale,1,25,1000,1050,50,W,21,18,0,0,5,3,4,"6,5,K","5,2,5,6"
ff8b371a,martingale,2,25,1050,1050,0,P,20,20,0,0,3,2,3,"J,K","3,Q,7"
ff8b371a,martingale,3,25,1050,1075,25,W,21,23,0,0,9,3,3,"Q,2,9","9,4,J"
ff8b371a,martingale,4,25,1075,1050,-25,L,18,20,0,0,Q,2,2,"8,J","Q,10"
ff8b371a,martingale,5,50,1050,1000,-50,L,26,20,0,0,Q,3,2,"6,J,K","Q,K"
ff8b371a,martingale,6,100,1000,900,-100,L,23,10,0,0,8,4,2,"9,3,A,10","8,2"
ff8b371a,martingale,7,200,900,700,-200,L,18,21,0,0,10,3,4,"3,5,10","10,2,4,5"
ff8b371a,martingale,8,400,700,1300,600,W,21,18,1,0,7,2,2,"10,A","7,A"
ff8b371a,martingale,9,25,1300,1250,-50,L,19,20,0,0,5,3,3,"4,5,Q","5,J,5"
ff8b371a,martingale,10,50,1250,1300,50,W,21,24,0,0,A,3,4,"Q,5,6","A,3,10,K"
ff8b371a,martingale,11,25,1300,1325,25,W,20,25,0,0,A,4,5,"3,3,4,J","A,4,Q,A,9"
ff8b371a,martingale,12,25,1325,1375,50,W,19,25,0,0,4,3,4,"5,6,8","4,J,A,Q"
ff8b371a,martingale,13,25,1375,1400,25,W,17,24,0,0,9,2,3,"K,7","9,7,8"
ff8b371a,martingale,14,25,1400,1375,-25,L,23,17,0,0,A,3,2,"Q,3,Q","A,6"
ff8b371a,martingale,15,50,1375,1375,0,P,20,20,0,0,J,2,2,"Q,J","J,K"
ff8b371a,martingale,16,50,1375,1325,-50,L,13,21,0,0,3,2,3,"2,A","3,7,A"
ff8b371a,martingale,17,100,1325,1425,100,W,19,17,0,0,J,2,3,"K,9","J,4,3"
ff8b371a,martingale,18,25,1425,1425,0,P,20,20,0,0,Q,3,2,"7,3,Q","Q,Q"
57724777,martingale,1,25,1000,975,-25,L,19,20,0,0,10,4,3,"K,2,A,6","10,3,7"
57724777,martingale,2,50,975,1025,50,W,13,24,0,0,4,2,3,"2,A","4,10,K"
57724777,martingale,3,25,1025,1000,-25,L,18,19,0,0,8,2,3,"8,J","8,6,5"
57724777,martingale,4,50,1000,950,-50,L,26,14,0,0,A,3,2,"J,6,J","A,3"
57724777,martingale,5,100,950,850,-100,L,14,19,0,0,6,2,5,"7,7","6,3,4,2,4"
57724777,martingale,6,200,850,650,-200,L,13,21,0,0,5,2,3,"9,4","5,10,6"
57724777,martingale,7,400,650,1050,400,W,20,19,0,0,10,2,3,"10,10","10,3,6"
57724777,martingale,8,25,1050,1025,-25,L,17,19,0,0,3,2,4,"9,8","3,A,K,5"
57724777,martingale,9,50,1025,1100,75,W,21,10,1,0,2,2,2,"J,A","2,8"
57724777,martingale,10,25,1100,1125,25,W,20,24,0,0,J,2,4,"Q,K","J,4,A,9"
57724777,martingale,11,25,1125,1100,-25,L,14,17,0,0,3,2,3,"4,Q","3,4,J"
57724777,martingale,12,50,1100,1050,-50,L,25,18,0,0,8,3,2,"5,K,Q","8,10"
57724777,martingale,13,100,1050,850,-200,L,15,20,0,0,7,3,3,"3,7,5","7,3,Q"
57724777,martingale,14,200,850,650,-200,L,15,17,0,0,6,4,3,"2,2,5,6","6,6,5"
57724777,martingale,15,400,650,1250,600,W,21,12,1,0,2,2,2,"Q,A","2,J"
57724777,martingale,16,25,1250,1225,-25,L,24,14,0,0,8,3,2,"5,J,9","8,6"
57724777,martingale,17,50,1225,1275,50,W,21,20,0,0,10,3,3,"6,J,5","10,3,7"
57724777,martingale,18,25,1275,1312,37,W,21,12,1,0,2,2,2,"K,A","2,10"
3d12da18,martingale,1,25,1000,1025,25,W,18,24,0,0,K,2,3,"10,8","K,4,10"
3d12da18,martingale,2,25,1025,1075,50,W,21,22,0,0,4,3,3,"7,4,10","4,8,10"
3d12da18,martingale,3,25,1075,1050,-25,L,16,18,0,0,5,2,3,"6,10","5,J,3"
3d12da18,martingale,4,50,1050,1100,50,W,20,17,0,0,3,3,4,"2,Q,8","3,7,2,5"
3d12da18,martingale,5,25,1100,1075,-25,L,19,20,0,0,K,4,2,"2,6,6,5","K,J"
3d12da18,martingale,6,50,1075,1025,-50,L,18,21,0,0,10,3,3,"2,10,6","10,6,5"
3d12da18,martingale,7,100,1025,925,-100,L,26,20,0,0,J,3,2,"9,7,J","J,Q"
3d12da18,martingale,8,200,925,725,-200,L,12,17,0,0,6,2,3,"4,8","6,Q,A"
3d12da18,martingale,9,400,725,725,0,P,20,20,0,0,A,2,2,"Q,K","A,9"
3d12da18,martingale,10,400,725,1125,400,W,20,23,0,0,3,3,4,"2,8,K","3,7,3,J"
3d12da18,martingale,11,25,1125,1100,-25,L,14,21,0,1,K,2,2,"9,5","K,A"
3d12da18,martingale,12,50,1100,1050,-50,L,14,18,0,0,6,2,3,"4,Q","6,9,3"
3d12da18,martingale,13,100,1050,1150,100,W,19,23,0,0,6,2,3,"K,9","6,8,9"
3d12da18,martingale,14,25,1150,1125,-25,L,15,21,0,0,2,2,4,"5,K","2,3,10,6"
3d12da18,martingale,15,50,1125,1125,0,P,20,20,0,0,10,2,2,"Q,Q","10,10"
3d12da18,martingale,16,50,1125,1175,50,W,15,24,0,0,4,3,3,"3,2,J","4,J,Q"
3d12da18,martingale,17,25,1175,1125,-50,L,14,20,0,0,K,3,2,"9,2,3","K,Q"
3d12da18,martingale,18,50,1125,1075,-50,L,22,16,0,0,J,4,2,"A,2,10,9","J,6"
7171a5f2,martingale,1,25,1000,1000,0,P,18,18,0,0,8,3,2,"7,8,3","8,10"
7171a5f2,martingale,2,25,1000,975,-25,L,18,19,0,0,9,2,2,"Q,8","9,10"
7171a5f2,martingale,3,50,975,1050,75,W,21,20,1,0,10,2,2,"A,K","10,K"
7171a5f2,martingale,4,25,1050,1025,-25,L,14,21,0,0,6,3,4,"2,2,Q","6,9,A,5"
7171a5f2,martingale,5,50,1025,975,-50,L,26,17,0,0,7,3,2,"K,6,10","7,Q"
7171a5f2,martingale,6,100,975,975,0,P,21,21,1,1,A,2,2,"A,K","A,J"
7171a5f2,martingale,7,100,975,1075,100,W,17,22,0,0,10,3,3,"5,3,9","10,2,Q"
7171a5f2,martingale,8,25,1075,1050,-25,L,22,4,0,0,2,3,2,"3,9,Q","2,2"
7171a5f2,martingale,9,50,1050,1100,50,W,18,22,0,0,9,2,3,"K,8","9,3,K"
7171a5f2,martingale,10,25,1100,1075,-25,L,26,20,0,0,J,3,2,"9,7,Q","J,Q"
7171a5f2,martingale,11,50,1075,1125,50,W,18,23,0,0,10,3,3,"9,5,4","10,3,10"
7171a5f2,martingale,12,25,1125,1175,50,W,12,23,0,0,6,3,3,"7,4,A","6,7,Q"
7171a5f2,martingale,13,25,1175,1150,-25,L,15,18,0,0,4,2,3,"5,J","4,4,K"
7171a5f2,martingale,14,50,1150,1200,50,W,18,24,0,0,7,3,4,"K,4,4","7,6,2,9"
7171a5f2,martingale,15,25,1200,1225,25,W,21,20,0,0,K,3,2,"9,6,6","K,10"
7171a5f2,martingale,16,25,1225,1250,25,W,20,25,0,0,10,3,3,"5,A,4","10,5,10"
7171a5f2,martingale,17,25,1250,1250,0,P,20,20,0,0,10,2,2,"Q,J","10,Q"
7171a5f2,martingale,18,25,1250,1225,-25,L,15,18,0,0,5,2,4,"8,7","5,5,3,5"
17bbc742,martingale,1,25,1000,1000,0,P,21,21,1,1,A,2,2,"A,K","A,J"
17bbc742,martingale,2,25,1000,975,-25,L,23,15,0,0,J,3,2,"7,6,K","J,5"
17bbc742,martingale,3,50,975,1025,50,W,19,18,0,0,8,3,2,"4,5,K","8,Q"
17bbc742,martingale,4,25,1025,1000,-25,L,6,21,0,1,Q,2,2,"3,3","Q,A"
17bbc742,martingale,5,50,1000,1000,0,P,20,20,0,0,10,3,2,"3,8,9","10,Q"
17bbc742,martingale,6,50,1000,950,-50,L,24,16,0,0,K,3,2,"Q,4,Q","K,6"
17bbc742,martingale,7,100,950,1050,100,W,18,23,0,0,10,2,3,"A,7","10,3,10"
17bbc742,martingale,8,25,1050,1100,50,W,16,25,0,0,2,3,4,"2,9,5","2,4,Q,9"
17bbc742,martingale,9,25,1100,1075,-25,L,13,17,0,0,3,2,4,"5,8","3,A,8,5"
17bbc742,martingale,10,50,1075,1025,-50,L,17,19,0,0,10,3,2,"6,J,A","10,9"
17bbc742,martingale,11,100,1025,925,-100,L,17,18,0,0,2,3,3,"3,4,10","2,6,10"
17bbc742,martingale,12,200,925,1325,400,W,18,17,0,0,6,3,3,"2,7,9","6,2,9"
17bbc742,martingale,13,25,1325,1325,0,P,18,18,0,0,7,2,4,"J,8","7,7,2,2"
17bbc742,martingale,14,25,1325,1300,-25,L,19,20,0,0,K,2,2,"10,9","K,10"
17bbc742,martingale,15,50,1300,1300,0,P,17,17,0,0,A,2,3,"7,K","A,A,5"
17bbc742,martingale,16,50,1300,1400,100,W,19,26,0,0,3,3,5,"4,5,10","3,2,9,2,J"
17bbc742,martingale,17,25,1400,1425,25,W,21,22,0,0,10,3,3,"7,6,8","10,2,10"
17bbc742,martingale,18,25,1425,1462,37,W,21,13,1,0,10,2,2,"A,Q","10,3"
f5d2a723,martingale,1,25,1000,1025,25,W,18,25,0,0,7,2,3,"8,J","7,8,K"
f5d2a723,martingale,2,25,1025,1050,25,W,19,26,0,0,7,3,4,"A,3,5","7,5,4,Q"
f5d2a723,martingale,3,25,1050,1000,-50,L,15,17,0,0,8,3,2,"8,2,5","8,9"
f5d2a723,martingale,4,50,1000,1050,50,W,20,24,0,0,5,2,4,"J,J","5,2,7,K"
f5d2a723,martingale,5,25,1050,1025,-25,L,24,17,0,0,7,5,2,"2,2,A,9,J","7,10"
f5d2a723,martingale,6,50,1025,975,-50,L,26,19,0,0,J,4,2,"4,Q,2,K","J,9"
f5d2a723,martingale,7,100,975,875,-100,L,20,21,0,0,7,2,3,"K,10","7,9,5"
f5d2a723,martingale,8,200,875,675,-200,L,15,21,0,0,6,2,3,"Q,5","6,7,8"
f5d2a723,martingale,9,400,675,275,-400,L,22,17,0,0,7,3,2,"K,6,6","7,K"
f5d2a723,martingale,10,275,275,550,275,W,20,19,0,0,9,2,2,"A,9","9,J"
f5d2a723,martingale,11,25,550,525,-25,L,18,21,0,0,A,5,6,"4,3,3,4,4","A,A,2,A,8,8"
f5d2a723,martingale,12,50,525,475,-50,L,18,20,0,0,K,4,2,"6,8,A,3","K,Q"
f5d2a723,martingale,13,100,475,575,100,W,20,17,0,0,7,3,2,"5,J,5","7,K"
f5d2a723,martingale,14,25,575,625,50,W,20,22,0,0,2,3,4,"5,5,Q","2,9,4,7"
f5d2a723,martingale,15,25,625,600,-25,L,16,17,0,0,6,2,3,"7,9","6,3,8"
f5d2a723,martingale,16,50,600,675,75,W,21,15,1,0,5,2,2,"A,Q","5,K"
f5d2a723,martingale,17,25,675,650,-25,L,24,18,0,0,8,4,2,"2,2,K,10","8,J"
f5d2a723,martingale,18,50,650,650,0,P,19,19,0,0,10,2,2,"Q,9","10,9"
7bec8db4,martingale,1,25,1000,975,-25,L,23,20,0,0,J,3,2,"6,8,9","J,K"
7bec8db4,martingale,2,50,975,925,-50,L,17,19,0,0,8,3,2,"3,4,Q","8,A"
7bec8db4,martingale,3,100,925,925,0,P,21,21,0,0,Q,3,3,"5,6,J","Q,3,8"
7bec8db4,martingale,4,100,925,1025,100,W,21,19,0,0,K,3,2,"K,6,5","K,9"
7bec8db4,martingale,5,25,1025,1050,25,W,20,19,0,0,9,3,2,"10,4,6","9,10"
7bec8db4,martingale,6,25,1050,1075,25,W,17,26,0,0,A,3,5,"2,10,5","A,4,K,A,Q"
7bec8db4,martingale,7,25,1075,1100,25,W,20,23,0,0,3,2,3,"10,K","3,J,J"
7bec8db4,martingale,8,25,1100,1137,37,W,21,13,1,0,5,2,2,"J,A","5,8"
7bec8db4,martingale,9,25,1137,1162,25,W,13,26,0,0,3,3,5,"9,3,A","3,2,7,4,10"
7bec8db4,martingale,10,25,1162,1137,-25,L,17,18,0,0,9,2,3,"9,8","9,3,6"
7bec8db4,martingale,11,50,1137,1187,50,W,12,25,0,0,5,2,3,"6,6","5,K,J"
7bec8db4,martingale,12,25,1187,1162,-25,L,15,21,0,1,J,2,2,"6,9","J,A"
7bec8db4,martingale,13,50,1162,1262,100,W,21,18,0,0,2,3,3,"7,4,Q","2,Q,6"
7bec8db4,martingale,14,25,1262,1237,-25,L,24,17,0,0,Q,3,2,"4,J,J","Q,7"
7bec8db4,martingale,15,50,1237,1287,50,W,18,24,0,0,8,2,4,"8,K","8,5,2,9"
7bec8db4,martingale,16,25,1287,1337,50,W,19,25,0,0,6,3,4,"2,7,K","6,5,4,Q"
7bec8db4,martingale,17,25,1337,1312,-25,L,17,19,0,0,J,2,2,"7,Q","J,9"
7bec8db4,martingale,18,50,1312,1362,50,W,15,26,0,0,4,2,5,"9,6","4,2,8,2,Q"
0d4e8285,martingale,1,25,1000,1025,25,W,17,25,0,0,7,2,3,"10,7","7,8,Q"
0d4e8285,martingale,2,25,1025,1000,-25,L,23,20,0,0,Q,3,2,"4,9,J","Q,K"
0d4e8285,martingale,3,50,1000,950,-50,L,19,21,0,0,7,3,3,"6,3,Q","7,4,J"
0d4e8285,martingale,4,100,950,850,-100,L,17,19,0,0,6,3,3,"2,5,Q","6,5,8"
0d4e8285,martingale,5,200,850,650,-200,L,19,20,0,0,Q,4,2,"A,4,Q,4","Q,10"
0d4e8285,martingale,6,400,650,250,-400,L,22,17,0,0,7,3,2,"2,J,10","7,Q"
0d4e8285,martingale,7,250,250,0,-250,L,25,17,0,0,7,3,2,"5,J,K","7,K"
79dea6ce,martingale,1,25,1000,1037,37,W,21,11,1,0,8,2,2,"J,A","8,3"
79dea6ce,martingale,2,25,1037,1012,-25,L,15,18,0,0,4,2,3,"9,6","4,J,4"
79dea6ce,martingale,3,50,1012,962,-50,L,19,20,0,0,Q,3,2,"5,4,J","Q,Q"
79dea6ce,martingale,4,100,962,1062,100,W,14,22,0,0,5,4,3,"4,2,5,3","5,7,K"
79dea6ce,martingale,5,25,1062,1037,-25,L,25,12,0,0,Q,4,2,"3,5,7,K","Q,2"
79dea6ce,martingale,6,50,1037,987,-50,L,5,21,0,1,10,2,2,"3,2","10,A"
79dea6ce,martingale,7,100,987,1137,150,W,21,18,1,0,10,2,2,"Q,A","10,8"
79dea6ce,martingale,8,25,1137,1162,25,W,16,26,0,0,4,2,4,"6,K","4,8,4,K"
79dea6ce,martingale,9,25,1162,1162,0,P,17,17,0,0,7,2,2,"7,Q","7,J"
79dea6ce,martingale,10,25,1162,1187,25,W,19,17,0,0,3,2,5,"8,A","3,2,4,7,A"
79dea6ce,martingale,11,25,1187,1162,-25,L,23,12,0,0,K,4,2,"Q,4,A,8","K,2"
79dea6ce,martingale,12,50,1162,1112,-50,L,13,17,0,0,5,2,4,"3,J","5,5,6,A"
79dea6ce,martingale,13,100,1112,1212,100,W,19,22,0,0,2,2,4,"K,9","2,A,9,J"
79dea6ce,martingale,14,25,1212,1187,-25,L,22,20,0,0,10,3,2,"6,6,K","10,10"
79dea6ce,martingale,15,50,1187,1137,-50,L,17,20,0,0,10,3,2,"4,9,4","10,Q"
79dea6ce,martingale,16,100,1137,1037,-100,L,22,12,0,0,7,4,2,"2,10,4,6","7,5"
79dea6ce,martingale,17,200,1037,1237,200,W,17,22,0,0,Q,4,3,"3,3,K,A","Q,2,K"
79dea6ce,martingale,18,25,1237,1262,25,W,15,26,0,0,5,2,4,"5,J","5,8,3,Q"
334cea0e,martingale,1,25,1000,975,-25,L,15,20,0,0,4,2,3,"5,K","4,A,5"
334cea0e,martingale,2,50,975,925,-50,L,14,20,0,0,2,2,5,"4,10","2,5,2,7,4"
334cea0e,martingale,3,100,925,1025,100,W,19,24,0,0,J,2,4,"10,9","J,5,A,8"
334cea0e,martingale,4,25,1025,1062,37,W,21,15,1,0,A,2,2,"10,A","A,4"
334cea0e,martingale,5,25,1062,1037,-25,L,16,21,0,0,2,2,4,"9,7","2,7,5,7"
334cea0e,martingale,6,50,1037,1087,50,W,20,19,0,0,9,2,2,"9,A","9,Q"
334cea0e,martingale,7,25,1087,1062,-25,L,17,19,0,0,6,2,4,"9,8","6,4,3,6"
334cea0e,martingale,8,50,1062,1112,50,W,19,17,0,0,J,3,2,"A,A,7","J,7"
334cea0e,martingale,9,25,1112,1087,-25,L,17,19,0,0,9,3,2,"5,4,8","9,J"
334cea0e,martingale,10,50,1087,1087,0,P,20,20,0,0,J,3,2,"4,J,6","J,Q"
334cea0e,martingale,11,50,1087,1087,0,P,18,18,0,0,7,4,3,"9,3,2,4","7,4,7"
334cea0e,martingale,12,50,1087,1137,50,W,18,17,0,0,5,3,3,"6,2,10","5,J,2"
334cea0e,martingale,13,25,1137,1162,25,W,20,17,0,0,7,2,3,"J,Q","7,4,6"
334cea0e,martingale,14,25,1162,1112,-50,L,13,17,0,0,2,3,3,"8,2,3","2,J,5"
334cea0e,martingale,15,50,1112,1062,-50,L,23,16,0,0,J,3,2,"10,4,9","J,6"
334cea0e,martingale,16,100,1062,962,-100,L,16,18,0,0,3,3,3,"3,3,J","3,8,7"
334cea0e,martingale,17,200,962,762,-200,L,12,18,0,0,6,2,3,"9,3","6,4,8"
334cea0e,martingale,18,400,762,362,-400,L,17,18,0,0,7,2,2,"9,8","7,A"
8d61b41d,martingale,1,25,1000,1025,25,W,20,17,0,0,Q,5,2,"J,2,2,2,4","Q,7"
8d61b41d,martingale,2,25,1025,1050,25,W,19,26,0,0,10,2,4,"K,9","10,5,A,10"
8d61b41d,martingale,3,25,1050,1025,-25,L,17,18,0,0,7,2,2,"K,7","7,A"
8d61b41d,martingale,4,50,1025,1075,50,W,18,25,0,0,10,2,3,"Q,8","10,5,K"
8d61b41d,martingale,5,25,1075,1100,25,W,14,23,0,0,5,2,3,"K,4","5,Q,8"
8d61b41d,martingale,6,25,1100,1150,50,W,21,23,0,0,9,3,3,"3,8,Q","9,4,K"
8d61b41d,martingale,7,25,1150,1175,25,W,12,26,0,0,5,2,4,"Q,2","5,A,J,Q"
8d61b41d,martingale,8,25,1175,1125,-50,L,20,21,0,0,3,3,4,"3,7,K","3,4,9,5"
8d61b41d,martingale,9,50,1125,1175,50,W,14,26,0,0,3,2,4,"6,8","3,J,3,K"
8d61b41d,martingale,10,25,1175,1225,50,W,14,25,0,0,2,3,4,"7,3,4","2,9,4,Q"
8d61b41d,martingale,11,25,1225,1225,0,P,19,19,0,0,A,3,2,"4,Q,5","A,8"
8d61b41d,martingale,12,25,1225,1250,25,W,13,23,0,0,4,2,4,"Q,3","4,6,3,J"
8d61b41d,martingale,13,25,1250,1275,25,W,20,18,0,0,Q,3,2,"6,Q,4","Q,8"
8d61b41d,martingale,14,25,1275,1225,-50,L,17,18,0,0,4,3,3,"2,8,7","4,9,5"
8d61b41d,martingale,15,50,1225,1175,-50,L,22,19,0,0,K,3,2,"8,7,7","K,9"
8d61b41d,martingale,16,100,1175,1075,-100,L,25,13,0,0,Q,3,2,"7,8,10","Q,3"
8d61b41d,martingale,17,200,1075,1275,200,W,21,26,0,0,7,3,5,"J,4,7","7,4,A,4,J"
8d61b41d,martingale,18,25,1275,1300,25,W,20,18,0,0,9,2,2,"K,10","9,9"
302acb69,martingale,1,25,1000,975,-25,L,22,14,0,0,J,3,2,"8,4,10","J,4"
302acb69,martingale,2,50,975,1025,50,W,20,18,0,0,9,2,2,"10,K","9,9"
302acb69,martingale,3,25,1025,1000,-25,L,22,19,0,0,K,3,2,"5,7,Q","K,9"
302acb69,martingale,4,50,1000,1050,50,W,20,19,0,0,4,2,3,"J,J","4,9,6"
302acb69,martingale,5,25,1050,1050,0,P,20,20,0,0,Q,2,2,"Q,Q","Q,J"
302acb69,martingale,6,25,1050,1050,0,P,17,17,0,0,7,2,2,"Q,7","7,J"
302acb69,martingale,7,25,1050,1050,0,P,21,21,0,0,5,3,3,"6,5,Q","5,J,6"
302acb69,martingale,8,25,1050,1087,37,W,21,14,1,0,K,2,2,"A,Q","K,4"
302acb69,martingale,9,25,1087,1112,25,W,20,23,0,0,10,3,3,"2,8,K","10,6,7"
302acb69,martingale,10,25,1112,1087,-25,L,15,19,0,0,4,2,3,"8,7","4,6,9"
302acb69,martingale,11,50,1087,1037,-50,L,17,19,0,0,2,2,4,"7,Q","2,8,6,3"
302acb69,martingale,12,100,1037,1137,100,W,20,18,0,0,5,2,3,"10,10","5,3,10"
302acb69,martingale,13,25,1137,1162,25,W,19,25,0,0,K,2,4,"9,J","K,3,2,Q"
302acb69,martingale,14,25,1162,1137,-25,L,16,17,0,0,3,2,3,"7,9","3,Q,4"
302acb69,martingale,15,50,1137,1087,-50,L,22,20,0,0,K,6,2,"2,4,2,4,A,9","K,K"
302acb69,martingale,16,100,1087,987,-100,L,25,20,0,0,Q,3,2,"J,5,10","Q,K"
302acb69,martingale,17,200,987,1187,200,W,18,25,0,0,Q,2,3,"8,10","Q,5,Q"
302acb69,martingale,18,25,1187,1162,-25,L,19,21,0,1,Q,2,2,"9,J","Q,A"
917900dd,martingale,1,25,1000,975,-25,L,22,17,0,0,7,4,2,"4,J,2,6","7,J"
917900dd,martingale,2,50,975,925,-50,L,22,17,0,0,A,3,2,"4,8,K","A,6"
917900dd,martingale,3,100,925,1025,100,W,13,26,0,0,6,2,3,"3,K","6,J,Q"
917900dd,martingale,4,25,1025,1025,0,P,18,18,0,0,K,3,2,"5,6,7","K,8"
917900dd,martingale,5,25,1025,1050,25,W,19,23,0,0,10,2,3,"J,9","10,3,10"
917900dd,martingale,6,25,1050,1025,-25,L,18,20,0,0,K,2,2,"10,8","K,K"
917900dd,martingale,7,50,1025,975,-50,L,17,20,0,0,10,2,2,"7,10","10,K"
917900dd,martingale,8,100,975,875,-100,L,16,19,0,0,4,2,3,"6,J","4,5,K"
917900dd,martingale,9,200,875,675,-200,L,18,21,0,1,A,2,2,"A,7","A,K"
917900dd,martingale,10,400,675,275,-400,L,19,21,0,0,K,3,4,"10,5,4","K,4,A,6"
917900dd,martingale,11,275,275,0,-275,L,20,21,0,0,2,2,4,"K,J","2,3,K,6"
474beb08,martingale,1,25,1000,1025,25,W,20,25,0,0,5,2,3,"Q,J","5,Q,J"
474beb08,martingale,2,25,1025,1000,-25,L,14,21,0,1,A,2,2,"A,3","A,Q"
474beb08,martingale,3,50,1000,950,-50,L,13,21,0,1,Q,2,2,"3,K","Q,A"
474beb08,martingale,4,100,950,1050,100,W,19,17,0,0,3,2,3,"A,8","3,J,4"
474beb08,martingale,5,25,1050,1025,-25,L,14,17,0,0,2,2,3,"4,Q","2,5,Q"
474beb08,martingale,6,50,1025,1075,50,W,18,22,0,0,9,3,3,"6,7,5","9,7,6"
474beb08,martingale,7,25,1075,1100,25,W,19,26,0,0,Q,2,4,"Q,9","Q,2,4,10"
474beb08,martingale,8,25,1100,1137,37,W,21,20,1,0,J,2,2,"A,Q","J,J"
474beb08,martingale,9,25,1137,1187,50,W,17,22,0,0,6,3,3,"6,3,8","6,6,Q"
474beb08,martingale,10,25,1187,1162,-25,L,15,19,0,0,5,2,3,"J,5","5,9,5"
474beb08,martingale,11,50,1162,1112,-50,L,12,21,0,0,6,2,3,"J,2","6,7,8"
474beb08,martingale,12,100,1112,1012,-100,L,17,19,0,0,9,2,2,"7,Q","9,Q"
474beb08,martingale,13,200,1012,812,-200,L,24,20,0,0,10,4,2,"5,3,6,K","10,10"
474beb08,martingale,14,400,812,412,-400,L,18,20,0,0,9,2,2,"9,9","9,A"
474beb08,martingale,15,412,412,412,0,P,20,20,0,0,J,3,2,"10,6,4","J,K"
474beb08,martingale,16,412,412,412,0,P,19,19,0,0,8,2,2,"9,K","8,A"
474beb08,martingale,17,412,412,824,412,W,17,25,0,0,6,2,3,"10,7","6,9,10"
474beb08,martingale,18,25,824,799,-25,L,18,20,0,0,7,3,3,"K,2,6","7,8,5"
e0c51f96,martingale,1,25,1000,975,-25,L,22,15,0,0,J,3,2,"8,7,7","J,5"
e0c51f96,martingale,2,50,975,925,-50,L,17,20,0,0,9,4,2,"5,A,K,A","9,A"
e0c51f96,martingale,3,100,925,1025,100,W,17,23,0,0,9,3,4,"Q,6,A","9,3,A,J"
e0c51f96,martingale,4,25,1025,1000,-25,L,12,17,0,0,4,2,3,"2,K","4,10,3"
e0c51f96,martingale,5,50,1000,1050,50,W,13,22,0,0,3,2,4,"3,J","3,10,3,6"
e0c51f96,martingale,6,25,1050,1087,37,W,21,17,1,0,A,2,2,"Q,A","A,6"
e0c51f96,martingale,7,25,1087,1112,25,W,21,24,0,0,7,3,3,"4,9,8","7,7,Q"
e0c51f96,martingale,8,25,1112,1137,25,W,20,22,0,0,7,2,3,"K,Q","7,5,J"
e0c51f96,martingale,9,25,1137,1187,50,W,14,22,0,0,4,3,3,"3,8,3","4,10,8"
e0c51f96,martingale,10,25,1187,1212,25,W,18,17,0,0,3,2,3,"8,J","3,9,5"
e0c51f96,martingale,11,25,1212,1237,25,W,17,26,0,0,9,3,4,"6,6,5","9,3,4,J"
e0c51f96,martingale,12,25,1237,1212,-25,L,17,20,0,0,A,4,2,"2,A,2,2","A,9"
e0c51f96,martingale,13,50,1212,1262,50,W,13,22,0,0,5,2,3,"8,5","5,7,10"
e0c51f96,martingale,14,25,1262,1312,50,W,20,22,0,0,4,3,3,"2,8,K","4,8,K"
e0c51f96,martingale,15,25,1312,1337,25,W,19,24,0,0,10,3,4,"8,7,4","10,4,A,9"
e0c51f96,martingale,16,25,1337,1312,-25,L,17,20,0,0,10,2,3,"7,J","10,6,4"
e0c51f96,martingale,17,50,1312,1262,-50,L,18,19,0,0,4,2,3,"Q,8","4,5,Q"
e0c51f96,martingale,18,100,1262,1162,-100,L,26,20,0,0,J,3,2,"Q,6,J","J,J"
7e010ee0,martingale,1,25,1000,975,-25,L,19,20,0,0,Q,3,2,"7,2,J","Q,K"
7e010ee0,martingale,2,50,975,1025,50,W,19,17,0,0,J,3,3,"J,6,3","J,6,A"
7e010ee0,martingale,3,25,1025,1000,-25,L,15,18,0,0,3,3,3,"3,2,Q","3,7,8"
7e010ee0,martingale,4,50,1000,950,-50,L,13,19,0,0,6,3,3,"4,4,5","6,3,J"
7e010ee0,martingale,5,100,950,1050,100,W,20,19,0,0,Q,2,2,"9,A","Q,9"
7e010ee0,martingale,6,25,1050,1025,-25,L,18,19,0,0,2,2,4,"8,K","2,2,5,K"
7e010ee0,martingale,7,50,1025,975,-50,L,25,20,0,0,9,3,2,"10,5,J","9,A"
7e010ee0,martingale,8,100,975,875,-100,L,20,21,0,0,7,2,4,"Q,K","7,4,5,5"
7e010ee0,martingale,9,200,875,1075,200,W,19,17,0,0,7,3,2,"2,6,A","7,10"
7e010ee0,martingale,10,25,1075,1050,-25,L,19,20,0,0,10,3,2,"2,10,7","10,J"
7e010ee0,martingale,11,50,1050,1100,50,W,21,19,0,0,10,4,2,"A,A,2,7","10,9"
7e010ee0,martingale,12,25,1100,1075,-25,L,19,21,0,0,8,2,3,"9,Q","8,5,8"
7e010ee0,martingale,13,50,1075,1075,0,P,18,18,0,0,8,2,3,"8,Q","8,6,4"
7e010ee0,martingale,14,50,1075,1025,-50,L,17,19,0,0,8,3,2,"3,9,5","8,A"
7e010ee0,martingale,15,100,1025,1125,100,W,16,24,0,0,4,2,3,"9,7","4,Q,J"
7e010ee0,martingale,16,25,1125,1100,-25,L,23,18,0,0,7,3,2,"9,4,K","7,A"
7e010ee0,martingale,17,50,1100,1050,-50,L,22,19,0,0,10,3,2,"9,3,10","10,9"
7e010ee0,martingale,18,100,1050,950,-100,L,18,20,0,0,K,2,2,"8,K","K,Q"
0412213f,martingale,1,25,1000,1025,25,W,20,19,0,0,3,2,4,"K,K","3,3,K,3"
0412213f,martingale,2,25,1025,1000,-25,L,11,21,0,1,10,2,2,"3,8","10,A"
0412213f,martingale,3,50,1000,1050,50,W,19,25,0,0,5,2,3,"9,K","5,Q,Q"
0412213f,martingale,4,25,1050,1100,50,W,21,20,0,0,J,3,2,"4,7,K","J,J"
0412213f,martingale,5,25,1100,1075,-25,L,13,21,0,0,6,2,4,"6,7","6,3,2,10"
0412213f,martingale,6,50,1075,1025,-50,L,12,17,0,0,4,2,3,"2,K","4,2,A"
0412213f,martingale,7,100,1025,825,-200,L,15,19,0,0,6,3,4,"3,6,6","6,8,A,4"
0412213f,martingale,8,200,825,1025,200,W,12,24,0,0,4,2,3,"A,A","4,Q,K"
0412213f,martingale,9,25,1025,1000,-25,L,18,20,0,0,J,3,2,"7,8,3","J,Q"
0412213f,martingale,10,50,1000,950,-50,L,22,13,0,0,K,3,2,"8,5,9","K,3"
0412213f,martingale,11,100,950,1150,200,W,20,18,0,0,2,3,3,"7,3,K","2,6,J"
0412213f,martingale,12,25,1150,1125,-25,L,26,20,0,0,10,3,2,"K,6,Q","10,K"
0412213f,martingale,13,50,1125,1075,-50,L,25,11,0,0,9,3,2,"10,5,Q","9,2"
0412213f,martingale,14,100,1075,975,-100,L,22,18,0,0,A,3,2,"2,Q,J","A,7"
0412213f,martingale,15,200,975,775,-200,L,24,19,0,0,J,4,2,"3,J,A,J","J,9"
0412213f,martingale,16,400,775,1175,400,W,19,18,0,0,7,3,3,"Q,5,4","7,6,5"
0412213f,martingale,17,25,1175,1150,-25,L,13,21,0,0,5,2,3,"J,3","5,Q,6"
0412213f,martingale,18,50,1150,1150,0,P,19,19,0,0,K,4,2,"2,6,3,8","K,9"
001951d0,martingale,1,25,1000,1000,0,P,20,20,0,0,J,2,2,"A,9","J,J"
001951d0,martingale,2,25,1000,1025,25,W,13,24,0,0,3,2,4,"9,4","3,9,4,8"
001951d0,martingale,3,25,1025,1050,25,W,14,24,0,0,5,2,3,"6,8","5,Q,9"
001951d0,martingale,4,25,1050,1025,-25,L,25,16,0,0,9,3,2,"K,5,10","9,7"
001951d0,martingale,5,50,1025,1075,50,W,20,18,0,0,7,3,3,"7,2,A","7,3,8"
001951d0,martingale,6,25,1075,1100,25,W,14,26,0,0,4,2,4,"10,4","4,10,2,K"
001951d0,martingale,7,25,1100,1075,-25,L,17,21,0,0,K,2,3,"10,7","K,3,8"
001951d0,martingale,8,50,1075,1025,-50,L,23,12,0,0,J,3,2,"9,5,9","J,2"
001951d0,martingale,9,100,1025,925,-100,L,25,20,0,0,10,5,2,"5,7,A,3,9","10,K"
001951d0,martingale,10,200,925,725,-200,L,19,20,0,0,J,3,2,"4,K,5","J,10"
001951d0,martingale,11,400,725,1125,400,W,19,17,0,0,10,3,2,"3,10,6","10,7"
001951d0,martingale,12,25,1125,1100,-25,L,22,9,0,0,2,3,2,"4,8,10","2,7"
001951d0,martingale,13,50,1100,1050,-50,L,24,17,0,0,9,3,2,"Q,6,8","9,8"
001951d0,martingale,14,100,1050,950,-100,L,26,17,0,0,7,3,2,"8,8,Q","7,10"
001951d0,martingale,15,200,950,750,-200,L,14,21,0,0,5,3,3,"2,5,7","5,6,J"
001951d0,martingale,16,400,750,1150,400,W,20,17,0,0,2,2,6,"10,Q","2,5,6,A,2,A"
001951d0,martingale,17,25,1150,1125,-25,L,22,19,0,0,9,4,2,"2,5,8,7","9,J"
001951d0,martingale,18,50,1125,1175,50,W,20,17,0,0,Q,2,2,"Q,10","Q,7"
7994c575,martingale,1,25,1000,1025,25,W,14,22,0,0,5,2,3,"4,J","5,J,7"
7994c575,martingale,2,25,1025,1000,-25,L,17,18,0,0,7,4,3,"5,A,10,A","7,6,5"
7994c575,martingale,3,50,1000,950,-50,L,20,21,0,1,A,2,2,"Q,Q","A,K"
7994c575,martingale,4,100,950,950,0,P,20,20,0,0,5,2,3,"K,K","5,6,9"
7994c575,martingale,5,100,950,1050,100,W,17,22,0,0,Q,3,3,"6,3,8","Q,2,J"
7994c575,martingale,6,25,1050,1075,25,W,19,24,0,0,4,2,3,"K,9","4,10,10"
7994c575,martingale,7,25,1075,1100,25,W,20,18,0,0,J,2,3,"J,K","J,2,6"
7994c575,martingale,8,25,1100,1100,0,P,17,17,0,0,4,2,4,"7,J","4,6,6,A"
7994c575,martingale,9,25,1100,1125,25,W,15,23,0,0,5,2,3,"5,10","5,8,10"
7994c575,martingale,10,25,1125,1100,-25,L,6,21,0,1,Q,2,2,"3,3","Q,A"
7994c575,martingale,11,50,1100,1150,50,W,14,23,0,0,4,2,5,"6,8","4,2,9,A,7"
7994c575,martingale,12,25,1150,1175,25,W,20,19,0,0,9,3,2,"5,K,5","9,K"
7994c575,martingale,13,25,1175,1150,-25,L,19,20,0,0,4,2,3,"9,J","4,K,6"
7994c575,martingale,14,50,1150,1150,0,P,19,19,0,0,A,3,2,"3,A,5","A,8"
7994c575,martingale,15,50,1150,1225,75,W,21,20,1,0,J,2,2,"K,A","J,J"
7994c575,martingale,16,25,1225,1200,-25,L,24,18,0,0,J,3,2,"Q,4,K","J,8"
7994c575,martingale,17,50,1200,1150,-50,L,16,19,0,0,6,2,3,"10,6","6,3,K"
7994c575,martingale,18,100,1150,1150,0,P,17,17,0,0,J,2,2,"7,Q","J,7"
4058815c,martingale,1,25,1000,1025,25,W,17,22,0,0,6,2,3,"A,6","6,9,7"
4058815c,martingale,2,25,1025,1050,25,W,20,26,0,0,8,4,3,"3,4,3,K","8,8,J"
4058815c,martingale,3,25,1050,1087,37,W,21,15,1,0,10,2,2,"10,A","10,5"
4058815c,martingale,4,25,1087,1087,0,P,19,19,0,0,2,2,4,"9,K","2,K,3,4"
4058815c,martingale,5,25,1087,1062,-25,L,9,21,0,1,A,2,2,"4,5","A,10"
4058815c,martingale,6,50,1062,1112,50,W,19,25,0,0,8,3,5,"J,4,5","8,5,A,A,Q"
4058815c,martingale,7,25,1112,1137,25,W,17,24,0,0,6,2,3,"7,10","6,8,K"
4058815c,martingale,8,25,1137,1112,-25,L,22,17,0,0,K,3,2,"6,Q,6","K,7"
4058815c,martingale,9,50,1112,1062,-50,L,24,12,0,0,A,4,2,"5,9,2,8","A,A"
4058815c,martingale,10,100,1062,1162,100,W,19,18,0,0,8,3,2,"6,K,3","8,10"
4058815c,martingale,11,25,1162,1212,50,W,21,18,0,0,6,3,3,"4,7,J","6,2,Q"
4058815c,martingale,12,25,1212,1237,25,W,12,26,0,0,6,2,3,"2,J","6,J,Q"
4058815c,martingale,13,25,1237,1262,25,W,19,18,0,0,8,3,2,"3,Q,6","8,J"
4058815c,martingale,14,25,1262,1262,0,P,20,20,0,0,J,4,2,"2,5,6,7","J,10"
4058815c,martingale,15,25,1262,1287,25,W,18,24,0,0,10,4,3,"2,K,4,2","10,5,9"
4058815c,martingale,16,25,1287,1337,50,W,18,17,0,0,J,3,3,"8,3,7","J,6,A"
4058815c,martingale,17,25,1337,1312,-25,L,18,19,0,0,10,4,2,"3,5,8,2","10,9"
4058815c,martingale,18,50,1312,1362,50,W,18,17,0,0,7,3,2,"4,10,4","7,K"
885b5669,martingale,1,25,1000,975,-25,L,8,21,0,1,Q,2,2,"3,5","Q,A"
885b5669,martingale,2,50,975,925,-50,L,17,19,0,0,3,2,3,"7,K","3,5,A"
885b5669,martingale,3,100,925,1025,100,W,16,23,0,0,6,2,3,"9,7","6,J,7"
885b5669,martingale,4,25,1025,1050,25,W,17,25,0,0,7,2,3,"7,Q","7,8,J"
885b5669,martingale,5,25,1050,1075,25,W,20,17,0,0,Q,2,2,"10,Q","Q,7"
885b5669,martingale,6,25,1075,1025,-50,L,14,19,0,0,7,3,5,"3,7,4","7,4,3,A,4"
885b5669,martingale,7,50,1025,975,-50,L,15,20,0,0,5,2,3,"J,5","5,7,8"
885b5669,martingale,8,100,975,1075,100,W,20,18,0,0,2,2,3,"K,J","2,10,6"
885b5669,martingale,9,25,1075,1050,-25,L,8,21,0,1,Q,2,2,"6,2","Q,A"
885b5669,martingale,10,50,1050,1000,-50,L,25,16,0,0,K,4,2,"5,2,8,10","K,6"
885b5669,martingale,11,100,1000,900,-100,L,18,19,0,0,9,3,2,"3,10,5","9,Q"
885b5669,martingale,12,200,900,700,-200,L,15,21,0,0,6,2,3,"10,5","6,10,5"
885b5669,martingale,13,400,700,1100,400,W,20,17,0,0,K,4,2,"2,9,2,7","K,7"
885b5669,martingale,14,25,1100,1125,25,W,20,26,0,0,3,2,4,"A,9","3,6,7,Q"
885b5669,martingale,15,25,1125,1100,-25,L,17,20,0,0,J,3,2,"4,5,8","J,Q"
885b5669,martingale,16,50,1100,1050,-50,L,17,20,0,0,A,2,2,"A,6","A,9"
885b5669,martingale,17,100,1050,950,-100,L,18,21,0,0,9,4,4,"2,2,4,J","9,3,3,6"
885b5669,martingale,18,200,950,1150,200,W,18,25,0,0,6,2,3,"8,Q","6,10,9"
7b5821cf,martingale,1,25,1000,975,-25,L,18,21,0,0,K,3,3,"A,3,4","K,6,5"
7b5821cf,martingale,2,50,975,925,-50,L,17,20,0,0,J,2,2,"7,J","J,J"
7b5821cf,martingale,3,100,925,1025,100,W,14,22,0,0,2,2,3,"4,10","2,J,J"
7b5821cf,martingale,4,25,1025,1050,25,W,20,17,0,0,7,4,2,"3,3,4,K","7,10"
7b5821cf,martingale,5,25,1050,1025,-25,L,22,17,0,0,9,5,2,"3,2,A,6,10","9,8"
7b5821cf,martingale,6,50,1025,1075,50,W,17,25,0,0,6,2,3,"7,Q","6,9,Q"
7b5821cf,martingale,7,25,1075,1050,-25,L,13,20,0,0,2,2,3,"2,A","2,9,9"
7b5821cf,martingale,8,50,1050,1000,-50,L,17,18,0,0,10,2,2,"7,J","10,8"
7b5821cf,martingale,9,100,1000,800,-200,L,13,18,0,0,2,3,4,"5,6,2","2,K,4,2"
7b5821cf,martingale,10,200,800,1000,200,W,13,23,0,0,3,2,3,"5,8","3,Q,K"
7b5821cf,martingale,11,25,1000,1037,37,W,21,20,1,0,Q,2,2,"A,10","Q,J"
7b5821cf,martingale,12,25,1037,1037,0,P,20,20,0,0,4,2,3,"10,K","4,6,Q"
7b5821cf,martingale,13,25,1037,1037,0,P,18,18,0,0,8,3,2,"6,7,5","8,K"
7b5821cf,martingale,14,25,1037,1012,-25,L,23,19,0,0,Q,4,2,"4,5,4,Q","Q,9"
7b5821cf,martingale,15,50,1012,962,-50,L,18,20,0,0,K,3,2,"5,5,8","K,J"
7b5821cf,martingale,16,100,962,1062,100,W,13,22,0,0,4,2,5,"2,A","4,A,10,A,6"
7b5821cf,martingale,17,25,1062,1112,50,W,13,22,0,0,3,3,3,"4,7,2","3,Q,9"
7b5821cf,martingale,18,25,1112,1087,-25,L,23,14,0,0,J,3,2,"5,Q,8","J,4"
62fe7643,martingale,1,25,1000,975,-25,L,12,17,0,0,6,2,3,"10,2","6,Q,A"
62fe7643,martingale,2,50,975,1025,50,W,19,17,0,0,9,4,2,"2,4,4,9","9,8"
62fe7643,martingale,3,25,1025,1000,-25,L,14,17,0,0,5,2,3,"8,6","5,7,5"
62fe7643,martingale,4,50,1000,950,-50,L,19,20,0,0,10,2,3,"10,9","10,5,5"
62fe7643,martingale,5,100,950,1050,100,W,19,24,0,0,Q,4,3,"3,2,K,4","Q,4,Q"
62fe7643,martingale,6,25,1050,1025,-25,L,23,17,0,0,7,3,2,"7,6,Q","7,J"
62fe7643,martingale,7,50,1025,1025,0,P,19,19,0,0,5,3,3,"6,3,Q","5,J,4"
62fe7643,martingale,8,50,1025,975,-50,L,17,18,0,0,7,3,2,"5,10,2","7,A"
62fe7643,martingale,9,100,975,875,-100,L,22,13,0,0,9,3,2,"2,J,Q","9,4"
62fe7643,martingale,10,200,875,1075,200,W,18,24,0,0,7,2,3,"10,8","7,7,10"
62fe7643,martingale,11,25,1075,1050,-25,L,18,21,0,0,Q,2,4,"8,10","Q,5,A,5"
62fe7643,martingale,12,50,1050,1000,-50,L,14,18,0,0,4,2,3,"4,K","4,K,4"
62fe7643,martingale,13,100,1000,900,-100,L,23,19,0,0,9,3,2,"3,10,K","9,J"
62fe7643,martingale,14,200,900,1100,200,W,20,18,0,0,3,2,3,"Q,10","3,5,K"
62fe7643,martingale,15,25,1100,1075,-25,L,17,21,0,0,4,2,4,"Q,7","4,3,7,7"
62fe7643,martingale,16,50,1075,1025,-50,L,22,19,0,0,8,3,2,"K,3,9","8,A"
62fe7643,martingale,17,100,1025,1125,100,W,20,18,0,0,2,2,4,"K,K","2,2,7,7"
62fe7643,martingale,18,25,1125,1125,0,P,18,18,0,0,9,3,2,"3,6,9","9,9"
15ec9830,martingale,1,25,1000,1025,25,W,20,22,0,0,Q,2,3,"A,9","Q,2,K"
15ec9830,martingale,2,25,1025,1075,50,W,20,17,0,0,4,3,3,"5,5,K","4,A,2"
15ec9830,martingale,3,25,1075,1025,-50,L,12,17,0,0,6,3,3,"3,7,2","6,9,2"
15ec9830,martingale,4,50,1025,975,-50,L,15,21,0,0,2,2,3,"5,J","2,9,Q"
15ec9830,martingale,5,100,975,875,-100,L,17,19,0,0,10,2,2,"8,9","10,9"
15ec9830,martingale,6,200,875,675,-200,L,22,18,0,0,K,3,2,"5,K,7","K,8"
15ec9830,martingale,7,400,675,275,-400,L,22,18,0,0,K,3,2,"2,10,Q","K,8"
15ec9830,martingale,8,275,275,0,-275,L,17,18,0,0,9,2,3,"10,7","9,2,7"
11647196,martingale,1,25,1000,975,-25,L,17,20,0,0,Q,3,2,"5,7,5","Q,Q"
11647196,martingale,2,50,975,1075,100,W,21,20,0,0,2,3,3,"4,7,J","2,Q,8"
11647196,martingale,3,25,1075,1050,-25,L,23,12,0,0,J,4,2,"10,4,A,8","J,2"
11647196,martingale,4,50,1050,1100,50,W,13,23,0,0,5,3,3,"6,2,5","5,9,9"
11647196,martingale,5,25,1100,1075,-25,L,13,19,0,0,3,2,4,"3,K","3,3,3,K"
11647196,martingale,6,50,1075,1025,-50,L,23,13,0,0,7,3,2,"3,J,J","7,6"
11647196,martingale,7,100,1025,1125,100,W,20,17,0,0,10,2,3,"Q,10","10,5,2"
11647196,martingale,8,25,1125,1150,25,W,19,17,0,0,10,2,3,"Q,9","10,3,4"
11647196,martingale,9,25,1150,1175,25,W,18,17,0,0,10,3,2,"6,10,2","10,7"
11647196,martingale,10,25,1175,1225,50,W,21,19,0,0,5,3,5,"3,8,Q","5,6,2,2,4"
11647196,martingale,11,25,1225,1225,0,P,20,20,0,0,K,4,3,"5,2,3,J","K,4,6"
11647196,martingale,12,25,1225,1250,25,W,14,24,0,0,2,2,4,"4,Q","2,9,3,Q"
11647196,martingale,13,25,1250,1275,25,W,19,26,0,0,9,2,4,"J,9","9,2,5,10"
11647196,martingale,14,25,1275,1250,-25,L,26,19,0,0,9,3,2,"9,7,K","9,Q"
11647196,martingale,15,50,1250,1200,-50,L,24,18,0,0,8,3,2,"4,J,J","8,J"
11647196,martingale,16,100,1200,1350,150,W,21,7,1,0,4,2,2,"10,A","4,3"
11647196,martingale,17,25,1350,1325,-25,L,24,18,0,0,7,4,2,"4,10,2,8","7,A"
11647196,martingale,18,50,1325,1375,50,W,12,25,0,0,5,2,3,"K,2","5,K,Q"
fa4ed8ca,martingale,1,25,1000,1025,25,W,20,18,0,0,2,2,3,"K,Q","2,7,9"
fa4ed8ca,martingale,2,25,1025,1050,25,W,19,23,0,0,K,4,3,"3,4,8,4","K,3,10"
fa4ed8ca,martingale,3,25,1050,1025,-25,L,19,21,0,0,9,3,3,"3,A,5","9,2,Q"
fa4ed8ca,martingale,4,50,1025,975,-50,L,19,20,0,0,Q,5,2,"3,K,A,2,3","Q,K"
fa4ed8ca,martingale,5,100,975,875,-100,L,16,17,0,0,4,2,3,"A,5","4,2,A"
fa4ed8ca,martingale,6,200,875,875,0,P,20,20,0,0,2,2,4,"Q,K","2,7,5,6"
fa4ed8ca,martingale,7,200,875,675,-200,L,24,20,0,0,J,3,2,"7,7,K","J,K"
fa4ed8ca,martingale,8,400,675,275,-400,L,22,18,0,0,8,3,2,"K,6,6","8,K"
fa4ed8ca,martingale,9,275,275,550,275,W,19,18,0,0,3,2,4,"J,9","3,4,7,4"
fa4ed8ca,martingale,10,25,550,525,-25,L,15,21,0,1,J,2,2,"5,J","J,A"
fa4ed8ca,martingale,11,50,525,525,0,P,17,17,0,0,8,2,4,"7,J","8,5,A,3"
fa4ed8ca,martingale,12,50,525,475,-50,L,24,16,0,0,10,3,2,"4,10,10","10,6"
fa4ed8ca,martingale,13,100,475,475,0,P,19,19,0,0,9,3,2,"2,7,J","9,Q"
fa4ed8ca,martingale,14,100,475,625,150,W,21,14,1,0,J,2,2,"A,K","J,4"
fa4ed8ca,martingale,15,25,625,650,25,W,13,23,0,0,6,2,3,"2,A","6,7,10"
fa4ed8ca,martingale,16,25,650,625,-25,L,19,21,0,1,J,2,2,"8,A","J,A"
fa4ed8ca,martingale,17,50,625,675,50,W,18,26,0,0,8,2,4,"10,8","8,4,4,K"
fa4ed8ca,martingale,18,25,675,650,-25,L,15,19,0,0,5,2,4,"J,5","5,A,7,6"
56b58999,martingale,1,25,1000,1025,25,W,20,23,0,0,K,2,3,"J,K","K,3,J"
56b58999,martingale,2,25,1025,1050,25,W,15,23,0,0,3,2,3,"5,Q","3,K,Q"
56b58999,martingale,3,25,1050,1100,50,W,15,23,0,0,4,3,3,"5,5,5","4,9,10"
56b58999,martingale,4,25,1100,1075,-25,L,12,18,0,0,4,2,3,"7,5","4,6,8"
56b58999,martingale,5,50,1075,1125,50,W,18,17,0,0,7,4,2,"5,3,4,6","7,Q"
56b58999,martingale,6,25,1125,1150,25,W,19,17,0,0,4,2,5,"Q,9","4,4,4,3,2"
56b58999,martingale,7,25,1150,1125,-25,L,13,20,0,0,4,2,3,"5,8","4,7,9"
56b58999,martingale,8,50,1125,1075,-50,L,18,21,0,0,10,3,3,"6,3,9","10,3,8"
56b58999,martingale,9,100,1075,1225,150,W,21,16,1,0,8,2,2,"A,Q","8,8"
56b58999,martingale,10,25,1225,1262,37,W,21,4,1,0,2,2,2,"J,A","2,2"
56b58999,martingale,11,25,1262,1287,25,W,17,25,0,0,K,3,4,"3,Q,4","K,4,A,K"
56b58999,martingale,12,25,1287,1312,25,W,17,25,0,0,2,2,4,"K,7","2,3,K,J"
56b58999,martingale,13,25,1312,1337,25,W,20,19,0,0,9,2,2,"K,K","9,J"
56b58999,martingale,14,25,1337,1337,0,P,17,17,0,0,6,2,2,"J,7","6,A"
56b58999,martingale,15,25,1337,1312,-25,L,18,20,0,0,J,2,2,"Q,8","J,10"
56b58999,martingale,16,50,1312,1387,75,W,21,14,1,0,K,2,2,"A,K","K,4"
56b58999,martingale,17,25,1387,1412,25,W,19,25,0,0,9,3,4,"A,4,4","9,5,A,K"
56b58999,martingale,18,25,1412,1387,-25,L,22,17,0,0,K,3,2,"Q,2,10","K,7"
3fdb41d3,martingale,1,25,1000,1037,37,W,21,5,1,0,2,2,2,"K,A","2,3"
3fdb41d3,martingale,2,25,1037,1012,-25,L,22,19,0,0,J,3,2,"4,8,Q","J,9"
3fdb41d3,martingale,3,50,1012,1062,50,W,18,17,0,0,9,2,3,"A,7","9,2,6"
3fdb41d3,martingale,4,25,1062,1037,-25,L,17,18,0,0,8,2,2,"J,7","8,K"
3fdb41d3,martingale,5,50,1037,1087,50,W,20,25,0,0,5,2,3,"10,J","5,J,Q"
3fdb41d3,martingale,6,25,1087,1062,-25,L,17,21,0,0,4,2,4,"7,Q","4,3,4,K"
3fdb41d3,martingale,7,50,1062,1012,-50,L,26,20,0,0,Q,4,2,"7,6,3,K","Q,10"
3fdb41d3,martingale,8,100,1012,1112,100,W,20,22,0,0,5,2,3,"10,J","5,7,K"
3fdb41d3,martingale,9,25,1112,1112,0,P,18,18,0,0,8,3,2,"4,3,A","8,Q"
3fdb41d3,martingale,10,25,1112,1149,37,W,21,13,1,0,10,2,2,"A,K","10,3"
3fdb41d3,martingale,11,25,1149,1124,-25,L,24,12,0,0,Q,4,2,"2,4,9,9","Q,2"
3fdb41d3,martingale,12,50,1124,1124,0,P,20,20,0,0,2,2,4,"J,10","2,J,A,7"
3fdb41d3,martingale,13,50,1124,1174,50,W,19,22,0,0,8,4,4,"4,5,4,6","8,3,A,J"
3fdb41d3,martingale,14,25,1174,1199,25,W,20,17,0,0,8,2,2,"Q,K","8,9"
3fdb41d3,martingale,15,25,1199,1149,-50,L,18,21,0,0,3,3,3,"4,7,7","3,A,7"
3fdb41d3,martingale,16,50,1149,1249,100,W,16,25,0,0,5,3,3,"8,2,6","5,J,10"
3fdb41d3,martingale,17,25,1249,1224,-25,L,26,18,0,0,9,5,2,"4,A,A,K,K","9,9"
3fdb41d3,martingale,18,50,1224,1299,75,W,21,11,1,0,7,2,2,"A,Q","7,4"
c1487b4d,martingale,1,25,1000,975,-25,L,22,18,0,0,8,3,2,"K,2,10","8,10"
c1487b4d,martingale,2,50,975,925,-50,L,15,21,0,0,2,2,4,"J,5","2,6,8,5"
c1487b4d,martingale,3,100,925,825,-100,L,15,17,0,0,6,2,2,"9,6","6,A"
c1487b4d,martingale,4,200,825,1025,200,W,17,25,0,0,6,2,3,"Q,7","6,Q,9"
c1487b4d,martingale,5,25,1025,1062,37,W,21,7,1,0,2,2,2,"A,J","2,5"
c1487b4d,martingale,6,25,1062,1087,25,W,19,22,0,0,10,4,3,"3,7,2,7","10,2,K"
c1487b4d,martingale,7,25,1087,1112,25,W,19,22,0,0,7,3,3,"4,K,5","7,5,J"
c1487b4d,martingale,8,25,1112,1087,-25,L,17,19,0,0,9,4,2,"6,2,6,3","9,10"
c1487b4d,martingale,9,50,1087,1187,100,W,21,19,0,0,J,3,4,"8,3,K","J,2,2,5"
c1487b4d,martingale,10,25,1187,1162,-25,L,26,13,0,0,Q,3,2,"10,6,Q","Q,3"
c1487b4d,martingale,11,50,1162,1162,0,P,20,20,0,0,Q,3,2,"5,5,Q","Q,Q"
c1487b4d,martingale,12,50,1162,1237,75,W,21,20,1,0,10,2,2,"J,A","10,10"
c1487b4d,martingale,13,25,1237,1212,-25,L,14,21,0,0,6,2,3,"9,5","6,5,K"
c1487b4d,martingale,14,50,1212,1162,-50,L,24,20,0,0,Q,4,2,"Q,3,A,K","Q,Q"
c1487b4d,martingale,15,100,1162,1262,100,W,21,18,0,0,7,3,3,"3,Q,8","7,3,8"
c1487b4d,martingale,16,25,1262,1299,37,W,21,13,1,0,J,2,2,"A,K","J,3"
c1487b4d,martingale,17,25,1299,1274,-25,L,17,18,0,0,8,4,2,"2,5,3,7","8,J"
c1487b4d,martingale,18,50,1274,1224,-50,L,25,17,0,0,7,4,2,"3,9,3,10","7,J"
a7136af6,martingale,1,25,1000,1025,25,W,21,17,0,0,J,3,2,"2,J,9","J,7"
a7136af6,martingale,2,25,1025,1050,25,W,15,26,0,0,3,2,4,"9,6","3,J,3,10"
a7136af6,martingale,3,25,1050,1025,-25,L,23,12,0,0,K,4,2,"3,4,6,10","K,2"
a7136af6,martingale,4,50,1025,1025,0,P,19,19,0,0,4,3,3,"5,3,A","4,4,A"
a7136af6,martingale,5,50,1025,1075,50,W,17,23,0,0,3,2,4,"7,Q","3,2,K,8"
a7136af6,martingale,6,25,1075,1112,37,W,21,15,1,0,5,2,2,"A,10","5,K"
a7136af6,martingale,7,25,1112,1137,25,W,15,25,0,0,2,3,4,"2,3,Q","2,8,5,J"
a7136af6,martingale,8,25,1137,1112,-25,L,15,19,0,0,3,2,3,"K,5","3,6,Q"
a7136af6,martingale,9,50,1112,1162,50,W,20,17,0,0,7,3,2,"8,6,6","7,Q"
a7136af6,martingale,10,25,1162,1137,-25,L,17,18,0,0,7,2,2,"8,9","7,A"
a7136af6,martingale,11,50,1137,1087,-50,L,19,20,0,0,Q,2,2,"10,9","Q,J"
a7136af6,martingale,12,100,1087,1187,100,W,20,17,0,0,7,2,3,"Q,10","7,5,5"
a7136af6,martingale,13,25,1187,1162,-25,L,17,21,0,0,4,2,3,"9,8","4,10,7"
a7136af6,martingale,14,50,1162,1212,50,W,20,19,0,0,2,2,3,"K,10","2,6,A"
a7136af6,martingale,15,25,1212,1237,25,W,20,17,0,0,Q,3,2,"K,6,4","Q,7"
a7136af6,martingale,16,25,1237,1262,25,W,12,24,0,0,4,2,3,"3,9","4,K,Q"
a7136af6,martingale,17,25,1262,1287,25,W,18,17,0,0,A,3,2,"A,4,3","A,6"
a7136af6,martingale,18,25,1287,1262,-25,L,18,19,0,0,Q,2,2,"8,J","Q,9"
261a7f54,martingale,1,25,1000,1037,37,W,21,11,1,0,7,2,2,"K,A","7,4"
261a7f54,martingale,2,25,1037,1012,-25,L,17,19,0,0,9,3,2,"7,8,2","9,Q"
261a7f54,martingale,3,50,1012,1062,50,W,18,17,0,0,2,2,5,"8,10","2,J,A,3,A"
261a7f54,martingale,4,25,1062,1087,25,W,19,18,0,0,8,2,2,"9,Q","8,K"
261a7f54,martingale,5,25,1087,1062,-25,L,25,20,0,0,Q,3,2,"7,8,J","Q,Q"
261a7f54,martingale,6,50,1062,1012,-50,L,15,18,0,0,5,2,3,"5,J","5,4,9"
261a7f54,martingale,7,100,1012,912,-100,L,18,19,0,0,10,2,2,"8,K","10,9"
261a7f54,martingale,8,200,912,912,0,P,19,19,0,0,J,3,2,"3,6,J","J,9"
261a7f54,martingale,9,200,912,1112,200,W,19,17,0,0,A,3,3,"10,4,5","A,3,3"
261a7f54,martingale,10,25,1112,1087,-25,L,15,21,0,0,4,2,3,"5,10","4,A,6"
261a7f54,martingale,11,50,1087,1037,-50,L,19,21,0,1,A,2,2,"8,A","A,10"
261a7f54,martingale,12,100,1037,937,-100,L,18,20,0,0,10,3,2,"J,5,3","10,J"
261a7f54,martingale,13,200,937,1137,200,W,21,19,0,0,5,4,3,"5,2,4,K","5,K,4"
261a7f54,martingale,14,25,1137,1162,25,W,21,20,0,0,J,3,3,"2,Q,9","J,3,7"
261a7f54,martingale,15,25,1162,1187,25,W,20,23,0,0,7,5,3,"8,4,A,A,6","7,7,9"
261a7f54,martingale,16,25,1187,1162,-25,L,22,17,0,0,7,3,2,"K,3,9","7,10"
261a7f54,martingale,17,50,1162,1112,-50,L,17,21,0,0,4,2,5,"6,A","4,8,A,2,6"
261a7f54,martingale,18,100,1112,1262,150,W,21,14,1,0,4,2,2,"Q,A","4,K"
d216205f,martingale,1,25,1000,1025,25,W,20,19,0,0,10,2,2,"10,K","10,9"
d216205f,martingale,2,25,1025,1050,25,W,20,25,0,0,8,2,3,"J,10","8,7,10"
d216205f,martingale,3,25,1050,1075,25,W,16,24,0,0,5,2,3,"6,Q","5,9,K"
d216205f,martingale,4,25,1075,1050,-25,L,26,15,0,0,K,4,2,"7,8,A,K","K,5"
d216205f,martingale,5,50,1050,1000,-50,L,25,16,0,0,Q,4,2,"3,2,J,J","Q,6"
d216205f,martingale,6,100,1000,900,-100,L,23,13,0,0,Q,4,2,"2,10,A,K","Q,3"
d216205f,martingale,7,200,900,1200,300,W,21,10,1,0,7,2,2,"A,J","7,3"
d216205f,martingale,8,25,1200,1175,-25,L,25,11,0,0,7,3,2,"9,7,9","7,4"
d216205f,martingale,9,50,1175,1250,75,W,21,6,1,0,2,2,2,"A,K","2,4"
d216205f,martingale,10,25,1250,1225,-25,L,22,10,0,0,8,3,2,"2,10,K","8,2"
d216205f,martingale,11,50,1225,1125,-100,L,13,20,0,0,Q,3,2,"4,7,2","Q,10"
d216205f,martingale,12,100,1125,1025,-100,L,13,21,0,0,4,2,3,"K,3","4,9,8"
d216205f,martingale,13,200,1025,825,-200,L,14,17,0,0,4,2,3,"6,8","4,J,3"
d216205f,martingale,14,400,825,1225,400,W,19,22,0,0,J,2,3,"9,J","J,6,6"
d216205f,martingale,15,25,1225,1200,-25,L,24,20,0,0,Q,3,2,"4,K,K","Q,Q"
d216205f,martingale,16,50,1200,1250,50,W,16,22,0,0,3,2,3,"K,6","3,10,9"
d216205f,martingale,17,25,1250,1225,-25,L,18,20,0,0,3,2,3,"7,A","3,A,6"
d216205f,martingale,18,50,1225,1175,-50,L,24,18,0,0,9,3,2,"J,4,K","9,9"
0ddecace,martingale,1,25,1000,1025,25,W,20,17,0,0,7,2,2,"9,A","7,J"
0ddecace,martingale,2,25,1025,1062,37,W,21,10,1,0,5,2,2,"10,A","5,5"
0ddecace,martingale,3,25,1062,1037,-25,L,13,17,0,0,2,2,3,"A,2","2,5,J"
0ddecace,martingale,4,50,1037,1087,50,W,19,22,0,0,9,3,3,"K,5,4","9,3,J"
0ddecace,martingale,5,25,1087,1112,25,W,17,26,0,0,2,2,4,"10,7","2,K,4,10"
0ddecace,martingale,6,25,1112,1112,0,P,20,20,0,0,J,2,2,"J,Q","J,10"
0ddecace,martingale,7,25,1112,1087,-25,L,13,21,0,0,3,3,4,"4,8,A","3,A,8,9"
0ddecace,martingale,8,50,1087,987,-100,L,15,20,0,0,4,3,3,"9,2,4","4,9,7"
0ddecace,martingale,9,100,987,1087,100,W,14,22,0,0,5,2,4,"6,8","5,A,9,7"
0ddecace,martingale,10,25,1087,1062,-25,L,12,17,0,0,4,2,3,"A,A","4,6,7"
0ddecace,martingale,11,50,1062,1062,0,P,17,17,0,0,Q,3,2,"4,6,7","Q,7"
0ddecace,martingale,12,50,1062,1062,0,P,17,17,0,0,7,2,2,"A,6","7,Q"
0ddecace,martingale,13,50,1062,1112,50,W,13,24,0,0,2,2,4,"K,3","2,3,9,Q"
0ddecace,martingale,14,25,1112,1112,0,P,20,20,0,0,Q,3,2,"2,8,K","Q,J"
0ddecace,martingale,15,25,1112,1112,0,P,19,19,0,0,2,2,4,"8,A","2,5,4,8"
0ddecace,martingale,16,25,1112,1087,-25,L,19,21,0,0,J,3,4,"7,2,K","J,3,3,5"
0ddecace,martingale,17,50,1087,1037,-50,L,24,19,0,0,9,3,2,"Q,4,J","9,J"
0ddecace,martingale,18,100,1037,937,-100,L,22,13,0,0,Q,4,2,"A,A,10,K","Q,3"
aab13869,martingale,1,25,1000,1000,0,P,17,17,0,0,6,3,2,"2,9,6","6,A"
aab13869,martingale,2,25,1000,1050,50,W,17,23,0,0,J,3,3,"8,3,6","J,5,8"
aab13869,martingale,3,25,1050,1087,37,W,21,18,1,0,10,2,2,"A,10","10,8"
aab13869,martingale,4,25,1087,1112,25,W,20,18,0,0,3,2,4,"K,10","3,5,4,6"
aab13869,martingale,5,25,1112,1087,-25,L,11,21,0,1,10,2,2,"3,8","10,A"
aab13869,martingale,6,50,1087,1037,-50,L,18,21,0,0,10,3,3,"K,4,4","10,4,7"
aab13869,martingale,7,100,1037,937,-100,L,19,21,0,0,2,2,5,"8,A","2,2,2,7,8"
aab13869,martingale,8,200,937,737,-200,L,18,20,0,0,10,2,2,"8,10","10,J"
aab13869,martingale,9,400,737,1137,400,W,20,18,0,0,7,2,2,"J,Q","7,A"
aab13869,martingale,10,25,1137,1162,25,W,18,22,0,0,4,2,4,"7,A","4,6,5,7"
aab13869,martingale,11,25,1162,1162,0,P,17,17,0,0,2,2,4,"7,J","2,5,3,7"
aab13869,martingale,12,25,1162,1187,25,W,20,17,0,0,2,2,3,"Q,K","2,6,9"
aab13869,martingale,13,25,1187,1162,-25,L,22,12,0,0,J,3,2,"J,2,J","J,2"
aab13869,martingale,14,50,1162,1262,100,W,16,23,0,0,3,3,3,"6,3,7","3,Q,Q"
aab13869,martingale,15,25,1262,1287,25,W,20,17,0,0,9,3,2,"Q,5,5","9,8"
aab13869,martingale,16,25,1287,1262,-25,L,16,21,0,0,4,2,3,"6,10","4,7,K"
aab13869,martingale,17,50,1262,1212,-50,L,24,14,0,0,K,4,2,"K,5,A,8","K,4"
aab13869,martingale,18,100,1212,1212,0,P,19,19,0,0,9,4,2,"3,9,A,6","9,J"
e51f97f7,martingale,1,25,1000,975,-25,L,17,18,0,0,Q,2,4,"10,7","Q,3,A,4"
e51f97f7,martingale,2,50,975,1075,100,W,18,26,0,0,5,3,4,"3,7,8","5,5,6,J"
e51f97f7,martingale,3,25,1075,1050,-25,L,24,19,0,0,9,3,2,"6,J,8","9,K"
e51f97f7,martingale,4,50,1050,1100,50,W,19,17,0,0,6,2,3,"9,J","6,2,9"
e51f97f7,martingale,5,25,1100,1075,-25,L,23,14,0,0,K,3,2,"7,6,J","K,4"
e51f97f7,martingale,6,50,1075,1025,-50,L,18,19,0,0,A,2,2,"J,8","A,8"
e51f97f7,martingale,7,100,1025,825,-200,L,14,18,0,0,8,3,2,"4,7,3","8,K"
e51f97f7,martingale,8,200,825,1025,200,W,18,22,0,0,10,3,3,"A,A,6","10,2,K"
e51f97f7,martingale,9,25,1025,1000,-25,L,17,20,0,0,9,2,2,"7,Q","9,A"
e51f97f7,martingale,10,50,1000,1050,50,W,15,22,0,0,6,2,3,"9,6","6,Q,6"
e51f97f7,martingale,11,25,1050,1075,25,W,20,19,0,0,8,2,3,"J,Q","8,8,3"
e51f97f7,martingale,12,25,1075,1125,50,W,21,25,0,0,2,3,4,"9,2,10","2,3,10,10"
e51f97f7,martingale,13,25,1125,1100,-25,L,14,18,0,0,3,2,3,"6,8","3,10,5"
e51f97f7,martingale,14,50,1100,1050,-50,L,15,17,0,0,2,2,4,"Q,5","2,2,A,2"
e51f97f7,martingale,15,100,1050,1200,150,W,21,14,1,0,4,2,2,"A,K","4,Q"
e51f97f7,martingale,16,25,1200,1175,-25,L,16,21,0,0,2,2,3,"8,8","2,J,9"
e51f97f7,martingale,17,50,1175,1125,-50,L,26,17,0,0,Q,5,2,"4,6,5,A,K","Q,7"
e51f97f7,martingale,18,100,1125,1225,100,W,19,18,0,0,A,3,3,"5,8,6","A,4,3"
b1d5edbe,martingale,1,25,1000,975,-25,L,16,19,0,0,3,2,4,"10,6","3,4,8,4"
b1d5edbe,martingale,2,50,975,1025,50,W,20,24,0,0,8,3,3,"J,6,4","8,6,Q"
b1d5edbe,martingale,3,25,1025,1075,50,W,20,18,0,0,4,3,5,"8,2,K","4,2,4,3,5"
b1d5edbe,martingale,4,25,1075,1100,25,W,20,17,0,0,10,2,2,"10,K","10,7"
b1d5edbe,martingale,5,25,1100,1125,25,W,20,17,0,0,A,2,2,"Q,J","A,6"
b1d5edbe,martingale,6,25,1125,1100,-25,L,18,20,0,0,K,3,2,"7,7,4","K,Q"
b1d5edbe,martingale,7,50,1100,1150,50,W,18,22,0,0,5,3,4,"2,5,A","5,6,3,8"
b1d5edbe,martingale,8,25,1150,1175,25,W,19,18,0,0,8,5,2,"A,A,2,Q,5","8,K"
b1d5edbe,martingale,9,25,1175,1200,25,W,19,17,0,0,2,2,3,"9,Q","2,Q,5"
b1d5edbe,martingale,10,25,1200,1225,25,W,19,24,0,0,Q,3,3,"8,5,6","Q,4,K"
b1d5edbe,martingale,11,25,1225,1200,-25,L,22,11,0,0,8,4,2,"6,3,3,Q","8,3"
b1d5edbe,martingale,12,50,1200,1150,-50,L,12,19,0,0,6,2,3,"2,J","6,3,10"
b1d5edbe,martingale,13,100,1150,1300,150,W,21,18,1,0,8,2,2,"Q,A","8,10"
b1d5edbe,martingale,14,25,1300,1275,-25,L,13,20,0,0,2,3,4,"2,2,9","2,4,3,A"
b1d5edbe,martingale,15,50,1275,1350,75,W,21,19,1,0,9,2,2,"J,A","9,K"
b1d5edbe,martingale,16,25,1350,1375,25,W,18,23,0,0,K,2,3,"8,10","K,5,8"
b1d5edbe,martingale,17,25,1375,1325,-50,L,13,20,0,0,J,3,2,"6,5,2","J,10"
b1d5edbe,martingale,18,50,1325,1275,-50,L,25,19,0,0,J,3,2,"K,5,J","J,9"
7f3b5b6a,martingale,1,25,1000,975,-25,L,22,13,0,0,3,3,2,"2,K,K","3,10"
7f3b5b6a,martingale,2,50,975,1025,50,W,21,23,0,0,Q,3,3,"Q,4,7","Q,4,9"
7f3b5b6a,martingale,3,25,1025,1000,-25,L,11,21,0,1,A,2,2,"4,7","A,10"
7f3b5b6a,martingale,4,50,1000,1050,50,W,15,22,0,0,6,2,3,"A,4","6,Q,6"
7f3b5b6a,martingale,5,25,1050,1025,-25,L,24,18,0,0,8,4,2,"7,2,5,10","8,10"
7f3b5b6a,martingale,6,50,1025,1075,50,W,14,22,0,0,3,2,4,"9,5","3,K,A,8"
7f3b5b6a,martingale,7,25,1075,1100,25,W,20,18,0,0,8,2,2,"K,10","8,10"
7f3b5b6a,martingale,8,25,1100,1125,25,W,18,24,0,0,4,2,3,"9,9","4,J,K"
7f3b5b6a,martingale,9,25,1125,1100,-25,L,18,21,0,0,6,2,3,"10,8","6,5,Q"
7f3b5b6a,martingale,10,50,1100,1050,-50,L,15,19,0,0,3,2,4,"7,8","3,2,4,J"
7f3b5b6a,martingale,11,100,1050,1150,100,W,15,23,0,0,3,2,3,"5,J","3,K,K"
7f3b5b6a,martingale,12,25,1150,1125,-25,L,18,21,0,0,6,2,4,"10,8","6,5,2,8"
7f3b5b6a,martingale,13,50,1125,1075,-50,L,17,18,0,0,A,3,3,"2,5,J","A,A,6"
7f3b5b6a,martingale,14,100,1075,975,-100,L,14,21,0,1,A,2,2,"4,10","A,Q"
7f3b5b6a,martingale,15,200,975,1175,200,W,16,23,0,0,5,2,3,"K,6","5,Q,8"
7f3b5b6a,martingale,16,25,1175,1200,25,W,17,25,0,0,Q,3,3,"5,8,4","Q,5,K"
7f3b5b6a,martingale,17,25,1200,1175,-25,L,24,10,0,0,8,3,2,"Q,5,9","8,2"
7f3b5b6a,martingale,18,50,1175,1125,-50,L,16,20,0,0,4,2,4,"5,A","4,6,2,8"
abfa16b6,martingale,1,25,1000,1050,50,W,21,17,0,0,2,3,3,"2,9,10","2,8,7"
abfa16b6,martingale,2,25,1050,1100,50,W,18,22,0,0,2,3,4,"6,5,7","2,4,7,9"
abfa16b6,martingale,3,25,1100,1125,25,W,20,18,0,0,A,2,2,"K,10","A,7"
abfa16b6,martingale,4,25,1125,1100,-25,L,23,18,0,0,A,3,2,"K,5,8","A,7"
abfa16b6,martingale,5,50,1100,1050,-50,L,23,20,0,0,10,4,2,"5,A,10,7","10,J"
abfa16b6,martingale,6,100,1050,950,-100,L,22,15,0,0,7,3,2,"4,K,8","7,8"
abfa16b6,martingale,7,200,950,950,0,P,18,18,0,0,8,2,2,"Q,8","8,10"
abfa16b6,martingale,8,200,950,1150,200,W,20,18,0,0,6,2,4,"K,J","6,5,5,2"
abfa16b6,martingale,9,25,1150,1175,25,W,21,23,0,0,8,5,3,"A,A,3,7,9","8,5,J"
abfa16b6,martingale,10,25,1175,1200,25,W,20,19,0,0,Q,2,2,"Q,10","Q,9"
abfa16b6,martingale,11,25,1200,1175,-25,L,18,21,0,0,10,3,3,"A,3,4","10,6,5"
abfa16b6,martingale,12,50,1175,1125,-50,L,22,4,0,0,2,3,2,"2,10,K","2,2"
abfa16b6,martingale,13,100,1125,1025,-100,L,19,20,0,0,Q,2,2,"A,8","Q,J"
abfa16b6,martingale,14,200,1025,1225,200,W,14,22,0,0,2,2,5,"4,Q","2,2,2,J,6"
abfa16b6,martingale,15,25,1225,1262,37,W,21,13,1,0,9,2,2,"A,J","9,4"
abfa16b6,martingale,16,25,1262,1237,-25,L,25,20,0,0,K,6,2,"2,3,5,5,A,9","K,K"
abfa16b6,martingale,17,50,1237,1187,-50,L,17,20,0,0,J,3,2,"4,3,10","J,10"
abfa16b6,martingale,18,100,1187,1187,0,P,21,21,0,0,8,3,3,"3,9,9","8,6,7"
11ee141c,martingale,1,25,1000,1025,25,W,20,18,0,0,K,3,2,"J,4,6","K,8"
11ee141c,martingale,2,25,1025,1000,-25,L,20,21,0,0,6,2,3,"Q,Q","6,6,9"
11ee141c,martingale,3,50,1000,1050,50,W,17,22,0,0,Q,4,3,"2,J,A,4","Q,3,9"
11ee141c,martingale,4,25,1050,1025,-25,L,18,20,0,0,K,2,2,"8,J","K,Q"
11ee141c,martingale,5,50,1025,1075,50,W,20,18,0,0,2,2,4,"Q,K","2,A,10,5"
11ee141c,martingale,6,25,1075,1050,-25,L,15,21,0,0,4,2,3,"Q,5","4,9,8"
11ee141c,martingale,7,50,1050,1125,75,W,21,18,1,0,K,2,2,"J,A","K,8"
11ee141c,martingale,8,25,1125,1100,-25,L,14,21,0,1,A,2,2,"5,9","A,K"
11ee141c,martingale,9,50,1100,1175,75,W,21,9,1,0,7,2,2,"K,A","7,2"
11ee141c,martingale,10,25,1175,1150,-25,L,17,20,0,0,10,2,2,"A,6","10,10"
11ee141c,martingale,11,50,1150,1100,-50,L,22,13,0,0,K,4,2,"A,5,6,J","K,3"
11ee141c,martingale,12,100,1100,900,-200,L,18,20,0,0,5,3,3,"4,5,9","5,4,A"
11ee141c,martingale,13,200,900,1100,200,W,20,17,0,0,J,2,2,"Q,10","J,7"
11ee141c,martingale,14,25,1100,1125,25,W,19,18,0,0,3,2,4,"9,10","3,8,3,4"
11ee141c,martingale,15,25,1125,1175,50,W,21,20,0,0,4,3,3,"8,3,Q","4,10,6"
11ee141c,martingale,16,25,1175,1150,-25,L,12,20,0,0,4,2,4,"K,2","4,8,3,5"
11ee141c,martingale,17,50,1150,1100,-50,L,22,18,0,0,8,4,2,"A,A,J,10","8,K"
11ee141c,martingale,18,100,1100,1100,0,P,20,20,0,0,4,2,4,"K,K","4,7,3,6"
41dc25b8,martingale,1,25,1000,1025,25,W,19,18,0,0,J,2,3,"A,8","J,3,5"
41dc25b8,martingale,2,25,1025,1000,-25,L,13,19,0,0,5,2,3,"3,Q","5,Q,4"
41dc25b8,martingale,3,50,1000,1050,50,W,19,17,0,0,Q,3,2,"6,8,5","Q,7"
41dc25b8,martingale,4,25,1050,1075,25,W,13,23,0,0,2,2,4,"3,J","2,Q,A,10"
41dc25b8,martingale,5,25,1075,1050,-25,L,17,19,0,0,9,2,2,"8,9","9,J"
41dc25b8,martingale,6,50,1050,1125,75,W,21,16,1,0,9,2,2,"A,K","9,7"
41dc25b8,martingale,7,25,1125,1100,-25,L,16,21,0,1,10,2,2,"A,5","10,A"
41dc25b8,martingale,8,50,1100,1150,50,W,20,18,0,0,8,2,2,"K,Q","8,10"
41dc25b8,martingale,9,25,1150,1187,37,W,21,13,1,0,7,2,2,"A,J","7,6"
41dc25b8,martingale,10,25,1187,1162,-25,L,17,19,0,0,A,3,2,"5,9,3","A,8"
41dc25b8,martingale,11,50,1162,1112,-50,L,16,18,0,0,4,2,3,"8,8","4,A,3"
41dc25b8,martingale,12,100,1112,1212,100,W,20,26,0,0,6,2,3,"K,10","6,Q,Q"
41dc25b8,martingale,13,25,1212,1187,-25,L,24,20,0,0,J,4,2,"2,8,6,8","J,Q"
41dc25b8,martingale,14,50,1187,1137,-50,L,20,21,0,1,A,2,2,"K,J","A,K"
41dc25b8,martingale,15,100,1137,1137,0,P,20,20,0,0,A,2,2,"K,Q","A,9"
41dc25b8,martingale,16,100,1137,1137,0,P,18,18,0,0,2,2,3,"J,8","2,8,8"
41dc25b8,martingale,17,100,1137,1237,100,W,19,25,0,0,K,2,3,"J,9","K,5,J"
41dc25b8,martingale,18,25,1237,1212,-25,L,17,21,0,0,2,3,4,"5,3,9","2,K,2,7"
ccd4bf04,martingale,1,25,1000,1000,0,P,20,20,0,0,10,2,2,"J,Q","10,J"
ccd4bf04,martingale,2,25,1000,1000,0,P,17,17,0,0,K,2,3,"7,Q","K,4,3"
ccd4bf04,martingale,3,25,1000,975,-25,L,18,19,0,0,8,2,2,"9,9","8,A"
ccd4bf04,martingale,4,50,975,1025,50,W,20,17,0,0,7,2,3,"10,J","7,2,8"
ccd4bf04,martingale,5,25,1025,1050,25,W,20,17,0,0,A,2,2,"K,K","A,6"
ccd4bf04,martingale,6,25,1050,1025,-25,L,13,20,0,0,2,2,3,"3,Q","2,8,K"
ccd4bf04,martingale,7,50,1025,1075,50,W,21,17,0,0,9,3,2,"6,J,5","9,8"
ccd4bf04,martingale,8,25,1075,1100,25,W,20,18,0,0,Q,2,3,"Q,Q","Q,4,4"
ccd4bf04,martingale,9,25,1100,1125,25,W,21,18,0,0,8,4,2,"4,2,9,6","8,10"
ccd4bf04,martingale,10,25,1125,1100,-25,L,12,17,0,0,6,2,2,"6,6","6,A"
ccd4bf04,martingale,11,50,1100,1050,-50,L,25,18,0,0,J,3,2,"5,10,Q","J,8"
ccd4bf04,martingale,12,100,1050,950,-100,L,22,20,0,0,Q,3,2,"2,K,J","Q,Q"
ccd4bf04,martingale,13,200,950,750,-200,L,11,21,0,1,A,2,2,"4,7","A,Q"
ccd4bf04,martingale,14,400,750,1150,400,W,21,19,0,0,7,3,3,"9,2,K","7,7,5"
ccd4bf04,martingale,15,25,1150,1175,25,W,17,22,0,0,9,4,3,"2,5,6,4","9,3,Q"
ccd4bf04,martingale,16,25,1175,1125,-50,L,16,19,0,0,7,3,3,"8,2,6","7,7,5"
ccd4bf04,martingale,17,50,1125,1175,50,W,18,23,0,0,A,3,5,"6,2,J","A,A,Q,A,10"
ccd4bf04,martingale,18,25,1175,1212,37,W,21,15,1,0,5,2,2,"10,A","5,Q"
19c32725,martingale,1,25,1000,1025,25,W,18,24,0,0,10,3,3,"4,9,5","10,4,K"
19c32725,martingale,2,25,1025,1000,-25,L,26,15,0,0,A,3,2,"6,10,K","A,4"
19c32725,martingale,3,50,1000,1000,0,P,17,17,0,0,7,2,3,"9,8","7,9,A"
19c32725,martingale,4,50,1000,950,-50,L,19,20,0,0,K,2,2,"8,A","K,J"
19c32725,martingale,5,100,950,850,-100,L,19,21,0,0,Q,2,3,"J,9","Q,5,6"
19c32725,martingale,6,200,850,850,0,P,18,18,0,0,9,4,3,"J,4,2,2","9,7,2"
19c32725,martingale,7,200,850,650,-200,L,24,16,0,0,8,4,2,"4,A,9,K","8,8"
19c32725,martingale,8,400,650,250,-400,L,22,15,0,0,10,4,2,"4,5,7,6","10,5"
19c32725,martingale,9,250,250,0,-250,L,22,10,0,0,8,3,2,"3,10,9","8,2"
069c795a,martingale,1,25,1000,1025,25,W,21,20,0,0,J,4,2,"2,4,K,5","J,Q"
069c795a,martingale,2,25,1025,1050,25,W,20,17,0,0,Q,4,2,"3,A,2,4","Q,7"
069c795a,martingale,3,25,1050,1075,25,W,20,17,0,0,K,3,3,"10,6,4","K,4,3"
069c795a,martingale,4,25,1075,1050,-25,L,14,18,0,0,3,3,3,"2,5,7","3,5,J"
069c795a,martingale,5,50,1050,1000,-50,L,24,19,0,0,9,3,2,"7,7,K","9,J"
069c795a,martingale,6,100,1000,900,-100,L,6,21,0,1,Q,2,2,"3,3","Q,A"
069c795a,martingale,7,200,900,1100,200,W,18,17,0,0,A,2,2,"10,8","A,6"
069c795a,martingale,8,25,1100,1075,-25,L,18,19,0,0,2,2,4,"A,7","2,4,7,6"
069c795a,martingale,9,50,1075,1150,75,W,21,12,1,0,6,2,2,"A,Q","6,6"
069c795a,martingale,10,25,1150,1175,25,W,15,22,0,0,3,3,3,"3,5,7","3,9,K"
069c795a,martingale,11,25,1175,1150,-25,L,22,13,0,0,7,4,2,"5,A,6,Q","7,6"
069c795a,martingale,12,50,1150,1200,50,W,20,26,0,0,J,2,3,"J,10","J,6,J"
069c795a,martingale,13,25,1200,1175,-25,L,16,17,0,0,6,2,3,"J,6","6,K,A"
069c795a,martingale,14,50,1175,1250,75,W,21,13,1,0,5,2,2,"A,10","5,8"
069c795a,martingale,15,25,1250,1275,25,W,20,26,0,0,K,2,3,"J,K","K,6,J"
069c795a,martingale,16,25,1275,1250,-25,L,23,14,0,0,7,3,2,"9,4,J","7,7"
069c795a,martingale,17,50,1250,1300,50,W,14,24,0,0,2,3,4,"4,5,5","2,8,6,8"
069c795a,martingale,18,25,1300,1275,-25,L,23,17,0,0,7,3,2,"4,K,9","7,J"
bf77ad8d,martingale,1,25,1000,975,-25,L,18,20,0,0,K,2,2,"7,A","K,J"
bf77ad8d,martingale,2,50,975,1025,50,W,17,22,0,0,2,2,4,"10,7","2,3,Q,7"
bf77ad8d,martingale,3,25,1025,1050,25,W,18,26,0,0,6,3,3,"6,2,Q","6,10,Q"
bf77ad8d,martingale,4,25,1050,1000,-50,L,18,20,0,0,6,3,3,"6,4,8","6,K,4"
bf77ad8d,martingale,5,50,1000,1050,50,W,13,23,0,0,4,2,3,"5,8","4,10,9"
bf77ad8d,martingale,6,25,1050,1087,37,W,21,12,1,0,9,2,2,"10,A","9,3"
bf77ad8d,martingale,7,25,1087,1112,25,W,20,19,0,0,A,2,3,"10,K","A,4,4"
bf77ad8d,martingale,8,25,1112,1112,0,P,17,17,0,0,4,2,3,"6,A","4,J,3"
bf77ad8d,martingale,9,25,1112,1087,-25,L,16,20,0,0,5,2,6,"J,6","5,A,6,3,A,4"
bf77ad8d,martingale,10,50,1087,987,-100,L,12,19,0,0,5,3,4,"7,2,3","5,2,3,9"
bf77ad8d,martingale,11,100,987,987,0,P,18,18,0,0,8,2,2,"A,7","8,Q"
bf77ad8d,martingale,12,100,987,1087,100,W,20,19,0,0,8,2,2,"J,Q","8,A"
bf77ad8d,martingale,13,25,1087,1062,-25,L,19,20,0,0,7,2,3,"K,9","7,3,J"
bf77ad8d,martingale,14,50,1062,1062,0,P,17,17,0,0,10,2,3,"K,7","10,6,A"
bf77ad8d,martingale,15,50,1062,1112,50,W,17,24,0,0,2,2,4,"K,7","2,10,3,9"
bf77ad8d,martingale,16,25,1112,1087,-25,L,23,19,0,0,K,4,2,"9,4,A,9","K,9"
bf77ad8d,martingale,17,50,1087,1037,-50,L,12,18,0,0,6,3,3,"3,3,6","6,K,2"
bf77ad8d,martingale,18,100,1037,937,-100,L,18,21,0,1,A,2,2,"10,8","A,10"
14952334,martingale,1,25,1000,975,-25,L,18,19,0,0,2,2,5,"A,7","2,5,2,4,6"
14952334,martingale,2,50,975,1025,50,W,18,17,0,0,J,2,2,"J,8","J,7"
14952334,martingale,3,25,1025,1050,25,W,20,25,0,0,10,2,3,"9,A","10,5,Q"
14952334,martingale,4,25,1050,1075,25,W,19,17,0,0,6,4,4,"2,3,4,Q","6,3,3,5"
14952334,martingale,5,25,1075,1050,-25,L,17,19,0,0,9,4,2,"2,6,8,A","9,10"
14952334,martingale,6,50,1050,1000,-50,L,17,21,0,0,5,2,3,"7,J","5,A,5"
14952334,martingale,7,100,1000,900,-100,L,22,12,0,0,8,3,2,"2,10,Q","8,4"
14952334,martingale,8,200,900,1200,300,W,21,9,1,0,4,2,2,"A,Q","4,5"
14952334,martingale,9,25,1200,1225,25,W,21,19,0,0,3,3,3,"Q,2,9","3,Q,6"
14952334,martingale,10,25,1225,1262,37,W,21,16,1,0,K,2,2,"A,K","K,6"
14952334,martingale,11,25,1262,1287,25,W,20,18,0,0,9,2,3,"J,J","9,3,6"
14952334,martingale,12,25,1287,1312,25,W,20,18,0,0,8,2,2,"K,10","8,Q"
14952334,martingale,13,25,1312,1287,-25,L,8,21,0,1,10,2,2,"6,2","10,A"
14952334,martingale,14,50,1287,1237,-50,L,17,19,0,0,A,2,2,"7,Q","A,8"
14952334,martingale,15,100,1237,1337,100,W,15,22,0,0,2,2,4,"5,J","2,A,10,9"
14952334,martingale,16,25,1337,1362,25,W,19,22,0,0,8,4,3,"3,J,2,4","8,4,10"
14952334,martingale,17,25,1362,1337,-25,L,26,19,0,0,10,3,2,"6,Q,K","10,9"
14952334,martingale,18,50,1337,1287,-50,L,25,20,0,0,Q,3,2,"Q,5,10","Q,J"
126c0b3a,martingale,1,25,1000,1025,25,W,19,18,0,0,A,3,4,"10,4,5","A,5,8,4"
126c0b3a,martingale,2,25,1025,1050,25,W,20,17,0,0,3,2,4,"K,J","3,2,Q,2"
126c0b3a,martingale,3,25,1050,1025,-25,L,17,18,0,0,8,3,2,"5,Q,2","8,J"
126c0b3a,martingale,4,50,1025,1075,50,W,15,23,0,0,6,2,3,"9,6","6,K,7"
126c0b3a,martingale,5,25,1075,1112,37,W,21,14,1,0,4,2,2,"A,Q","4,K"
126c0b3a,martingale,6,25,1112,1087,-25,L,23,16,0,0,K,3,2,"7,6,10","K,6"
126c0b3a,martingale,7,50,1087,1037,-50,L,19,20,0,0,A,3,5,"6,10,3","A,2,3,7,7"
126c0b3a,martingale,8,100,1037,937,-100,L,22,12,0,0,2,3,2,"Q,2,K","2,J"
126c0b3a,martingale,9,200,937,737,-200,L,24,20,0,0,K,3,2,"10,4,10","K,J"
126c0b3a,martingale,10,400,737,1137,400,W,21,20,0,0,7,3,4,"9,2,Q","7,4,A,8"
126c0b3a,martingale,11,25,1137,1162,25,W,14,26,0,0,6,2,3,"9,5","6,Q,J"
126c0b3a,martingale,12,25,1162,1137,-25,L,14,19,0,0,3,2,3,"3,A","3,6,J"
126c0b3a,martingale,13,50,1137,1187,50,W,20,24,0,0,Q,2,3,"K,K","Q,4,J"
126c0b3a,martingale,14,25,1187,1162,-25,L,25,13,0,0,J,3,2,"5,K,Q","J,3"
126c0b3a,martingale,15,50,1162,1112,-50,L,15,17,0,0,6,2,3,"6,9","6,J,A"
126c0b3a,martingale,16,100,1112,1012,-100,L,23,17,0,0,8,3,2,"J,6,7","8,9"
126c0b3a,martingale,17,200,1012,1412,400,W,21,24,0,0,J,3,4,"2,9,K","J,3,A,J"
126c0b3a,martingale,18,25,1412,1437,25,W,20,22,0,0,7,2,3,"K,Q","7,5,10"
66182849,martingale,1,25,1000,1025,25,W,20,18,0,0,3,2,3,"J,10","3,5,J"
66182849,martingale,2,25,1025,1050,25,W,20,19,0,0,10,3,2,"2,10,8","10,9"
66182849,martingale,3,25,1050,1050,0,P,18,18,0,0,3,3,4,"2,6,Q","3,6,2,7"
66182849,martingale,4,25,1050,1075,25,W,19,23,0,0,J,2,3,"Q,9","J,6,7"
66182849,martingale,5,25,1075,1050,-25,L,24,13,0,0,9,3,2,"6,8,10","9,4"
66182849,martingale,6,50,1050,1100,50,W,19,26,0,0,6,2,3,"9,J","6,10,10"
66182849,martingale,7,25,1100,1075,-25,L,16,20,0,0,3,3,3,"3,4,9","3,10,7"
66182849,martingale,8,50,1075,1125,50,W,20,26,0,0,K,3,3,"4,A,5","K,6,Q"
66182849,martingale,9,25,1125,1150,25,W,20,19,0,0,4,2,3,"9,A","4,4,A"
66182849,martingale,10,25,1150,1150,0,P,19,19,0,0,9,2,2,"9,J","9,Q"
66182849,martingale,11,25,1150,1125,-25,L,18,21,0,1,A,2,2,"J,8","A,10"
66182849,martingale,12,50,1125,1075,-50,L,15,18,0,0,4,2,4,"9,6","4,10,2,2"
66182849,martingale,13,100,1075,1175,100,W,21,25,0,0,6,4,3,"2,5,4,Q","6,Q,9"
66182849,martingale,14,25,1175,1150,-25,L,14,17,0,0,5,2,3,"3,A","5,K,2"
66182849,martingale,15,50,1150,1100,-50,L,22,17,0,0,7,3,2,"4,K,8","7,Q"
66182849,martingale,16,100,1100,1200,100,W,12,22,0,0,6,2,3,"9,3","6,6,10"
66182849,martingale,17,25,1200,1225,25,W,20,17,0,0,9,2,2,"K,Q","9,8"
66182849,martingale,18,25,1225,1250,25,W,17,23,0,0,J,2,3,"10,7","J,3,K"
b866d2e5,paroli,1,25,1000,975,-25,L,17,18,0,0,3,2,4,"J,7","3,5,4,6"
b866d2e5,paroli,2,25,975,1000,25,W,20,18,0,0,2,2,4,"K,Q","2,6,4,6"
b866d2e5,paroli,3,50,1000,950,-50,L,19,20,0,0,5,3,3,"3,5,A","5,K,5"
b866d2e5,paroli,4,25,950,925,-25,L,17,19,0,0,8,3,2,"K,3,4","8,A"
b866d2e5,paroli,5,25,925,975,50,W,21,17,0,0,7,3,2,"2,9,Q","7,J"
b866d2e5,paroli,6,50,975,1075,100,W,17,26,0,0,6,3,3,"8,3,6","6,10,K"
b866d2e5,paroli,7,100,1075,975,-100,L,19,20,0,0,J,2,2,"A,8","J,J"
b866d2e5,paroli,8,25,975,1000,25,W,19,26,0,0,7,3,3,"7,8,4","7,9,J"
b866d2e5,paroli,9,50,1000,950,-50,L,19,20,0,0,Q,2,2,"9,K","Q,K"
b866d2e5,paroli,10,25,950,975,25,W,18,17,0,0,10,3,2,"5,K,3","10,7"
b866d2e5,paroli,11,50,975,925,-50,L,13,21,0,1,J,2,2,"6,7","J,A"
b866d2e5,paroli,12,25,925,950,25,W,13,25,0,0,2,2,4,"3,Q","2,3,Q,Q"
b866d2e5,paroli,13,50,950,850,-100,L,18,21,0,0,J,3,3,"5,6,7","J,2,9"
b866d2e5,paroli,14,25,850,825,-25,L,17,21,0,0,7,2,3,"6,A","7,4,K"
b866d2e5,paroli,15,25,825,800,-25,L,23,20,0,0,Q,3,2,"9,4,Q","Q,10"
b866d2e5,paroli,16,25,800,850,50,W,14,25,0,0,5,3,3,"6,3,5","5,K,K"
b866d2e5,paroli,17,50,850,800,-50,L,22,9,0,0,3,3,2,"9,3,Q","3,6"
b866d2e5,paroli,18,25,800,825,25,W,20,24,0,0,Q,4,3,"3,2,4,A","Q,5,9"
c207ffa0,paroli,1,25,1000,1025,25,W,16,26,0,0,6,2,3,"7,9","6,Q,10"
c207ffa0,paroli,2,50,1025,1075,50,W,21,19,0,0,A,4,2,"K,4,2,5","A,8"
c207ffa0,paroli,3,100,1075,975,-100,L,22,20,0,0,10,3,2,"7,5,K","10,10"
c207ffa0,paroli,4,25,975,950,-25,L,24,19,0,0,J,4,2,"2,4,J,8","J,9"
c207ffa0,paroli,5,25,950,925,-25,L,17,19,0,0,K,3,2,"2,K,5","K,9"
c207ffa0,paroli,6,25,925,900,-25,L,20,21,0,1,Q,2,2,"10,Q","Q,A"
c207ffa0,paroli,7,25,900,875,-25,L,17,19,0,0,9,2,2,"8,9","9,10"
c207ffa0,paroli,8,25,875,900,25,W,20,26,0,0,Q,2,3,"10,K","Q,6,J"
c207ffa0,paroli,9,50,900,850,-50,L,18,21,0,0,J,3,3,"2,5,A","J,3,8"
c207ffa0,paroli,10,25,850,875,25,W,16,23,0,0,5,2,4,"6,10","5,3,5,Q"
c207ffa0,paroli,11,50,875,825,-50,L,20,21,0,0,3,2,4,"10,10","3,6,6,6"
c207ffa0,paroli,12,25,825,850,25,W,20,17,0,0,A,2,2,"Q,J","A,6"
c207ffa0,paroli,13,50,850,800,-50,L,15,20,0,0,3,2,3,"8,7","3,10,7"
c207ffa0,paroli,14,25,800,775,-25,L,18,19,0,0,Q,2,2,"Q,8","Q,9"
c207ffa0,paroli,15,25,775,800,25,W,16,22,0,0,3,3,4,"6,2,8","3,4,8,7"
c207ffa0,paroli,16,50,800,700,-100,L,16,21,0,0,J,3,3,"4,7,5","J,6,5"
c207ffa0,paroli,17,25,700,700,0,P,21,21,0,0,9,3,3,"A,A,9","9,4,8"
c207ffa0,paroli,18,25,700,675,-25,L,17,18,0,0,7,3,2,"3,4,K","7,A"
11e9285a,paroli,1,25,1000,1000,0,P,19,19,0,0,2,3,4,"6,3,J","2,3,J,4"
11e9285a,paroli,2,25,1000,1037,37,W,21,15,1,0,K,2,2,"K,A","K,5"
11e9285a,paroli,3,50,1037,1087,50,W,20,25,0,0,9,2,5,"A,9","9,3,2,A,J"
11e9285a,paroli,4,100,1087,987,-100,L,18,21,0,0,A,2,3,"8,J","A,4,6"
11e9285a,paroli,5,25,987,962,-25,L,26,19,0,0,Q,5,2,"3,2,10,A,10","Q,9"
11e9285a,paroli,6,25,962,987,25,W,16,22,0,0,3,2,4,"K,6","3,2,7,Q"
11e9285a,paroli,7,50,987,937,-50,L,20,21,0,1,A,2,2,"10,K","A,J"
11e9285a,paroli,8,25,937,912,-25,L,24,15,0,0,K,3,2,"9,7,8","K,5"
11e9285a,paroli,9,25,912,962,50,W,21,22,0,0,7,3,3,"6,5,10","7,5,10"
11e9285a,paroli,10,50,962,912,-50,L,23,16,0,0,8,3,2,"5,J,8","8,8"
11e9285a,paroli,11,25,912,949,37,W,21,9,1,0,7,2,2,"A,Q","7,2"
11e9285a,paroli,12,50,949,1049,100,W,20,23,0,0,3,3,4,"4,6,Q","3,10,2,8"
11e9285a,paroli,13,100,1049,949,-100,L,16,19,0,0,6,2,3,"6,J","6,2,A"
11e9285a,paroli,14,25,949,974,25,W,17,24,0,0,4,2,3,"10,7","4,J,J"
11e9285a,paroli,15,50,974,974,0,P,20,20,0,0,9,2,2,"A,9","9,A"
11e9285a,paroli,16,50,974,924,-50,L,17,20,0,0,Q,2,2,"7,Q","Q,10"
11e9285a,paroli,17,25,924,899,-25,L,18,20,0,0,J,3,2,"Q,5,3","J,10"
11e9285a,paroli,18,25,899,949,50,W,17,24,0,0,K,3,3,"9,2,6","K,5,9"
84a015db,paroli,1,25,1000,1025,25,W,18,23,0,0,10,2,3,"Q,8","10,3,Q"
84a015db,paroli,2,50,1025,975,-50,L,24,17,0,0,A,3,2,"4,J,J","A,6"
84a015db,paroli,3,25,975,1000,25,W,14,24,0,0,3,2,5,"Q,4","3,3,2,6,10"
84a015db,paroli,4,50,1000,900,-100,L,15,17,0,0,6,3,2,"8,3,4","6,A"
84a015db,paroli,5,25,900,875,-25,L,22,12,0,0,J,3,2,"7,9,6","J,2"
84a015db,paroli,6,25,875,900,25,W,19,17,0,0,J,3,4,"8,8,3","J,4,A,2"
84a015db,paroli,7,50,900,900,0,P,18,18,0,0,K,3,3,"5,3,Q","K,4,4"
84a015db,paroli,8,50,900,950,50,W,20,17,0,0,8,2,2,"K,10","8,9"
84a015db,paroli,9,100,950,950,0,P,19,19,0,0,2,3,3,"8,4,7","2,7,K"
84a015db,paroli,10,100,950,1050,100,W,16,24,0,0,4,3,3,"3,3,Q","4,K,J"
84a015db,paroli,11,25,1050,1025,-25,L,22,18,0,0,8,3,2,"5,J,7","8,K"
84a015db,paroli,12,25,1025,975,-50,L,12,20,0,0,J,3,2,"5,6,A","J,K"
84a015db,paroli,13,25,975,950,-25,L,13,18,0,0,2,2,3,"3,J","2,7,9"
84a015db,paroli,14,25,950,925,-25,L,24,15,0,0,10,5,2,"3,9,A,2,9","10,5"
84a015db,paroli,15,25,925,900,-25,L,22,18,0,0,8,3,2,"K,2,10","8,Q"
84a015db,paroli,16,25,900,875,-25,L,16,19,0,0,6,2,3,"A,5","6,5,8"
84a015db,paroli,17,25,875,850,-25,L,17,19,0,0,2,2,3,"Q,7","2,7,Q"
84a015db,paroli,18,25,850,825,-25,L,14,20,0,0,2,2,3,"K,4","2,7,A"
4d8dd686,paroli,1,25,1000,975,-25,L,17,21,0,1,J,2,2,"7,Q","J,A"
4d8dd686,paroli,2,25,975,1025,50,W,21,20,0,0,Q,3,3,"3,8,J","Q,5,5"
4d8dd686,paroli,3,50,1025,975,-50,L,13,19,0,0,6,2,3,"10,3","6,5,8"
4d8dd686,paroli,4,25,975,950,-25,L,17,20,0,0,K,2,3,"7,K","K,6,4"
4d8dd686,paroli,5,25,950,975,25,W,20,24,0,0,5,2,3,"K,J","5,K,9"
4d8dd686,paroli,6,50,975,1025,50,W,19,18,0,0,8,2,2,"9,J","8,10"
4d8dd686,paroli,7,100,1025,925,-100,L,18,21,0,0,8,4,4,"3,5,4,6","8,6,A,6"
4d8dd686,paroli,8,25,925,950,25,W,20,18,0,0,J,3,2,"2,8,J","J,8"
4d8dd686,paroli,9,50,950,1025,75,W,21,12,1,0,5,2,2,"A,Q","5,7"
4d8dd686,paroli,10,100,1025,925,-100,L,10,21,0,1,Q,2,2,"8,2","Q,A"
4d8dd686,paroli,11,25,925,900,-25,L,13,20,0,0,3,2,3,"3,10","3,7,Q"
4d8dd686,paroli,12,25,900,925,25,W,20,23,0,0,3,2,3,"J,K","3,10,Q"
4d8dd686,paroli,13,50,925,875,-50,L,26,19,0,0,9,4,2,"5,A,Q,K","9,J"
4d8dd686,paroli,14,25,875,900,25,W,18,24,0,0,3,2,6,"8,10","3,Q,A,A,A,8"
4d8dd686,paroli,15,50,900,950,50,W,20,24,0,0,10,2,3,"10,K","10,4,Q"
4d8dd686,paroli,16,100,950,1050,100,W,18,17,0,0,2,2,3,"8,Q","2,6,9"
4d8dd686,paroli,17,25,1050,1087,37,W,21,15,1,0,5,2,2,"A,Q","5,K"
4d8dd686,paroli,18,50,1087,1037,-50,L,22,13,0,0,Q,3,2,"9,4,9","Q,3"
ccc1d61c,paroli,1,25,1000,1025,25,W,20,18,0,0,8,3,2,"5,7,8","8,10"
ccc1d61c,paroli,2,50,1025,1075,50,W,20,26,0,0,10,3,3,"8,2,Q","10,6,K"
ccc1d61c,paroli,3,100,1075,975,-100,L,18,20,0,0,7,4,3,"5,2,2,9","7,3,J"
ccc1d61c,paroli,4,25,975,950,-25,L,12,18,0,0,6,2,4,"3,9","6,3,4,5"
ccc1d61c,paroli,5,25,950,900,-50,L,16,21,0,0,6,3,4,"2,8,6","6,3,6,6"
ccc1d61c,paroli,6,25,900,900,0,P,21,21,1,1,10,2,2,"K,A","10,A"
ccc1d61c,paroli,7,25,900,900,0,P,21,21,0,0,6,3,3,"5,5,A","6,6,9"
ccc1d61c,paroli,8,25,900,925,25,W,19,17,0,0,Q,2,3,"8,A","Q,2,5"
ccc1d61c,paroli,9,50,925,875,-50,L,13,21,0,0,5,2,4,"10,3","5,3,3,10"
ccc1d61c,paroli,10,25,875,900,25,W,17,26,0,0,Q,2,3,"9,8","Q,6,Q"
ccc1d61c,paroli,11,50,900,850,-50,L,20,21,0,0,7,2,4,"Q,Q","7,8,A,5"
ccc1d61c,paroli,12,25,850,875,25,W,20,17,0,0,8,2,2,"9,A","8,9"
ccc1d61c,paroli,13,50,875,825,-50,L,12,21,0,1,Q,2,2,"9,3","Q,A"
ccc1d61c,paroli,14,25,825,800,-25,L,17,21,0,0,3,2,4,"K,7","3,2,5,A"
ccc1d61c,paroli,15,25,800,775,-25,L,26,20,0,0,J,4,2,"4,2,Q,J","J,J"
ccc1d61c,paroli,16,25,775,750,-25,L,17,21,0,1,Q,2,2,"J,7","Q,A"
ccc1d61c,paroli,17,25,750,800,50,W,12,22,0,0,6,3,3,"8,2,2","6,6,10"
ccc1d61c,paroli,18,50,800,850,50,W,19,18,0,0,8,3,2,"6,3,Q","8,Q"
62ec94d9,paroli,1,25,1000,975,-25,L,18,21,0,0,7,3,3,"5,8,5","7,3,A"
62ec94d9,paroli,2,25,975,950,-25,L,15,21,0,1,A,2,2,"5,10","A,K"
62ec94d9,paroli,3,25,950,925,-25,L,17,20,0,0,8,3,4,"K,4,3","8,2,2,8"
62ec94d9,paroli,4,25,925,950,25,W,20,17,0,0,2,2,3,"10,J","2,Q,5"
62ec94d9,paroli,5,50,950,1025,75,W,21,14,1,0,J,2,2,"10,A","J,4"
62ec94d9,paroli,6,100,1025,925,-100,L,25,19,0,0,K,4,2,"5,9,A,K","K,9"
62ec94d9,paroli,7,25,925,950,25,W,17,22,0,0,6,2,3,"A,6","6,6,10"
62ec94d9,paroli,8,50,950,900,-50,L,24,12,0,0,9,3,2,"Q,6,8","9,3"
62ec94d9,paroli,9,25,900,875,-25,L,17,20,0,0,Q,4,2,"A,A,J,5","Q,J"
62ec94d9,paroli,10,25,875,850,-25,L,17,20,0,0,9,2,2,"Q,7","9,A"
62ec94d9,paroli,11,25,850,825,-25,L,24,13,0,0,K,4,2,"3,4,7,J","K,3"
62ec94d9,paroli,12,25,825,800,-25,L,24,16,0,0,Q,3,2,"10,5,9","Q,6"
62ec94d9,paroli,13,25,800,825,25,W,17,25,0,0,K,2,4,"7,Q","K,3,2,Q"
62ec94d9,paroli,14,50,825,875,50,W,18,26,0,0,Q,3,5,"2,6,Q","Q,3,2,A,10"
62ec94d9,paroli,15,100,875,975,100,W,18,24,0,0,8,4,3,"3,A,A,3","8,6,K"
62ec94d9,paroli,16,25,975,1000,25,W,20,17,0,0,5,2,3,"Q,10","5,J,2"
62ec94d9,paroli,17,50,1000,1100,100,W,14,23,0,0,5,3,4,"8,3,3","5,5,3,Q"
62ec94d9,paroli,18,100,1100,1200,100,W,19,18,0,0,Q,2,3,"9,Q","Q,4,4"
17b104d0,paroli,1,25,1000,1025,25,W,18,17,0,0,10,5,2,"2,3,4,7,2","10,7"
17b104d0,paroli,2,50,1025,1075,50,W,18,23,0,0,8,2,3,"J,8","8,7,8"
17b104d0,paroli,3,100,1075,975,-100,L,25,13,0,0,7,4,2,"A,4,Q,10","7,6"
17b104d0,paroli,4,25,975,950,-25,L,12,21,0,1,10,2,2,"5,7","10,A"
17b104d0,paroli,5,25,950,925,-25,L,14,17,0,0,6,2,2,"4,J","6,A"
17b104d0,paroli,6,25,925,925,0,P,20,20,0,0,4,2,3,"10,10","4,8,8"
17b104d0,paroli,7,25,925,950,25,W,20,17,0,0,A,3,2,"2,10,8","A,6"
17b104d0,paroli,8,50,950,900,-50,L,16,20,0,0,5,2,4,"6,Q","5,3,4,8"
17b104d0,paroli,9,25,900,875,-25,L,20,21,0,0,6,2,3,"Q,K","6,5,J"
17b104d0,paroli,10,25,875,925,50,W,12,24,0,0,K,3,3,"8,3,A","K,4,Q"
17b104d0,paroli,11,50,925,875,-50,L,18,21,0,1,A,2,2,"8,10","A,10"
17b104d0,paroli,12,25,875,875,0,P,21,21,0,0,7,4,4,"5,3,4,9","7,5,3,6"
17b104d0,paroli,13,25,875,850,-25,L,16,21,0,0,6,4,3,"3,3,2,8","6,9,6"
17b104d0,paroli,14,25,850,875,25,W,20,22,0,0,Q,2,3,"J,10","Q,5,7"
17b104d0,paroli,15,50,875,825,-50,L,17,18,0,0,8,4,2,"2,7,3,5","8,10"
17b104d0,paroli,16,25,825,850,25,W,17,24,0,0,4,2,3,"6,A","4,J,J"
17b104d0,paroli,17,50,850,800,-50,L,24,13,0,0,K,3,2,"4,Q,10","K,3"
17b104d0,paroli,18,25,800,775,-25,L,17,19,0,0,9,3,2,"2,5,K","9,Q"
94e2bea3,paroli,1,25,1000,975,-25,L,26,20,0,0,K,3,2,"9,7,10","K,10"
94e2bea3,paroli,2,25,975,1000,25,W,12,23,0,0,5,3,3,"5,3,4","5,Q,8"
94e2bea3,paroli,3,50,1000,1000,0,P,18,18,0,0,K,2,2,"7,A","K,8"
94e2bea3,paroli,4,50,1000,950,-50,L,24,13,0,0,J,3,2,"4,K,10","J,3"
94e2bea3,paroli,5,25,950,975,25,W,20,19,0,0,K,2,3,"K,10","K,4,5"
94e2bea3,paroli,6,50,975,875,-100,L,12,21,0,0,5,3,6,"5,6,A","5,2,5,2,A,6"
94e2bea3,paroli,7,25,875,825,-50,L,13,18,0,0,10,3,2,"5,6,2","10,8"
94e2bea3,paroli,8,25,825,850,25,W,15,23,0,0,4,2,5,"4,A","4,2,4,3,K"
94e2bea3,paroli,9,50,850,925,75,W,21,13,1,0,K,2,2,"A,K","K,3"
94e2bea3,paroli,10,100,925,825,-100,L,17,18,0,0,10,4,2,"2,8,3,4","10,8"
94e2bea3,paroli,11,25,825,800,-25,L,18,20,0,0,K,3,2,"K,4,4","K,Q"
94e2bea3,paroli,12,25,800,825,25,W,14,23,0,0,3,2,3,"A,3","3,10,Q"
94e2bea3,paroli,13,50,825,925,100,W,21,19,0,0,9,3,2,"8,3,10","9,Q"
94e2bea3,paroli,14,100,925,1025,100,W,16,25,0,0,5,2,3,"A,5","5,10,10"
94e2bea3,paroli,15,25,1025,1000,-25,L,14,18,0,0,4,2,4,"9,5","4,3,4,7"
94e2bea3,paroli,16,25,1000,1050,50,W,20,18,0,0,4,3,4,"6,5,9","4,4,5,5"
94e2bea3,paroli,17,50,1050,1125,75,W,21,16,1,0,Q,2,2,"Q,A","Q,6"
94e2bea3,paroli,18,100,1125,1225,100,W,18,17,0,0,A,2,2,"7,A","A,6"
81fd21b2,paroli,1,25,1000,975,-25,L,23,18,0,0,7,3,2,"7,9,7","7,A"
81fd21b2,paroli,2,25,975,1000,25,W,18,22,0,0,5,2,4,"8,K","5,A,7,9"
81fd21b2,paroli,3,50,1000,950,-50,L,25,14,0,0,Q,3,2,"6,9,Q","Q,4"
81fd21b2,paroli,4,25,950,925,-25,L,5,21,0,1,J,2,2,"2,3","J,A"
81fd21b2,paroli,5,25,925,900,-25,L,15,20,0,0,5,2,3,"9,6","5,5,J"
81fd21b2,paroli,6,25,900,937,37,W,21,17,1,0,J,2,2,"A,10","J,7"
81fd21b2,paroli,7,50,937,1037,100,W,21,17,0,0,7,3,2,"5,6,10","7,K"
81fd21b2,paroli,8,100,1037,1237,200,W,13,23,0,0,10,3,3,"9,2,2","10,3,J"
81fd21b2,paroli,9,25,1237,1262,25,W,19,24,0,0,Q,3,3,"5,3,A","Q,4,10"
81fd21b2,paroli,10,50,1262,1212,-50,L,18,20,0,0,3,2,3,"J,8","3,Q,7"
81fd21b2,paroli,11,25,1212,1212,0,P,20,20,0,0,K,4,3,"6,3,4,7","K,4,6"
81fd21b2,paroli,12,25,1212,1237,25,W,18,17,0,0,9,3,2,"4,4,10","9,8"
81fd21b2,paroli,13,50,1237,1287,50,W,21,17,0,0,8,3,2,"A,2,8","8,9"
81fd21b2,paroli,14,100,1287,1187,-100,L,18,19,0,0,9,3,2,"J,5,3","9,10"
81fd21b2,paroli,15,25,1187,1187,0,P,20,20,0,0,J,3,3,"9,2,9","J,3,7"
81fd21b2,paroli,16,25,1187,1162,-25,L,15,21,0,1,A,2,2,"5,K","A,K"
81fd21b2,paroli,17,25,1162,1112,-50,L,13,21,0,0,2,3,3,"4,6,3","2,J,9"
81fd21b2,paroli,18,25,1112,1162,50,W,21,26,0,0,6,3,3,"6,5,J","6,K,Q"
54e8b297,paroli,1,25,1000,975,-25,L,22,18,0,0,10,3,2,"2,J,10","10,8"
54e8b297,paroli,2,25,975,950,-25,L,15,20,0,0,2,2,4,"6,9","2,6,2,Q"
54e8b297,paroli,3,25,950,975,25,W,18,23,0,0,7,3,3,"2,K,6","7,6,Q"
54e8b297,paroli,4,50,975,925,-50,L,16,19,0,0,6,2,3,"6,10","6,3,Q"
54e8b297,paroli,5,25,925,900,-25,L,25,20,0,0,10,3,2,"5,J,Q","10,J"
54e8b297,paroli,6,25,900,875,-25,L,24,13,0,0,K,3,2,"4,J,J","K,3"
54e8b297,paroli,7,25,875,900,25,W,21,20,0,0,K,3,2,"9,5,7","K,K"
54e8b297,paroli,8,50,900,850,-50,L,24,13,0,0,K,3,2,"4,J,J","K,3"
54e8b297,paroli,9,25,850,825,-25,L,18,19,0,0,K,3,3,"Q,4,4","K,4,5"
54e8b297,paroli,10,25,825,825,0,P,19,19,0,0,A,3,3,"2,9,8","A,2,6"
54e8b297,paroli,11,25,825,850,25,W,17,23,0,0,9,2,3,"Q,7","9,4,10"
54e8b297,paroli,12,50,850,950,100,W,21,24,0,0,3,3,4,"2,8,A","3,A,J,Q"
54e8b297,paroli,13,100,950,850,-100,L,18,19,0,0,3,2,3,"8,Q","3,6,10"
54e8b297,paroli,14,25,850,875,25,W,20,18,0,0,8,3,2,"2,J,8","8,Q"
54e8b297,paroli,15,50,875,825,-50,L,19,21,0,0,7,4,3,"3,2,Q,4","7,3,A"
54e8b297,paroli,16,25,825,800,-25,L,13,21,0,1,J,2,2,"4,9","J,A"
54e8b297,paroli,17,25,800,850,50,W,20,26,0,0,6,3,3,"4,6,J","6,Q,K"
54e8b297,paroli,18,50,850,900,50,W,21,19,0,0,9,3,3,"Q,6,5","9,5,5"
8a3d70d0,paroli,1,25,1000,1037,37,W,21,11,1,0,3,2,2,"A,J","3,8"
8a3d70d0,paroli,2,50,1037,987,-50,L,13,18,0,0,3,2,3,"8,5","3,9,6"
8a3d70d0,paroli,3,25,987,962,-25,L,23,17,0,0,10,3,2,"5,9,9","10,7"
8a3d70d0,paroli,4,25,962,987,25,W,21,18,0,0,Q,3,2,"K,5,6","Q,8"
8a3d70d0,paroli,5,50,987,937,-50,L,11,21,0,1,A,2,2,"5,6","A,10"
8a3d70d0,paroli,6,25,937,962,25,W,21,18,0,0,7,5,2,"3,2,A,J,5","7,A"
8a3d70d0,paroli,7,50,962,912,-50,L,22,18,0,0,J,3,2,"K,2,Q","J,8"
8a3d70d0,paroli,8,25,912,887,-25,L,16,20,0,0,6,2,3,"8,8","6,7,7"
8a3d70d0,paroli,9,25,887,862,-25,L,22,15,0,0,J,3,2,"Q,5,7","J,5"
8a3d70d0,paroli,10,25,862,837,-25,L,26,16,0,0,Q,4,2,"A,5,J,K","Q,6"
8a3d70d0,paroli,11,25,837,862,25,W,13,22,0,0,4,2,3,"6,7","4,8,Q"
8a3d70d0,paroli,12,50,862,962,100,W,20,24,0,0,3,3,4,"2,8,K","3,J,A,10"
8a3d70d0,paroli,13,100,962,862,-100,L,18,20,0,0,10,3,3,"Q,5,3","10,4,6"
8a3d70d0,paroli,14,25,862,887,25,W,15,23,0,0,3,2,3,"6,9","3,J,J"
8a3d70d0,paroli,15,50,887,937,50,W,20,17,0,0,K,3,2,"A,A,8","K,7"
8a3d70d0,paroli,16,100,937,837,-100,L,18,20,0,0,J,4,2,"2,3,3,K","J,10"
8a3d70d0,paroli,17,25,837,812,-25,L,17,20,0,0,K,2,3,"7,10","K,6,4"
8a3d70d0,paroli,18,25,812,762,-50,L,12,18,0,0,A,3,3,"2,9,A","A,3,4"
73abb998,paroli,1,25,1000,1025,25,W,19,22,0,0,6,2,3,"8,A","6,6,J"
73abb998,paroli,2,50,1025,925,-100,L,16,20,0,0,Q,3,2,"4,7,5","Q,J"
73abb998,paroli,3,25,925,900,-25,L,22,20,0,0,10,4,2,"2,A,9,K","10,J"
73abb998,paroli,4,25,900,875,-25,L,22,14,0,0,7,3,2,"K,6,6","7,7"
73abb998,paroli,5,25,875,850,-25,L,13,19,0,0,3,2,3,"3,10","3,K,6"
73abb998,paroli,6,25,850,875,25,W,19,18,0,0,7,2,2,"9,J","7,A"
73abb998,paroli,7,50,875,825,-50,L,22,17,0,0,A,3,2,"J,3,9","A,6"
73abb998,paroli,8,25,825,850,25,W,19,18,0,0,10,3,3,"5,4,10","10,2,6"
73abb998,paroli,9,50,850,800,-50,L,25,17,0,0,K,3,2,"5,J,Q","K,7"
73abb998,paroli,10,25,800,775,-25,L,16,21,0,0,4,2,3,"Q,6","4,J,7"
73abb998,paroli,11,25,775,800,25,W,15,24,0,0,4,2,3,"6,9","4,Q,K"
73abb998,paroli,12,50,800,850,50,W,13,26,0,0,3,2,4,"K,3","3,3,10,Q"
73abb998,paroli,13,100,850,950,100,W,20,22,0,0,J,3,3,"4,K,6","J,3,9"
73abb998,paroli,14,25,950,1000,50,W,18,24,0,0,3,3,4,"7,2,9","3,5,6,Q"
73abb998,paroli,15,50,1000,1100,100,W,15,22,0,0,7,3,3,"6,5,4","7,7,8"
73abb998,paroli,16,100,1100,1200,100,W,20,17,0,0,4,2,3,"10,10","4,3,Q"
73abb998,paroli,17,25,1200,1225,25,W,20,17,0,0,Q,2,2,"K,J","Q,7"
73abb998,paroli,18,50,1225,1275,50,W,20,26,0,0,8,2,3,"9,A","8,8,Q"
7b792c44,paroli,1,25,1000,975,-25,L,19,21,0,1,K,2,2,"8,A","K,A"
7b792c44,paroli,2,25,975,1012,37,W,21,20,1,0,Q,2,2,"A,K","Q,Q"
7b792c44,paroli,3,50,1012,962,-50,L,26,18,0,0,8,3,2,"6,Q,Q","8,10"
7b792c44,paroli,4,25,962,937,-25,L,19,20,0,0,A,4,3,"3,4,5,7","A,A,8"
7b792c44,paroli,5,25,937,912,-25,L,18,20,0,0,7,4,3,"2,3,9,4","7,5,8"
7b792c44,paroli,6,25,912,937,25,W,20,19,0,0,J,2,2,"K,J","J,9"
7b792c44,paroli,7,50,937,887,-50,L,19,20,0,0,10,4,2,"5,2,2,10","10,K"
7b792c44,paroli,8,25,887,912,25,W,15,22,0,0,2,3,5,"3,2,Q","2,5,2,4,9"
7b792c44,paroli,9,50,912,962,50,W,19,17,0,0,A,2,2,"9,J","A,6"
7b792c44,paroli,10,100,962,1062,100,W,19,26,0,0,10,3,4,"4,9,6","10,4,2,K"
7b792c44,paroli,11,25,1062,1037,-25,L,15,19,0,0,5,2,4,"7,8","5,2,2,K"
7b792c44,paroli,12,25,1037,1074,37,W,21,16,1,0,6,2,2,"A,10","6,K"
7b792c44,paroli,13,50,1074,1024,-50,L,24,19,0,0,8,4,2,"2,5,7,10","8,A"
7b792c44,paroli,14,25,1024,974,-50,L,19,20,0,0,5,3,3,"2,7,K","5,5,K"
7b792c44,paroli,15,25,974,949,-25,L,25,20,0,0,A,3,2,"6,10,9","A,9"
7b792c44,paroli,16,25,949,924,-25,L,14,21,0,1,A,2,2,"K,4","A,Q"
7b792c44,paroli,17,25,924,899,-25,L,24,14,0,0,7,4,2,"6,3,5,J","7,7"
7b792c44,paroli,18,25,899,924,25,W,20,19,0,0,J,3,2,"6,3,A","J,9"
da86412f,paroli,1,25,1000,1025,25,W,20,19,0,0,8,4,4,"10,3,A,6","8,3,3,5"
da86412f,paroli,2,50,1025,975,-50,L,16,21,0,1,A,2,2,"10,6","A,10"
da86412f,paroli,3,25,975,975,0,P,18,18,0,0,8,4,2,"2,4,J,2","8,10"
da86412f,paroli,4,25,975,1000,25,W,21,24,0,0,8,3,3,"6,Q,5","8,8,8"
da86412f,paroli,5,50,1000,1050,50,W,20,17,0,0,Q,2,2,"Q,Q","Q,7"
da86412f,paroli,6,100,1050,950,-100,L,24,14,0,0,A,3,2,"6,Q,8","A,3"
da86412f,paroli,7,25,950,975,25,W,17,25,0,0,5,3,3,"3,4,Q","5,10,K"
da86412f,paroli,8,50,975,1025,50,W,19,18,0,0,J,2,3,"K,9","J,6,2"
da86412f,paroli,9,100,1025,1125,100,W,16,26,0,0,6,3,3,"2,3,A","6,10,K"
da86412f,paroli,10,25,1125,1125,0,P,20,20,0,0,6,2,3,"10,10","6,4,K"
da86412f,paroli,11,25,1125,1100,-25,L,22,11,0,0,9,3,2,"6,J,6","9,2"
da86412f,paroli,12,25,1100,1125,25,W,20,19,0,0,7,2,3,"K,10","7,2,K"
da86412f,paroli,13,50,1125,1075,-50,L,23,12,0,0,7,3,2,"J,5,8","7,5"
da86412f,paroli,14,25,1075,1050,-25,L,26,18,0,0,8,3,2,"K,6,K","8,J"
da86412f,paroli,15,25,1050,1025,-25,L,23,19,0,0,A,3,2,"10,3,K","A,8"
da86412f,paroli,16,25,1025,1000,-25,L,15,20,0,0,3,2,3,"5,J","3,7,Q"
da86412f,paroli,17,25,1000,975,-25,L,22,9,0,0,2,3,2,"7,5,K","2,7"
da86412f,paroli,18,25,975,925,-50,L,18,21,0,0,4,3,3,"3,7,8","4,7,K"
7880987b,paroli,1,25,1000,1025,25,W,18,17,0,0,7,3,2,"Q,4,4","7,10"
7880987b,paroli,2,50,1025,975,-50,L,20,21,0,0,2,2,4,"J,K","2,4,5,J"
7880987b,paroli,3,25,975,1000,25,W,13,25,0,0,4,2,4,"3,10","4,10,A,K"
7880987b,paroli,4,50,1000,950,-50,L,14,18,0,0,2,2,3,"6,8","2,Q,6"
7880987b,paroli,5,25,950,975,25,W,19,24,0,0,9,2,3,"9,J","9,7,8"
7880987b,paroli,6,50,975,925,-50,L,17,21,0,0,8,3,3,"2,J,5","8,4,9"
7880987b,paroli,7,25,925,975,50,W,20,23,0,0,3,3,3,"4,6,J","3,K,K"
7880987b,paroli,8,50,975,875,-100,L,18,20,0,0,3,3,4,"7,3,8","3,3,4,Q"
7880987b,paroli,9,25,875,900,25,W,19,18,0,0,Q,3,2,"6,6,7","Q,8"
7880987b,paroli,10,50,900,950,50,W,21,23,0,0,9,4,3,"A,2,A,7","9,4,Q"
7880987b,paroli,11,100,950,950,0,P,19,19,0,0,Q,2,3,"A,8","Q,4,5"
7880987b,paroli,12,100,950,850,-100,L,16,19,0,0,3,2,3,"6,Q","3,6,10"
7880987b,paroli,13,25,850,800,-50,L,19,20,0,0,5,3,3,"6,5,8","5,5,Q"
7880987b,paroli,14,25,800,775,-25,L,13,21,0,1,Q,2,2,"5,8","Q,A"
7880987b,paroli,15,25,775,800,25,W,20,23,0,0,2,2,5,"J,Q","2,4,7,A,9"
7880987b,paroli,16,50,800,750,-50,L,18,19,0,0,9,3,2,"3,6,9","9,J"
7880987b,paroli,17,25,750,775,25,W,14,22,0,0,2,2,3,"J,4","2,J,Q"
7880987b,paroli,18,50,775,725,-50,L,26,13,0,0,8,4,2,"2,4,J,K","8,5"
42b48855,paroli,1,25,1000,975,-25,L,13,21,0,1,J,2,2,"2,A","J,A"
42b48855,paroli,2,25,975,1000,25,W,18,17,0,0,7,2,2,"7,A","7,K"
42b48855,paroli,3,50,1000,1050,50,W,19,18,0,0,8,2,2,"9,K","8,Q"
42b48855,paroli,4,100,1050,1150,100,W,15,23,0,0,3,3,3,"J,2,3","3,Q,Q"
42b48855,paroli,5,25,1150,1125,-25,L,17,20,0,0,3,2,3,"J,7","3,10,7"
42b48855,paroli,6,25,1125,1125,0,P,20,20,0,0,J,2,2,"9,A","J,10"
42b48855,paroli,7,25,1125,1100,-25,L,16,17,0,0,6,2,2,"6,Q","6,A"
42b48855,paroli,8,25,1100,1125,25,W,17,22,0,0,K,2,3,"J,7","K,2,J"
42b48855,paroli,9,50,1125,1075,-50,L,17,20,0,0,9,3,2,"7,5,5","9,A"
42b48855,paroli,10,25,1075,1050,-25,L,14,18,0,0,5,2,3,"5,9","5,5,8"
42b48855,paroli,11,25,1050,1050,0,P,21,21,1,1,A,2,2,"A,10","A,J"
42b48855,paroli,12,25,1050,1075,25,W,15,25,0,0,5,2,5,"5,Q","5,A,8,2,9"
42b48855,paroli,13,50,1075,1025,-50,L,17,19,0,0,9,5,3,"2,3,4,2,6","9,3,7"
42b48855,paroli,14,25,1025,1025,0,P,20,20,0,0,K,3,2,"6,7,7","K,K"
42b48855,paroli,15,25,1025,1050,25,W,20,17,0,0,9,3,2,"9,7,4","9,8"
42b48855,paroli,16,50,1050,1050,0,P,17,17,0,0,6,2,2,"Q,7","6,A"
42b48855,paroli,17,50,1050,1000,-50,L,17,20,0,0,10,2,2,"7,J","10,Q"
42b48855,paroli,18,25,1000,975,-25,L,13,17,0,0,6,2,3,"4,9","6,8,3"
fadf5542,paroli,1,25,1000,975,-25,L,12,20,0,0,4,2,3,"8,4","4,Q,6"
fadf5542,paroli,2,25,975,950,-25,L,23,12,0,0,A,3,2,"3,Q,J","A,A"
fadf5542,paroli,3,25,950,925,-25,L,20,21,0,0,Q,2,3,"A,9","Q,5,6"
fadf5542,paroli,4,25,925,950,25,W,21,17,0,0,J,4,3,"3,A,10,7","J,4,3"
fadf5542,paroli,5,50,950,1000,50,W,17,22,0,0,2,2,3,"7,K","2,K,Q"
fadf5542,paroli,6,100,1000,1100,100,W,19,18,0,0,K,2,2,"J,9","K,8"
fadf5542,paroli,7,25,1100,1125,25,W,16,25,0,0,2,2,4,"5,A","2,J,3,K"
fadf5542,paroli,8,50,1125,1175,50,W,21,17,0,0,7,3,2,"A,4,6","7,Q"
fadf5542,paroli,9,100,1175,1275,100,W,14,23,0,0,3,2,4,"9,5","3,A,9,Q"
fadf5542,paroli,10,25,1275,1275,0,P,17,17,0,0,7,2,3,"9,8","7,2,8"
fadf5542,paroli,11,25,1275,1275,0,P,17,17,0,0,7,3,3,"J,3,4","7,7,3"
fadf5542,paroli,12,25,1275,1300,25,W,16,25,0,0,6,2,5,"9,7","6,3,3,3,K"
fadf5542,paroli,13,50,1300,1350,50,W,19,26,0,0,5,2,4,"10,9","5,Q,A,Q"
fadf5542,paroli,14,100,1350,1550,200,W,19,23,0,0,5,3,3,"3,6,J","5,Q,8"
fadf5542,paroli,15,25,1550,1587,37,W,21,14,1,0,4,2,2,"K,A","4,J"
fadf5542,paroli,16,50,1587,1537,-50,L,12,20,0,0,6,2,3,"2,Q","6,9,5"
fadf5542,paroli,17,25,1537,1587,50,W,15,23,0,0,6,3,4,"6,4,5","6,5,2,K"
fadf5542,paroli,18,50,1587,1537,-50,L,16,21,0,0,6,2,3,"6,J","6,4,A"
17b47518,paroli,1,25,1000,975,-25,L,18,21,0,0,2,2,3,"10,8","2,Q,9"
17b47518,paroli,2,25,975,1000,25,W,14,22,0,0,5,2,3,"9,5","5,J,7"
17b47518,paroli,3,50,1000,1075,75,W,21,20,1,0,K,2,2,"A,Q","K,Q"
17b47518,paroli,4,100,1075,1175,100,W,20,23,0,0,7,4,4,"3,2,10,5","7,6,2,8"
17b47518,paroli,5,25,1175,1225,50,W,21,19,0,0,2,3,3,"8,2,A","2,8,9"
17b47518,paroli,6,50,1225,1275,50,W,16,24,0,0,4,2,4,"K,6","4,4,6,J"
17b47518,paroli,7,100,1275,1375,100,W,20,18,0,0,10,5,4,"5,8,2,A,4","10,4,A,3"
17b47518,paroli,8,25,1375,1400,25,W,20,19,0,0,K,2,2,"J,K","K,9"
17b47518,paroli,9,50,1400,1350,-50,L,25,17,0,0,A,3,2,"5,K,Q","A,6"
17b47518,paroli,10,25,1350,1325,-25,L,24,20,0,0,J,4,2,"3,A,Q,10","J,J"
17b47518,paroli,11,25,1325,1325,0,P,20,20,0,0,7,2,3,"K,Q","7,3,10"
17b47518,paroli,12,25,1325,1350,25,W,20,18,0,0,8,2,2,"K,10","8,10"
17b47518,paroli,13,50,1350,1300,-50,L,17,20,0,0,6,2,3,"7,K","6,8,6"
17b47518,paroli,14,25,1300,1275,-25,L,22,13,0,0,K,3,2,"7,5,K","K,3"
17b47518,paroli,15,25,1275,1250,-25,L,18,19,0,0,10,3,2,"4,A,3","10,9"
17b47518,paroli,16,25,1250,1225,-25,L,13,19,0,0,2,2,4,"7,6","2,J,3,4"
17b47518,paroli,17,25,1225,1200,-25,L,26,17,0,0,10,5,2,"A,3,8,4,K","10,7"
17b47518,paroli,18,25,1200,1175,-25,L,12,20,0,0,4,2,3,"3,9","4,Q,6"
48082d67,paroli,1,25,1000,950,-50,L,15,20,0,0,K,3,2,"8,3,4","K,Q"
48082d67,paroli,2,25,950,925,-25,L,23,20,0,0,K,3,2,"5,Q,8","K,K"
48082d67,paroli,3,25,925,925,0,P,20,20,0,0,Q,2,2,"A,9","Q,10"
48082d67,paroli,4,25,925,950,25,W,18,25,0,0,5,3,3,"5,2,A","5,10,K"
48082d67,paroli,5,50,950,900,-50,L,17,21,0,0,J,3,3,"5,5,7","J,6,5"
48082d67,paroli,6,25,900,875,-25,L,16,21,0,1,A,2,2,"K,6","A,K"
48082d67,paroli,7,25,875,900,25,W,20,18,0,0,6,2,3,"10,J","6,3,9"
48082d67,paroli,8,50,900,1000,100,W,20,24,0,0,3,3,4,"5,5,Q","3,2,9,10"
48082d67,paroli,9,100,1000,1100,100,W,20,25,0,0,J,2,4,"Q,Q","J,3,2,10"
48082d67,paroli,10,25,1100,1050,-50,L,18,20,0,0,4,3,3,"2,9,7","4,6,10"
48082d67,paroli,11,25,1050,1075,25,W,18,22,0,0,K,4,3,"3,2,J,3","K,3,9"
48082d67,paroli,12,50,1075,1025,-50,L,13,17,0,0,4,2,5,"7,6","4,2,3,7,A"
48082d67,paroli,13,25,1025,1000,-25,L,17,21,0,1,A,2,2,"6,A","A,10"
48082d67,paroli,14,25,1000,1025,25,W,18,22,0,0,7,3,3,"6,8,4","7,8,7"
48082d67,paroli,15,50,1025,975,-50,L,18,20,0,0,3,3,5,"4,4,Q","3,2,4,2,9"
48082d67,paroli,16,25,975,950,-25,L,23,20,0,0,Q,3,2,"Q,3,J","Q,Q"
48082d67,paroli,17,25,950,900,-50,L,15,20,0,0,4,3,3,"5,4,6","4,8,8"
48082d67,paroli,18,25,900,937,37,W,21,10,1,0,8,2,2,"A,K","8,2"
8f87e6da,paroli,1,25,1000,975,-25,L,25,20,0,0,10,3,2,"10,6,9","10,J"
8f87e6da,paroli,2,25,975,950,-25,L,22,10,0,0,2,3,2,"10,2,Q","2,8"
8f87e6da,paroli,3,25,950,925,-25,L,19,20,0,0,9,2,4,"9,K","9,2,4,5"
8f87e6da,paroli,4,25,925,900,-25,L,23,20,0,0,10,4,2,"3,4,6,Q","10,10"
8f87e6da,paroli,5,25,900,950,50,W,17,23,0,0,3,3,3,"4,6,7","3,Q,10"
8f87e6da,paroli,6,50,950,1000,50,W,18,22,0,0,K,2,3,"9,9","K,2,K"
8f87e6da,paroli,7,100,1000,1100,100,W,14,26,0,0,3,2,5,"K,4","3,2,A,J,K"
8f87e6da,paroli,8,25,1100,1075,-25,L,17,21,0,1,A,2,2,"A,6","A,J"
8f87e6da,paroli,9,25,1075,1050,-25,L,17,21,0,0,7,3,3,"6,2,9","7,7,7"
8f87e6da,paroli,10,25,1050,1050,0,P,21,21,1,1,Q,2,2,"A,10","Q,A"
8f87e6da,paroli,11,25,1050,1100,50,W,21,26,0,0,9,3,3,"7,4,10","9,7,K"
8f87e6da,paroli,12,50,1100,1050,-50,L,15,17,0,0,5,2,3,"K,5","5,J,2"
8f87e6da,paroli,13,25,1050,1025,-25,L,19,20,0,0,Q,3,2,"2,8,9","Q,10"
8f87e6da,paroli,14,25,1025,1000,-25,L,13,18,0,0,6,2,3,"3,10","6,8,4"
8f87e6da,paroli,15,25,1000,975,-25,L,14,17,0,0,5,2,3,"9,5","5,9,3"
8f87e6da,paroli,16,25,975,950,-25,L,13,20,0,0,3,3,3,"10,2,A","3,9,8"
8f87e6da,paroli,17,25,950,925,-25,L,23,12,0,0,10,3,2,"8,5,10","10,2"
8f87e6da,paroli,18,25,925,950,25,W,20,24,0,0,5,2,3,"Q,J","5,9,K"
0a15e8b0,paroli,1,25,1000,1025,25,W,18,17,0,0,6,2,2,"K,8","6,A"
0a15e8b0,paroli,2,50,1025,1025,0,P,20,20,0,0,J,2,2,"Q,Q","J,K"
0a15e8b0,paroli,3,50,1025,975,-50,L,20,21,0,1,J,2,2,"K,J","J,A"
0a15e8b0,paroli,4,25,975,950,-25,L,14,17,0,0,2,3,3,"4,5,5","2,9,6"
0a15e8b0,paroli,5,25,950,975,25,W,20,23,0,0,J,3,3,"6,9,5","J,5,8"
0a15e8b0,paroli,6,50,975,975,0,P,19,19,0,0,4,2,5,"9,Q","4,5,2,2,6"
0a15e8b0,paroli,7,50,975,1025,50,W,14,26,0,0,6,2,4,"10,4","6,6,4,10"
0a15e8b0,paroli,8,100,1025,1125,100,W,14,23,0,0,3,2,3,"6,8","3,K,10"
0a15e8b0,paroli,9,25,1125,1075,-50,L,15,19,0,0,9,3,2,"4,7,4","9,10"
0a15e8b0,paroli,10,25,1075,1075,0,P,21,21,1,1,Q,2,2,"10,A","Q,A"
0a15e8b0,paroli,11,25,1075,1100,25,W,19,23,0,0,A,3,5,"2,8,9","A,4,7,A,Q"
0a15e8b0,paroli,12,50,1100,1150,50,W,21,17,0,0,7,3,2,"J,5,6","7,Q"
0a15e8b0,paroli,13,100,1150,1050,-100,L,17,20,0,0,10,3,2,"7,6,4","10,J"
0a15e8b0,paroli,14,25,1050,1025,-25,L,23,14,0,0,9,3,2,"3,10,K","9,5"
0a15e8b0,paroli,15,25,1025,1000,-25,L,18,20,0,0,Q,2,2,"10,8","Q,10"
0a15e8b0,paroli,16,25,1000,975,-25,L,16,17,0,0,5,3,4,"4,4,8","5,7,2,3"
0a15e8b0,paroli,17,25,975,1012,37,W,21,19,1,0,K,2,2,"A,J","K,9"
0a15e8b0,paroli,18,50,1012,962,-50,L,16,21,0,1,A,2,2,"8,8","A,Q"
00e1878c,paroli,1,25,1000,1025,25,W,20,26,0,0,10,3,4,"A,5,4","10,4,2,10"
00e1878c,paroli,2,50,1025,1075,50,W,19,18,0,0,A,3,2,"Q,3,6","A,7"
00e1878c,paroli,3,100,1075,1225,150,W,21,16,1,0,A,2,2,"Q,A","A,5"
00e1878c,paroli,4,25,1225,1200,-25,L,19,21,0,0,2,3,3,"J,2,7","2,10,9"
00e1878c,paroli,5,25,1200,1237,37,W,21,10,1,0,4,2,2,"A,K","4,6"
00e1878c,paroli,6,50,1237,1287,50,W,13,23,0,0,5,2,3,"K,3","5,8,K"
00e1878c,paroli,7,100,1287,1087,-200,L,12,19,0,0,6,3,3,"8,2,2","6,4,9"
00e1878c,paroli,8,25,1087,1062,-25,L,18,20,0,0,Q,2,4,"J,8","Q,3,2,5"
00e1878c,paroli,9,25,1062,1037,-25,L,25,18,0,0,9,3,2,"7,9,9","9,9"
00e1878c,paroli,10,25,1037,1062,25,W,19,22,0,0,J,4,3,"7,8,A,3","J,3,9"
00e1878c,paroli,11,50,1062,1012,-50,L,19,21,0,0,A,3,3,"4,5,Q","A,4,6"
00e1878c,paroli,12,25,1012,987,-25,L,15,20,0,0,4,2,4,"J,5","4,8,4,4"
00e1878c,paroli,13,25,987,962,-25,L,17,20,0,0,10,3,2,"9,5,3","10,J"
00e1878c,paroli,14,25,962,937,-25,L,26,12,0,0,8,3,2,"8,8,Q","8,4"
00e1878c,paroli,15,25,937,962,25,W,20,17,0,0,Q,3,2,"J,2,8","Q,7"
00e1878c,paroli,16,50,962,1012,50,W,18,22,0,0,9,3,3,"10,5,3","9,4,9"
00e1878c,paroli,17,100,1012,1212,200,W,21,20,0,0,8,3,4,"3,8,10","8,5,2,5"
00e1878c,paroli,18,25,1212,1187,-25,L,23,20,0,0,Q,3,2,"K,6,7","Q,10"
3b143712,paroli,1,25,1000,975,-25,L,13,17,0,0,3,2,3,"A,2","3,Q,4"
3b143712,paroli,2,25,975,925,-50,L,17,20,0,0,6,3,3,"4,6,7","6,8,6"
3b143712,paroli,3,25,925,925,0,P,18,18,0,0,5,2,3,"J,8","5,4,9"
3b143712,paroli,4,25,925,900,-25,L,17,20,0,0,9,2,2,"10,7","9,A"
3b143712,paroli,5,25,900,925,25,W,19,17,0,0,8,2,3,"9,K","8,3,6"
3b143712,paroli,6,50,925,875,-50,L,17,19,0,0,4,2,3,"7,10","4,6,9"
3b143712,paroli,7,25,875,850,-25,L,17,20,0,0,5,2,3,"K,7","5,5,10"
3b143712,paroli,8,25,850,825,-25,L,17,19,0,0,8,3,3,"4,5,8","8,8,3"
3b143712,paroli,9,25,825,800,-25,L,25,13,0,0,10,3,2,"J,5,J","10,3"
3b143712,paroli,10,25,800,825,25,W,19,18,0,0,9,2,3,"Q,9","9,4,5"
3b143712,paroli,11,50,825,875,50,W,17,26,0,0,3,4,4,"3,4,4,6","3,5,8,J"
3b143712,paroli,12,100,875,875,0,P,21,21,1,1,J,2,2,"Q,A","J,A"
3b143712,paroli,13,100,875,775,-100,L,24,19,0,0,A,3,2,"Q,4,K","A,8"
3b143712,paroli,14,25,775,775,0,P,17,17,0,0,2,3,3,"5,6,6","2,8,7"
3b143712,paroli,15,25,775,800,25,W,19,17,0,0,7,4,2,"4,Q,2,3","7,K"
3b143712,paroli,16,50,800,850,50,W,18,17,0,0,10,2,2,"10,8","10,7"
3b143712,paroli,17,100,850,750,-100,L,23,18,0,0,J,3,2,"3,K,J","J,8"
3b143712,paroli,18,25,750,775,25,W,20,19,0,0,A,2,3,"Q,10","A,A,7"
95492022,paroli,1,25,1000,1025,25,W,19,22,0,0,J,3,3,"5,7,7","J,2,K"
95492022,paroli,2,50,1025,1100,75,W,21,16,1,0,8,2,2,"A,K","8,8"
95492022,paroli,3,100,1100,1000,-100,L,18,19,0,0,Q,3,2,"3,5,10","Q,9"
95492022,paroli,4,25,1000,1050,50,W,21,19,0,0,9,3,2,"2,8,A","9,10"
95492022,paroli,5,50,1050,1100,50,W,13,25,0,0,5,2,4,"3,Q","5,4,6,10"
95492022,paroli,6,100,1100,1000,-100,L,12,18,0,0,5,2,4,"2,Q","5,3,7,3"
95492022,paroli,7,25,1000,1037,37,W,21,12,1,0,J,2,2,"A,K","J,2"
95492022,paroli,8,50,1037,987,-50,L,12,21,0,1,J,2,2,"4,8","J,A"
95492022,paroli,9,25,987,962,-25,L,12,21,0,1,A,2,2,"2,K","A,J"
95492022,paroli,10,25,962,937,-25,L,8,21,0,1,A,2,2,"4,4","A,10"
95492022,paroli,11,25,937,912,-25,L,22,17,0,0,7,3,2,"3,9,K","7,10"
95492022,paroli,12,25,912,887,-25,L,25,15,0,0,A,4,2,"3,J,2,Q","A,4"
95492022,paroli,13,25,887,862,-25,L,23,20,0,0,K,3,2,"6,8,9","K,Q"
95492022,paroli,14,25,862,837,-25,L,12,18,0,0,6,2,3,"K,2","6,2,10"
95492022,paroli,15,25,837,862,25,W,18,22,0,0,9,2,4,"8,K","9,4,2,7"
95492022,paroli,16,50,862,912,50,W,15,23,0,0,6,2,3,"9,6","6,7,10"
95492022,paroli,17,100,912,1012,100,W,14,24,0,0,5,2,3,"3,A","5,10,9"
95492022,paroli,18,25,1012,987,-25,L,17,20,0,0,A,2,4,"K,7","A,4,10,5"
4d2ddb5b,paroli,1,25,1000,1050,50,W,14,23,0,0,J,3,3,"2,9,3","J,3,10"
4d2ddb5b,paroli,2,50,1050,1100,50,W,20,23,0,0,K,2,4,"Q,J","K,4,2,7"
4d2ddb5b,paroli,3,100,1100,1200,100,W,21,20,0,0,J,3,2,"6,9,6","J,Q"
4d2ddb5b,paroli,4,25,1200,1237,37,W,21,14,1,0,Q,2,2,"A,Q","Q,4"
4d2ddb5b,paroli,5,50,1237,1187,-50,L,14,19,0,0,2,2,3,"A,3","2,7,K"
4d2ddb5b,paroli,6,25,1187,1187,0,P,18,18,0,0,4,2,4,"8,10","4,9,3,2"
4d2ddb5b,paroli,7,25,1187,1212,25,W,20,19,0,0,6,2,3,"Q,Q","6,5,8"
4d2ddb5b,paroli,8,50,1212,1262,50,W,21,19,0,0,9,4,3,"2,6,7,6","9,5,5"
4d2ddb5b,paroli,9,100,1262,1362,100,W,16,24,0,0,6,2,4,"10,6","6,2,6,J"
4d2ddb5b,paroli,10,25,1362,1337,-25,L,19,21,0,0,K,2,3,"9,K","K,5,6"
4d2ddb5b,paroli,11,25,1337,1362,25,W,20,18,0,0,K,3,3,"7,3,10","K,4,4"
4d2ddb5b,paroli,12,50,1362,1412,50,W,19,25,0,0,3,2,4,"J,9","3,8,4,K"
4d2ddb5b,paroli,13,100,1412,1512,100,W,15,23,0,0,6,2,3,"4,A","6,7,Q"
4d2ddb5b,paroli,14,25,1512,1487,-25,L,18,19,0,0,4,3,4,"5,3,J","4,2,8,5"
4d2ddb5b,paroli,15,25,1487,1512,25,W,20,19,0,0,4,2,3,"10,J","4,7,8"
4d2ddb5b,paroli,16,50,1512,1462,-50,L,15,17,0,0,6,2,2,"8,7","6,A"
4d2ddb5b,paroli,17,25,1462,1487,25,W,21,18,0,0,K,3,2,"5,K,6","K,8"
4d2ddb5b,paroli,18,50,1487,1537,50,W,17,23,0,0,9,2,3,"9,8","9,4,J"
6abc9b06,paroli,1,25,1000,1000,0,P,20,20,0,0,9,3,2,"3,J,7","9,A"
6abc9b06,paroli,2,25,1000,975,-25,L,14,21,0,0,5,2,3,"9,5","5,10,6"
6abc9b06,paroli,3,25,975,975,0,P,20,20,0,0,7,2,3,"10,Q","7,9,4"
6abc9b06,paroli,4,25,975,1000,25,W,18,22,0,0,7,3,3,"J,2,6","7,6,9"
6abc9b06,paroli,5,50,1000,1000,0,P,20,20,0,0,K,2,2,"K,K","K,J"
6abc9b06,paroli,6,50,1000,900,-100,L,15,20,0,0,2,3,4,"4,6,5","2,4,J,4"
6abc9b06,paroli,7,25,900,875,-25,L,14,17,0,0,5,2,3,"7,7","5,5,7"
6abc9b06,paroli,8,25,875,900,25,W,20,23,0,0,J,2,3,"J,J","J,3,Q"
6abc9b06,paroli,9,50,900,850,-50,L,8,21,0,1,Q,2,2,"4,4","Q,A"
6abc9b06,paroli,10,25,850,825,-25,L,25,12,0,0,Q,4,2,"4,8,3,J","Q,2"
6abc9b06,paroli,11,25,825,800,-25,L,22,17,0,0,A,3,2,"3,Q,9","A,6"
6abc9b06,paroli,12,25,800,775,-25,L,12,18,0,0,4,2,3,"7,5","4,4,10"
6abc9b06,paroli,13,25,775,800,25,W,20,17,0,0,9,5,2,"2,A,Q,2,5","9,8"
6abc9b06,paroli,14,50,800,850,50,W,21,20,0,0,Q,4,2,"5,8,2,6","Q,K"
6abc9b06,paroli,15,100,850,950,100,W,17,23,0,0,K,3,3,"5,2,J","K,5,8"
6abc9b06,paroli,16,25,950,975,25,W,20,19,0,0,J,2,3,"K,10","J,6,3"
6abc9b06,paroli,17,50,975,925,-50,L,19,21,0,0,8,4,3,"2,3,5,9","8,3,Q"
6abc9b06,paroli,18,25,925,875,-50,L,14,17,0,0,8,3,3,"2,9,3","8,4,5"
ed336610,paroli,1,25,1000,1025,25,W,20,17,0,0,6,2,2,"10,10","6,A"
ed336610,paroli,2,50,1025,1125,100,W,19,24,0,0,7,3,4,"7,3,9","7,4,4,9"
ed336610,paroli,3,100,1125,1225,100,W,12,22,0,0,6,2,4,"4,8","6,3,7,6"
ed336610,paroli,4,25,1225,1250,25,W,20,19,0,0,7,2,3,"K,10","7,2,K"
ed336610,paroli,5,50,1250,1325,75,W,21,17,1,0,Q,2,2,"A,10","Q,7"
ed336610,paroli,6,100,1325,1225,-100,L,13,18,0,0,2,2,4,"A,2","2,3,2,A"
ed336610,paroli,7,25,1225,1200,-25,L,19,20,0,0,Q,2,2,"9,10","Q,10"
ed336610,paroli,8,25,1200,1225,25,W,19,23,0,0,7,3,3,"A,3,5","7,9,7"
ed336610,paroli,9,50,1225,1275,50,W,18,24,0,0,7,2,3,"J,8","7,7,J"
ed336610,paroli,10,100,1275,1175,-100,L,23,15,0,0,Q,4,2,"6,3,6,8","Q,5"
ed336610,paroli,11,25,1175,1200,25,W,20,18,0,0,Q,3,3,"2,K,8","Q,4,4"
ed336610,paroli,12,50,1200,1250,50,W,21,20,0,0,Q,3,2,"6,J,5","Q,Q"
ed336610,paroli,13,100,1250,1150,-100,L,14,20,0,0,4,2,5,"4,J","4,3,6,A,6"
ed336610,paroli,14,25,1150,1150,0,P,20,20,0,0,10,2,2,"9,A","10,K"
ed336610,paroli,15,25,1150,1125,-25,L,23,16,0,0,J,4,2,"A,2,K,Q","J,6"
ed336610,paroli,16,25,1125,1150,25,W,17,24,0,0,2,3,4,"Q,2,5","2,7,5,Q"
ed336610,paroli,17,50,1150,1100,-50,L,16,17,0,0,6,2,3,"J,6","6,10,A"
ed336610,paroli,18,25,1100,1125,25,W,20,17,0,0,8,3,2,"K,5,5","8,9"
91378a33,paroli,1,25,1000,975,-25,L,15,20,0,0,4,2,3,"8,7","4,K,6"
91378a33,paroli,2,25,975,1025,50,W,13,22,0,0,4,3,4,"8,3,2","4,2,J,6"
91378a33,paroli,3,50,1025,975,-50,L,14,21,0,1,A,2,2,"A,3","A,J"
91378a33,paroli,4,25,975,950,-25,L,18,20,0,0,J,2,2,"7,A","J,J"
91378a33,paroli,5,25,950,975,25,W,17,26,0,0,K,2,3,"Q,7","K,6,Q"
91378a33,paroli,6,50,975,1025,50,W,20,25,0,0,6,2,4,"9,A","6,5,4,K"
91378a33,paroli,7,100,1025,1025,0,P,18,18,0,0,10,3,2,"8,5,5","10,8"
91378a33,paroli,8,100,1025,1125,100,W,20,19,0,0,Q,3,2,"3,K,7","Q,9"
91378a33,paroli,9,25,1125,1100,-25,L,13,17,0,0,2,3,3,"8,4,A","2,7,8"
91378a33,paroli,10,25,1100,1075,-25,L,15,21,0,1,J,2,2,"5,K","J,A"
91378a33,paroli,11,25,1075,1100,25,W,17,26,0,0,8,3,4,"5,10,2","8,7,A,K"
91378a33,paroli,12,50,1100,1050,-50,L,25,20,0,0,K,3,2,"7,8,J","K,J"
91378a33,paroli,13,25,1050,1050,0,P,20,20,0,0,3,2,3,"10,K","3,7,K"
91378a33,paroli,14,25,1050,1025,-25,L,22,16,0,0,9,3,2,"7,5,K","9,7"
91378a33,paroli,15,25,1025,1050,25,W,12,23,0,0,5,3,4,"5,2,5","5,5,4,9"
91378a33,paroli,16,50,1050,1100,50,W,13,25,0,0,5,2,3,"5,8","5,10,Q"
91378a33,paroli,17,100,1100,1000,-100,L,18,20,0,0,3,2,4,"8,10","3,3,9,5"
91378a33,paroli,18,25,1000,1000,0,P,17,17,0,0,7,2,2,"6,A","7,J"
b74360e6,paroli,1,25,1000,1025,25,W,12,24,0,0,4,2,5,"3,9","4,2,8,A,9"
b74360e6,paroli,2,50,1025,1125,100,W,21,20,0,0,K,3,2,"2,9,K","K,K"
b74360e6,paroli,3,100,1125,1125,0,P,21,21,0,0,A,3,3,"4,9,8","A,5,5"
b74360e6,paroli,4,100,1125,1225,100,W,21,17,0,0,7,3,2,"6,10,5","7,10"
b74360e6,paroli,5,25,1225,1200,-25,L,17,20,0,0,Q,3,2,"8,4,5","Q,K"
b74360e6,paroli,6,25,1200,1200,0,P,18,18,0,0,7,3,2,"4,7,7","7,A"
b74360e6,paroli,7,25,1200,1225,25,W,18,17,0,0,K,2,2,"Q,8","K,7"
b74360e6,paroli,8,50,1225,1175,-50,L,17,20,0,0,A,3,4,"8,7,2","A,4,K,5"
b74360e6,paroli,9,25,1175,1200,25,W,18,17,0,0,10,2,2,"7,A","10,7"
b74360e6,paroli,10,50,1200,1150,-50,L,23,16,0,0,K,3,2,"3,J,K","K,6"
b74360e6,paroli,11,25,1150,1175,25,W,21,24,0,0,8,3,5,"A,2,8","8,2,2,2,Q"
b74360e6,paroli,12,50,1175,1125,-50,L,25,14,0,0,Q,3,2,"6,10,9","Q,4"
b74360e6,paroli,13,25,1125,1100,-25,L,26,18,0,0,10,3,2,"6,J,10","10,8"
b74360e6,paroli,14,25,1100,1100,0,P,20,20,0,0,K,2,2,"10,J","K,J"
b74360e6,paroli,15,25,1100,1075,-25,L,12,18,0,0,4,3,3,"4,3,5","4,10,4"
b74360e6,paroli,16,25,1075,1050,-25,L,24,14,0,0,A,3,2,"6,9,9","A,3"
b74360e6,paroli,17,25,1050,1025,-25,L,13,19,0,0,3,3,3,"2,6,5","3,8,8"
b74360e6,paroli,18,25,1025,1050,25,W,15,23,0,0,4,2,4,"J,5","4,6,3,10"
5deed410,paroli,1,25,1000,975,-25,L,17,20,0,0,J,2,2,"Q,7","J,K"
5deed410,paroli,2,25,975,950,-25,L,13,21,0,0,6,3,3,"2,5,6","6,10,5"
5deed410,paroli,3,25,950,950,0,P,17,17,0,0,J,3,2,"5,4,8","J,7"
5deed410,paroli,4,25,950,950,0,P,20,20,0,0,3,2,3,"10,K","3,7,K"
5deed410,paroli,5,25,950,925,-25,L,25,14,0,0,A,4,2,"4,3,8,10","A,3"
5deed410,paroli,6,25,925,900,-25,L,24,17,0,0,7,3,2,"4,K,Q","7,10"
5deed410,paroli,7,25,900,925,25,W,20,17,0,0,7,2,4,"K,Q","7,7,A,2"
5deed410,paroli,8,50,925,1025,100,W,18,22,0,0,5,3,3,"8,3,7","5,8,9"
5deed410,paroli,9,100,1025,1025,0,P,19,19,0,0,5,2,3,"9,J","5,3,A"
5deed410,paroli,10,100,1025,1125,100,W,19,18,0,0,7,3,2,"3,6,Q","7,A"
5deed410,paroli,11,25,1125,1125,0,P,20,20,0,0,4,2,3,"K,Q","4,7,9"
5deed410,paroli,12,25,1125,1100,-25,L,17,19,0,0,K,2,2,"7,J","K,9"
5deed410,paroli,13,25,1100,1075,-25,L,18,21,0,0,10,2,3,"7,A","10,6,5"
5deed410,paroli,14,25,1075,1050,-25,L,23,16,0,0,10,3,2,"5,J,8","10,6"
5deed410,paroli,15,25,1050,1050,0,P,18,18,0,0,4,2,4,"8,Q","4,8,4,2"
5deed410,paroli,16,25,1050,1025,-25,L,22,12,0,0,A,4,2,"2,8,6,6","A,A"
5deed410,paroli,17,25,1025,1050,25,W,18,17,0,0,5,2,5,"Q,8","5,3,2,5,2"
5deed410,paroli,18,50,1050,1000,-50,L,22,14,0,0,J,3,2,"Q,2,K","J,4"
b63f5d14,paroli,1,25,1000,1037,37,W,21,14,1,0,J,2,2,"A,J","J,4"
b63f5d14,paroli,2,50,1037,1087,50,W,20,19,0,0,9,2,2,"9,A","9,Q"
b63f5d14,paroli,3,100,1087,1237,150,W,21,20,1,0,Q,2,2,"Q,A","Q,J"
b63f5d14,paroli,4,25,1237,1262,25,W,18,17,0,0,3,2,3,"A,7","3,A,3"
b63f5d14,paroli,5,50,1262,1212,-50,L,18,20,0,0,4,4,3,"2,5,3,8","4,8,8"
b63f5d14,paroli,6,25,1212,1237,25,W,12,24,0,0,4,2,3,"7,5","4,K,Q"
b63f5d14,paroli,7,50,1237,1287,50,W,20,18,0,0,9,2,2,"J,K","9,9"
b63f5d14,paroli,8,100,1287,1187,-100,L,20,21,0,0,9,3,3,"K,5,5","9,7,5"
b63f5d14,paroli,9,25,1187,1162,-25,L,18,19,0,0,3,2,3,"J,8","3,10,6"
b63f5d14,paroli,10,25,1162,1137,-25,L,15,21,0,1,A,2,2,"5,Q","A,10"
b63f5d14,paroli,11,25,1137,1112,-25,L,22,20,0,0,Q,3,2,"K,5,7","Q,Q"
b63f5d14,paroli,12,25,1112,1137,25,W,16,26,0,0,6,2,3,"Q,6","6,K,J"
b63f5d14,paroli,13,50,1137,1187,50,W,16,22,0,0,4,2,4,"A,5","4,8,2,8"
b63f5d14,paroli,14,100,1187,1187,0,P,19,19,0,0,A,3,3,"A,3,5","A,3,5"
b63f5d14,paroli,15,100,1187,1287,100,W,17,26,0,0,9,4,3,"K,2,2,3","9,7,Q"
b63f5d14,paroli,16,25,1287,1262,-25,L,23,14,0,0,7,3,2,"10,4,9","7,7"
b63f5d14,paroli,17,25,1262,1287,25,W,18,25,0,0,2,2,4,"8,K","2,4,K,9"
b63f5d14,paroli,18,50,1287,1237,-50,L,17,21,0,0,5,2,3,"J,7","5,8,8"
ac26a2c1,paroli,1,25,1000,1025,25,W,19,22,0,0,2,4,6,"3,4,2,Q","2,3,3,7,A,6"
ac26a2c1,paroli,2,50,1025,1075,50,W,17,22,0,0,8,2,3,"J,7","8,4,10"
ac26a2c1,paroli,3,100,1075,975,-100,L,13,21,0,0,3,2,4,"A,2","3,J,A,7"
ac26a2c1,paroli,4,25,975,950,-25,L,14,19,0,0,5,2,4,"6,8","5,5,3,6"
ac26a2c1,paroli,5,25,950,950,0,P,18,18,0,0,10,3,2,"5,2,A","10,8"
ac26a2c1,paroli,6,25,950,975,25,W,19,18,0,0,9,4,2,"3,5,7,4","9,9"
ac26a2c1,paroli,7,50,975,1025,50,W,20,17,0,0,4,2,4,"K,K","4,2,4,7"
ac26a2c1,paroli,8,100,1025,925,-100,L,23,20,0,0,J,3,2,"5,9,9","J,J"
ac26a2c1,paroli,9,25,925,900,-25,L,19,21,0,0,J,2,3,"9,Q","J,2,9"
ac26a2c1,paroli,10,25,900,875,-25,L,23,19,0,0,9,3,2,"5,8,J","9,K"
ac26a2c1,paroli,11,25,875,875,0,P,19,19,0,0,A,4,2,"5,3,7,4","A,8"
ac26a2c1,paroli,12,25,875,875,0,P,17,17,0,0,7,2,2,"Q,7","7,J"
ac26a2c1,paroli,13,25,875,850,-25,L,17,20,0,0,8,3,3,"6,K,A","8,8,4"
ac26a2c1,paroli,14,25,850,875,25,W,17,26,0,0,A,2,5,"Q,7","A,A,K,4,10"
ac26a2c1,paroli,15,50,875,925,50,W,20,22,0,0,J,2,3,"10,10","J,2,Q"
ac26a2c1,paroli,16,100,925,825,-100,L,18,19,0,0,A,2,3,"9,9","A,A,7"
ac26a2c1,paroli,17,25,825,800,-25,L,17,19,0,0,10,2,2,"A,6","10,9"
ac26a2c1,paroli,18,25,800,825,25,W,12,25,0,0,5,2,3,"2,10","5,10,Q"
1762b1c3,paroli,1,25,1000,1025,25,W,20,17,0,0,7,3,2,"5,8,7","7,J"
1762b1c3,paroli,2,50,1025,1075,50,W,18,25,0,0,2,2,4,"7,A","2,10,3,Q"
1762b1c3,paroli,3,100,1075,975,-100,L,17,18,0,0,8,2,2,"K,7","8,J"
1762b1c3,paroli,4,25,975,950,-25,L,17,20,0,0,Q,3,2,"2,5,J","Q,10"
1762b1c3,paroli,5,25,950,975,25,W,16,23,0,0,6,2,4,"A,5","6,9,A,7"
1762b1c3,paroli,6,50,975,925,-50,L,19,21,0,1,A,2,2,"10,9","A,K"
1762b1c3,paroli,7,25,925,950,25,W,19,25,0,0,4,2,4,"9,10","4,2,9,10"
1762b1c3,paroli,8,50,950,900,-50,L,19,20,0,0,4,2,4,"9,K","4,K,2,4"
1762b1c3,paroli,9,25,900,875,-25,L,25,16,0,0,7,4,2,"3,3,9,K","7,9"
1762b1c3,paroli,10,25,875,850,-25,L,17,19,0,0,3,2,6,"7,J","3,3,2,5,A,5"
1762b1c3,paroli,11,25,850,875,25,W,12,23,0,0,6,2,3,"3,9","6,7,Q"
1762b1c3,paroli,12,50,875,925,50,W,18,17,0,0,Q,2,3,"8,J","Q,6,A"
1762b1c3,paroli,13,100,925,1025,100,W,16,24,0,0,4,2,4,"6,J","4,A,10,9"
1762b1c3,paroli,14,25,1025,1000,-25,L,17,20,0,0,K,4,2,"5,2,3,7","K,J"
1762b1c3,paroli,15,25,1000,1000,0,P,19,19,0,0,8,2,3,"10,9","8,2,9"
1762b1c3,paroli,16,25,1000,1025,25,W,19,17,0,0,7,3,2,"8,6,5","7,Q"
1762b1c3,paroli,17,50,1025,1075,50,W,15,23,0,0,3,2,3,"8,7","3,J,K"
1762b1c3,paroli,18,100,1075,1075,0,P,18,18,0,0,8,2,2,"K,8","8,10"
bb8a1417,paroli,1,25,1000,1037,37,W,21,19,1,0,10,2,2,"Q,A","10,9"
bb8a1417,paroli,2,50,1037,1037,0,P,19,19,0,0,A,3,2,"3,6,Q","A,8"
bb8a1417,paroli,3,50,1037,987,-50,L,25,17,0,0,A,3,2,"Q,5,Q","A,6"
bb8a1417,paroli,4,25,987,1037,50,W,15,24,0,0,5,3,3,"5,5,5","5,Q,9"
bb8a1417,paroli,5,50,1037,1087,50,W,20,23,0,0,2,2,5,"Q,K","2,2,5,6,8"
bb8a1417,paroli,6,100,1087,1187,100,W,19,23,0,0,5,2,4,"A,8","5,10,A,7"
bb8a1417,paroli,7,25,1187,1162,-25,L,17,20,0,0,K,5,2,"2,2,6,3,4","K,K"
bb8a1417,paroli,8,25,1162,1137,-25,L,14,20,0,0,2,2,4,"4,J","2,K,2,6"
bb8a1417,paroli,9,25,1137,1162,25,W,13,25,0,0,5,2,3,"3,10","5,Q,J"
bb8a1417,paroli,10,50,1162,1112,-50,L,22,19,0,0,A,3,2,"9,5,8","A,8"
bb8a1417,paroli,11,25,1112,1137,25,W,20,26,0,0,3,2,5,"K,Q","3,A,2,10,10"
bb8a1417,paroli,12,50,1137,1087,-50,L,25,20,0,0,9,4,2,"2,3,J,J","9,A"
bb8a1417,paroli,13,25,1087,1112,25,W,20,26,0,0,7,2,3,"10,K","7,9,K"
bb8a1417,paroli,14,50,1112,1062,-50,L,17,18,0,0,9,2,2,"10,7","9,9"
bb8a1417,paroli,15,25,1062,1037,-25,L,19,20,0,0,J,3,3,"J,4,5","J,4,6"
bb8a1417,paroli,16,25,1037,1062,25,W,13,23,0,0,6,2,3,"3,10","6,9,8"
bb8a1417,paroli,17,50,1062,1112,50,W,20,18,0,0,K,3,2,"2,K,8","K,8"
bb8a1417,paroli,18,100,1112,1112,0,P,17,17,0,0,4,2,3,"K,7","4,J,3"
ec74bb33,paroli,1,25,1000,1025,25,W,17,22,0,0,8,2,3,"A,6","8,4,K"
ec74bb33,paroli,2,50,1025,975,-50,L,18,19,0,0,3,2,3,"10,8","3,K,6"
ec74bb33,paroli,3,25,975,1000,25,W,18,25,0,0,7,4,3,"A,2,J,5","7,8,K"
ec74bb33,paroli,4,50,1000,1075,75,W,21,20,1,0,J,2,2,"A,Q","J,K"
ec74bb33,paroli,5,100,1075,1175,100,W,18,22,0,0,Q,3,3,"4,4,K","Q,5,7"
ec74bb33,paroli,6,25,1175,1150,-25,L,26,14,0,0,9,4,2,"10,2,4,K","9,5"
ec74bb33,paroli,7,25,1150,1125,-25,L,17,20,0,0,J,2,2,"A,6","J,Q"
ec74bb33,paroli,8,25,1125,1100,-25,L,8,21,0,1,J,2,2,"3,5","J,A"
ec74bb33,paroli,9,25,1100,1100,0,P,19,19,0,0,8,2,2,"9,Q","8,A"
ec74bb33,paroli,10,25,1100,1050,-50,L,17,21,0,0,2,3,3,"6,4,7","2,10,9"
ec74bb33,paroli,11,25,1050,1025,-25,L,22,18,0,0,A,4,2,"4,10,2,6","A,7"
ec74bb33,paroli,12,25,1025,1000,-25,L,8,21,0,1,Q,2,2,"6,2","Q,A"
ec74bb33,paroli,13,25,1000,1000,0,P,18,18,0,0,10,3,3,"5,10,3","10,4,4"
ec74bb33,paroli,14,25,1000,975,-25,L,22,20,0,0,10,3,2,"J,3,9","10,J"
ec74bb33,paroli,15,25,975,950,-25,L,17,20,0,0,5,2,4,"7,Q","5,A,7,7"
ec74bb33,paroli,16,25,950,925,-25,L,8,21,0,1,J,2,2,"6,2","J,A"
ec74bb33,paroli,17,25,925,900,-25,L,18,19,0,0,7,2,3,"8,J","7,4,8"
ec74bb33,paroli,18,25,900,875,-25,L,23,16,0,0,9,4,2,"3,3,7,J","9,7"
f24e6957,paroli,1,25,1000,975,-25,L,19,21,0,1,K,2,2,"A,8","K,A"
f24e6957,paroli,2,25,975,950,-25,L,18,21,0,0,4,2,3,"7,A","4,6,A"
f24e6957,paroli,3,25,950,925,-25,L,25,20,0,0,10,4,2,"6,3,6,J","10,J"
f24e6957,paroli,4,25,925,900,-25,L,18,21,0,0,7,3,3,"6,2,Q","7,4,J"
f24e6957,paroli,5,25,900,950,50,W,21,18,0,0,9,3,2,"8,2,A","9,9"
f24e6957,paroli,6,50,950,1000,50,W,19,17,0,0,K,2,2,"9,K","K,7"
f24e6957,paroli,7,100,1000,1150,150,W,21,11,1,0,7,2,2,"A,10","7,4"
f24e6957,paroli,8,25,1150,1150,0,P,21,21,1,1,A,2,2,"Q,A","A,Q"
f24e6957,paroli,9,25,1150,1175,25,W,17,25,0,0,2,2,5,"8,9","2,3,5,5,Q"
f24e6957,paroli,10,50,1175,1125,-50,L,15,19,0,0,2,2,5,"K,5","2,2,2,10,3"
f24e6957,paroli,11,25,1125,1150,25,W,17,25,0,0,A,2,4,"9,8","A,4,K,Q"
f24e6957,paroli,12,50,1150,1150,0,P,19,19,0,0,K,3,3,"3,7,9","K,5,4"
f24e6957,paroli,13,50,1150,1100,-50,L,17,19,0,0,9,2,3,"10,7","9,2,8"
f24e6957,paroli,14,25,1100,1075,-25,L,23,15,0,0,A,3,2,"J,5,8","A,4"
f24e6957,paroli,15,25,1075,1100,25,W,20,24,0,0,A,2,4,"10,K","A,3,10,K"
f24e6957,paroli,16,50,1100,1050,-50,L,13,18,0,0,2,3,4,"3,6,4","2,3,6,7"
f24e6957,paroli,17,25,1050,1025,-25,L,23,16,0,0,9,4,2,"2,K,3,8","9,7"
f24e6957,paroli,18,25,1025,1050,25,W,19,24,0,0,9,2,3,"J,9","9,5,10"
342cdd01,paroli,1,25,1000,1025,25,W,17,22,0,0,7,2,3,"7,K","7,6,9"
342cdd01,paroli,2,50,1025,1075,50,W,18,23,0,0,6,2,3,"K,8","6,7,10"
342cdd01,paroli,3,100,1075,975,-100,L,26,12,0,0,7,5,2,"A,3,Q,2,J","7,5"
342cdd01,paroli,4,25,975,1000,25,W,20,22,0,0,2,2,3,"10,K","2,J,J"
342cdd01,paroli,5,50,1000,1050,50,W,17,24,0,0,2,2,4,"Q,7","2,9,5,8"
342cdd01,paroli,6,100,1050,1050,0,P,19,19,0,0,Q,2,2,"8,A","Q,9"
342cdd01,paroli,7,100,1050,1200,150,W,21,9,1,0,3,2,2,"Q,A","3,6"
342cdd01,paroli,8,25,1200,1175,-25,L,26,17,0,0,10,4,2,"4,3,9,10","10,7"
342cdd01,paroli,9,25,1175,1150,-25,L,23,20,0,0,J,3,2,"6,9,8","J,10"
342cdd01,paroli,10,25,1150,1175,25,W,18,23,0,0,7,3,4,"2,10,6","7,3,4,9"
342cdd01,paroli,11,50,1175,1175,0,P,20,20,0,0,A,3,4,"9,3,8","A,A,10,8"
342cdd01,paroli,12,50,1175,1225,50,W,21,20,0,0,J,4,2,"3,7,4,7","J,J"
342cdd01,paroli,13,100,1225,1125,-100,L,18,20,0,0,2,2,4,"8,10","2,2,10,6"
342cdd01,paroli,14,25,1125,1150,25,W,17,26,0,0,J,4,3,"5,A,9,2","J,6,Q"
342cdd01,paroli,15,50,1150,1100,-50,L,24,15,0,0,A,3,2,"4,10,J","A,4"
342cdd01,paroli,16,25,1100,1125,25,W,20,22,0,0,J,2,3,"10,K","J,2,J"
342cdd01,paroli,17,50,1125,1175,50,W,12,23,0,0,6,3,3,"4,3,5","6,7,Q"
342cdd01,paroli,18,100,1175,1175,0,P,20,20,0,0,Q,2,2,"J,K","Q,J"
d8f2bfde,paroli,1,25,1000,975,-25,L,19,20,0,0,10,3,2,"6,3,10","10,K"
d8f2bfde,paroli,2,25,975,1012,37,W,21,14,1,0,9,2,2,"A,10","9,5"
d8f2bfde,paroli,3,50,1012,962,-50,L,14,20,0,0,5,2,3,"Q,4","5,7,8"
d8f2bfde,paroli,4,25,962,937,-25,L,23,16,0,0,Q,3,2,"10,4,9","Q,6"
d8f2bfde,paroli,5,25,937,962,25,W,21,25,0,0,3,3,4,"7,5,9","3,7,5,Q"
d8f2bfde,paroli,6,50,962,1012,50,W,21,18,0,0,8,3,2,"2,10,9","8,J"
d8f2bfde,paroli,7,100,1012,912,-100,L,17,21,0,0,Q,3,3,"A,4,2","Q,3,8"
d8f2bfde,paroli,8,25,912,949,37,W,21,14,1,0,4,2,2,"A,K","4,K"
d8f2bfde,paroli,9,50,949,999,50,W,19,23,0,0,Q,3,3,"K,2,7","Q,3,K"
d8f2bfde,paroli,10,100,999,899,-100,L,26,12,0,0,10,4,2,"8,7,A,J","10,2"
d8f2bfde,paroli,11,25,899,849,-50,L,18,19,0,0,3,3,3,"7,3,8","3,J,6"
d8f2bfde,paroli,12,25,849,899,50,W,16,24,0,0,4,3,3,"2,9,5","4,K,J"
d8f2bfde,paroli,13,50,899,949,50,W,15,22,0,0,6,2,3,"4,A","6,Q,6"
d8f2bfde,paroli,14,100,949,849,-100,L,19,20,0,0,J,3,2,"7,2,J","J,J"
d8f2bfde,paroli,15,25,849,874,25,W,19,17,0,0,7,3,2,"J,5,4","7,10"
d8f2bfde,paroli,16,50,874,824,-50,L,22,14,0,0,10,3,2,"10,2,10","10,4"
d8f2bfde,paroli,17,25,824,799,-25,L,17,19,0,0,7,3,3,"3,K,4","7,2,J"
d8f2bfde,paroli,18,25,799,774,-25,L,14,21,0,1,A,2,2,"8,6","A,J"
a35a79fb,paroli,1,25,1000,1000,0,P,19,19,0,0,A,3,2,"6,8,5","A,8"
a35a79fb,paroli,2,25,1000,1025,25,W,21,20,0,0,Q,3,2,"4,9,8","Q,J"
a35a79fb,paroli,3,50,1025,1075,50,W,21,20,0,0,7,3,5,"3,Q,8","7,2,4,2,5"
a35a79fb,paroli,4,100,1075,1175,100,W,21,23,0,0,J,3,3,"2,A,8","J,3,Q"
a35a79fb,paroli,5,25,1175,1200,25,W,15,22,0,0,5,2,3,"K,5","5,Q,7"
a35a79fb,paroli,6,50,1200,1150,-50,L,26,14,0,0,7,4,2,"4,5,7,K","7,7"
a35a79fb,paroli,7,25,1150,1175,25,W,17,25,0,0,6,2,3,"6,A","6,J,9"
a35a79fb,paroli,8,50,1175,1225,50,W,21,17,0,0,9,3,3,"2,10,9","9,4,4"
a35a79fb,paroli,9,100,1225,1125,-100,L,17,20,0,0,9,3,2,"4,K,3","9,A"
a35a79fb,paroli,10,25,1125,1100,-25,L,23,18,0,0,9,3,2,"J,6,7","9,9"
a35a79fb,paroli,11,25,1100,1100,0,P,20,20,0,0,K,2,2,"K,10","K,10"
a35a79fb,paroli,12,25,1100,1100,0,P,18,18,0,0,4,2,3,"8,K","4,4,K"
a35a79fb,paroli,13,25,1100,1075,-25,L,16,20,0,0,4,2,3,"6,J","4,A,5"
a35a79fb,paroli,14,25,1075,1075,0,P,18,18,0,0,9,4,4,"7,2,2,7","9,2,5,2"
a35a79fb,paroli,15,25,1075,1100,25,W,18,26,0,0,8,2,3,"8,J","8,8,K"
a35a79fb,paroli,16,50,1100,1050,-50,L,16,17,0,0,3,2,4,"5,A","3,2,3,9"
a35a79fb,paroli,17,25,1050,1075,25,W,20,18,0,0,10,2,2,"Q,J","10,8"
a35a79fb,paroli,18,50,1075,1125,50,W,20,26,0,0,10,2,3,"9,A","10,6,J"
8d35165a,paroli,1,25,1000,1037,37,W,21,17,1,0,7,2,2,"A,K","7,Q"
8d35165a,paroli,2,50,1037,987,-50,L,18,20,0,0,J,2,2,"9,9","J,10"
8d35165a,paroli,3,25,987,1012,25,W,20,23,0,0,6,2,6,"10,J","6,5,A,A,2,8"
8d35165a,paroli,4,50,1012,962,-50,L,20,21,0,0,6,2,4,"J,Q","6,4,4,7"
8d35165a,paroli,5,25,962,962,0,P,20,20,0,0,Q,2,2,"Q,Q","Q,K"
8d35165a,paroli,6,25,962,987,25,W,19,18,0,0,2,2,4,"8,A","2,6,5,5"
8d35165a,paroli,7,50,987,937,-50,L,23,16,0,0,10,3,2,"3,Q,K","10,6"
8d35165a,paroli,8,25,937,962,25,W,19,18,0,0,K,4,2,"7,8,A,3","K,8"
8d35165a,paroli,9,50,962,862,-100,L,12,18,0,0,7,3,2,"7,3,2","7,A"
8d35165a,paroli,10,25,862,887,25,W,21,17,0,0,7,3,2,"J,6,5","7,10"
8d35165a,paroli,11,50,887,937,50,W,18,24,0,0,A,4,5,"2,A,J,5","A,2,J,A,J"
8d35165a,paroli,12,100,937,837,-100,L,13,17,0,0,5,2,3,"Q,3","5,5,7"
8d35165a,paroli,13,25,837,812,-25,L,14,20,0,0,5,3,3,"3,3,8","5,5,K"
8d35165a,paroli,14,25,812,787,-25,L,15,19,0,0,2,2,3,"Q,5","2,9,8"
8d35165a,paroli,15,25,787,762,-25,L,18,19,0,0,6,2,6,"10,8","6,3,2,2,2,4"
8d35165a,paroli,16,25,762,737,-25,L,12,21,0,1,A,2,2,"K,2","A,K"
8d35165a,paroli,17,25,737,712,-25,L,18,21,0,0,4,4,3,"3,3,4,8","4,9,8"
8d35165a,paroli,18,25,712,737,25,W,20,22,0,0,Q,4,3,"4,5,4,7","Q,2,Q"
cc878d78,paroli,1,25,1000,975,-25,L,25,18,0,0,K,3,2,"K,5,J","K,8"
cc878d78,paroli,2,25,975,1000,25,W,13,24,0,0,6,2,3,"3,K","6,8,J"
cc878d78,paroli,3,50,1000,900,-100,L,18,20,0,0,2,3,3,"8,2,8","2,Q,8"
cc878d78,paroli,4,25,900,937,37,W,21,19,1,0,A,2,2,"A,10","A,8"
cc878d78,paroli,5,50,937,937,0,P,17,17,0,0,5,2,3,"10,7","5,7,5"
cc878d78,paroli,6,50,937,987,50,W,17,23,0,0,4,2,3,"7,Q","4,9,Q"
cc878d78,paroli,7,100,987,887,-100,L,18,20,0,0,7,2,4,"J,8","7,3,4,6"
cc878d78,paroli,8,25,887,862,-25,L,25,15,0,0,9,6,2,"2,2,7,A,3,10","9,6"
cc878d78,paroli,9,25,862,837,-25,L,19,20,0,0,6,2,3,"9,K","6,Q,4"
cc878d78,paroli,10,25,837,862,25,W,17,24,0,0,10,2,3,"7,K","10,4,10"
cc878d78,paroli,11,50,862,862,0,P,19,19,0,0,8,3,2,"3,6,Q","8,A"
cc878d78,paroli,12,50,862,812,-50,L,26,12,0,0,J,5,2,"2,K,A,3,K","J,2"
cc878d78,paroli,13,25,812,787,-25,L,13,20,0,0,5,3,4,"3,5,5","5,A,9,5"
cc878d78,paroli,14,25,787,812,25,W,17,25,0,0,5,2,3,"7,Q","5,Q,Q"
cc878d78,paroli,15,50,812,762,-50,L,24,17,0,0,10,3,2,"Q,4,J","10,7"
cc878d78,paroli,16,25,762,787,25,W,18,23,0,0,7,2,3,"8,Q","7,6,K"
cc878d78,paroli,17,50,787,687,-100,L,15,17,0,0,4,3,3,"8,3,4","4,3,K"
cc878d78,paroli,18,25,687,662,-25,L,17,20,0,0,A,2,3,"9,8","A,4,5"
8a6a8053,paroli,1,25,1000,1025,25,W,18,17,0,0,Q,4,3,"Q,2,3,3","Q,6,A"
8a6a8053,paroli,2,50,1025,975,-50,L,24,18,0,0,8,3,2,"7,9,8","8,K"
8a6a8053,paroli,3,25,975,950,-25,L,13,21,0,0,6,2,4,"4,9","6,9,A,5"
8a6a8053,paroli,4,25,950,925,-25,L,17,20,0,0,4,2,4,"10,7","4,5,2,9"
8a6a8053,paroli,5,25,925,900,-25,L,24,17,0,0,Q,3,2,"Q,4,K","Q,7"
8a6a8053,paroli,6,25,900,950,50,W,20,17,0,0,5,3,4,"3,6,A","5,2,4,6"
8a6a8053,paroli,7,50,950,900,-50,L,26,10,0,0,7,4,2,"10,4,2,J","7,3"
8a6a8053,paroli,8,25,900,875,-25,L,17,19,0,0,9,2,3,"7,J","9,5,5"
8a6a8053,paroli,9,25,875,900,25,W,18,26,0,0,6,2,3,"9,9","6,K,Q"
8a6a8053,paroli,10,50,900,950,50,W,21,20,0,0,K,3,2,"2,8,A","K,10"
8a6a8053,paroli,11,100,950,1050,100,W,20,17,0,0,3,2,3,"J,K","3,K,4"
8a6a8053,paroli,12,25,1050,1075,25,W,21,19,0,0,4,4,5,"3,5,2,A","4,3,2,6,4"
8a6a8053,paroli,13,50,1075,1025,-50,L,14,19,0,0,3,2,5,"5,9","3,A,9,3,3"
8a6a8053,paroli,14,25,1025,1025,0,P,17,17,0,0,8,2,3,"9,8","8,3,6"
8a6a8053,paroli,15,25,1025,1000,-25,L,19,20,0,0,K,4,2,"4,2,3,J","K,K"
8a6a8053,paroli,16,25,1000,1025,25,W,12,23,0,0,5,2,4,"J,2","5,4,6,8"
8a6a8053,paroli,17,50,1025,1075,50,W,18,22,0,0,2,2,4,"7,A","2,K,3,7"
8a6a8053,paroli,18,100,1075,975,-100,L,17,18,0,0,J,3,2,"K,6,A","J,8"
47467496,paroli,1,25,1000,975,-25,L,18,19,0,0,A,3,4,"4,K,4","A,2,9,7"
47467496,paroli,2,25,975,975,0,P,20,20,0,0,J,3,2,"J,5,5","J,K"
47467496,paroli,3,25,975,950,-25,L,14,18,0,0,4,2,3,"9,5","4,10,4"
47467496,paroli,4,25,950,950,0,P,20,20,0,0,2,2,3,"J,J","2,8,10"
47467496,paroli,5,25,950,975,25,W,19,17,0,0,7,5,2,"4,4,5,3,3","7,J"
47467496,paroli,6,50,975,1025,50,W,20,17,0,0,7,3,3,"3,J,7","7,9,A"
47467496,paroli,7,100,1025,925,-100,L,13,21,0,0,5,2,3,"8,5","5,7,9"
47467496,paroli,8,25,925,900,-25,L,24,18,0,0,9,4,2,"2,3,9,J","9,9"
47467496,paroli,9,25,900,875,-25,L,17,18,0,0,9,2,4,"10,7","9,4,2,3"
47467496,paroli,10,25,875,850,-25,L,17,20,0,0,J,2,2,"7,10","J,J"
47467496,paroli,11,25,850,825,-25,L,25,15,0,0,7,3,2,"Q,5,10","7,8"
47467496,paroli,12,25,825,862,37,W,21,9,1,0,6,2,2,"A,K","6,3"
47467496,paroli,13,50,862,812,-50,L,13,20,0,0,2,2,4,"6,7","2,4,3,A"
47467496,paroli,14,25,812,812,0,P,20,20,0,0,J,2,2,"10,10","J,Q"
47467496,paroli,15,25,812,787,-25,L,25,20,0,0,K,5,2,"8,5,A,A,Q","K,10"
47467496,paroli,16,25,787,762,-25,L,17,19,0,0,5,2,3,"10,7","5,J,4"
47467496,paroli,17,25,762,737,-25,L,15,21,0,1,A,2,2,"5,10","A,10"
47467496,paroli,18,25,737,712,-25,L,24,15,0,0,9,3,2,"6,K,8","9,6"
97d3ca75,paroli,1,25,1000,1025,25,W,16,25,0,0,5,3,5,"3,3,10","5,8,A,A,J"
97d3ca75,paroli,2,50,1025,975,-50,L,13,21,0,0,2,2,3,"A,2","2,A,8"
97d3ca75,paroli,3,25,975,950,-25,L,14,21,0,0,2,3,3,"3,2,9","2,J,9"
97d3ca75,paroli,4,25,950,950,0,P,20,20,0,0,J,2,2,"Q,Q","J,K"
97d3ca75,paroli,5,25,950,950,0,P,20,20,0,0,10,2,2,"K,K","10,K"
97d3ca75,paroli,6,25,950,950,0,P,20,20,0,0,J,2,3,"K,10","J,6,4"
97d3ca75,paroli,7,25,950,925,-25,L,13,21,0,0,4,2,3,"A,2","4,J,7"
97d3ca75,paroli,8,25,925,900,-25,L,25,18,0,0,K,4,2,"A,4,10,10","K,8"
97d3ca75,paroli,9,25,900,875,-25,L,23,12,0,0,Q,3,2,"5,8,10","Q,2"
97d3ca75,paroli,10,25,875,850,-25,L,22,14,0,0,7,3,2,"3,9,Q","7,7"
97d3ca75,paroli,11,25,850,825,-25,L,16,21,0,0,3,2,3,"Q,6","3,J,8"
97d3ca75,paroli,12,25,825,800,-25,L,26,10,0,0,7,4,2,"5,8,3,10","7,3"
97d3ca75,paroli,13,25,800,775,-25,L,26,10,0,0,8,4,2,"J,4,2,10","8,2"
97d3ca75,paroli,14,25,775,750,-25,L,15,18,0,0,5,2,3,"A,4","5,Q,3"
97d3ca75,paroli,15,25,750,725,-25,L,15,19,0,0,5,2,3,"4,A","5,4,10"
97d3ca75,paroli,16,25,725,750,25,W,20,22,0,0,5,2,3,"Q,K","5,8,9"
97d3ca75,paroli,17,50,750,700,-50,L,16,20,0,0,4,2,3,"6,J","4,K,6"
97d3ca75,paroli,18,25,700,725,25,W,20,19,0,0,Q,2,2,"A,9","Q,9"
18fb451c,paroli,1,25,1000,1025,25,W,18,17,0,0,7,3,2,"6,2,J","7,K"
18fb451c,paroli,2,50,1025,1075,50,W,17,24,0,0,5,3,4,"4,4,9","5,6,3,J"
18fb451c,paroli,3,100,1075,975,-100,L,22,20,0,0,Q,3,2,"K,2,10","Q,K"
18fb451c,paroli,4,25,975,950,-25,L,18,19,0,0,A,2,2,"Q,8","A,8"
18fb451c,paroli,5,25,950,975,25,W,18,17,0,0,Q,3,3,"5,J,3","Q,2,5"
18fb451c,paroli,6,50,975,875,-100,L,19,21,0,0,4,3,3,"2,7,K","4,7,J"
18fb451c,paroli,7,25,875,850,-25,L,19,20,0,0,K,4,3,"A,2,Q,6","K,6,4"
18fb451c,paroli,8,25,850,825,-25,L,18,19,0,0,9,2,2,"9,9","9,10"
18fb451c,paroli,9,25,825,800,-25,L,22,7,0,0,3,3,2,"2,Q,10","3,4"
18fb451c,paroli,10,25,800,825,25,W,12,22,0,0,4,3,3,"4,3,5","4,8,J"
18fb451c,paroli,11,50,825,725,-100,L,12,17,0,0,5,3,3,"7,2,3","5,A,A"
18fb451c,paroli,12,25,725,750,25,W,20,22,0,0,K,2,3,"J,Q","K,2,K"
18fb451c,paroli,13,50,750,700,-50,L,8,21,0,1,10,2,2,"4,4","10,A"
18fb451c,paroli,14,25,700,675,-25,L,26,18,0,0,A,3,2,"J,6,Q","A,7"
18fb451c,paroli,15,25,675,650,-25,L,16,18,0,0,2,2,4,"10,6","2,3,3,K"
18fb451c,paroli,16,25,650,675,25,W,19,18,0,0,8,3,2,"7,8,4","8,J"
18fb451c,paroli,17,50,675,675,0,P,18,18,0,0,9,3,4,"10,2,6","9,2,A,6"
18fb451c,paroli,18,50,675,725,50,W,20,19,0,0,5,2,3,"J,Q","5,3,A"
a1342b55,paroli,1,25,1000,975,-25,L,18,20,0,0,K,3,2,"5,Q,3","K,K"
a1342b55,paroli,2,25,975,950,-25,L,15,17,0,0,4,2,4,"6,9","4,3,6,4"
a1342b55,paroli,3,25,950,925,-25,L,16,21,0,0,4,2,5,"J,6","4,6,2,4,5"
a1342b55,paroli,4,25,925,900,-25,L,23,12,0,0,J,3,2,"9,4,Q","J,2"
a1342b55,paroli,5,25,900,925,25,W,15,25,0,0,6,2,3,"8,7","6,9,J"
a1342b55,paroli,6,50,925,875,-50,L,20,21,0,0,A,2,3,"J,K","A,4,6"
a1342b55,paroli,7,25,875,925,50,W,19,22,0,0,4,3,3,"4,5,K","4,8,J"
a1342b55,paroli,8,50,925,1000,75,W,21,12,1,0,2,2,2,"10,A","2,Q"
a1342b55,paroli,9,100,1000,900,-100,L,17,20,0,0,10,2,2,"7,J","10,Q"
a1342b55,paroli,10,25,900,850,-50,L,11,19,0,0,3,3,4,"5,4,2","3,6,4,6"
a1342b55,paroli,11,25,850,900,50,W,21,20,0,0,2,3,3,"4,7,10","2,Q,8"
a1342b55,paroli,12,50,900,850,-50,L,13,20,0,0,2,2,3,"3,Q","2,Q,8"
a1342b55,paroli,13,25,850,875,25,W,13,25,0,0,3,2,4,"5,8","3,2,J,Q"
a1342b55,paroli,14,50,875,825,-50,L,23,20,0,0,9,4,2,"2,A,K,Q","9,A"
a1342b55,paroli,15,25,825,825,0,P,18,18,0,0,J,3,2,"6,3,9","J,8"
a1342b55,paroli,16,25,825,850,25,W,20,19,0,0,5,2,4,"K,10","5,6,2,6"
a1342b55,paroli,17,50,850,850,0,P,18,18,0,0,4,2,3,"8,Q","4,3,A"
a1342b55,paroli,18,50,850,900,50,W,20,18,0,0,3,2,4,"J,J","3,6,4,5"
6a0b43a6,paroli,1,25,1000,975,-25,L,15,21,0,1,Q,2,2,"9,6","Q,A"
6a0b43a6,paroli,2,25,975,925,-50,L,16,17,0,0,7,3,2,"8,3,5","7,10"
6a0b43a6,paroli,3,25,925,950,25,W,20,23,0,0,2,2,4,"Q,J","2,A,10,10"
6a0b43a6,paroli,4,50,950,1050,100,W,20,19,0,0,9,3,3,"4,7,9","9,2,8"
6a0b43a6,paroli,5,100,1050,1150,100,W,20,24,0,0,8,2,4,"K,J","8,4,2,10"
6a0b43a6,paroli,6,25,1150,1125,-25,L,20,21,0,1,Q,2,2,"J,Q","Q,A"
6a0b43a6,paroli,7,25,1125,1100,-25,L,14,19,0,0,6,2,3,"4,10","6,2,A"
6a0b43a6,paroli,8,25,1100,1075,-25,L,12,20,0,0,4,2,3,"6,6","4,K,6"
6a0b43a6,paroli,9,25,1075,1050,-25,L,22,16,0,0,7,3,2,"2,J,Q","7,9"
6a0b43a6,paroli,10,25,1050,1025,-25,L,17,20,0,0,K,3,2,"5,Q,2","K,10"
6a0b43a6,paroli,11,25,1025,1050,25,W,19,22,0,0,A,3,4,"6,8,5","A,4,9,8"
6a0b43a6,paroli,12,50,1050,1000,-50,L,17,19,0,0,A,3,2,"8,5,4","A,8"
6a0b43a6,paroli,13,25,1000,950,-50,L,16,20,0,0,Q,3,2,"7,4,5","Q,J"
6a0b43a6,paroli,14,25,950,975,25,W,18,17,0,0,10,2,2,"8,Q","10,7"
6a0b43a6,paroli,15,50,975,875,-100,L,17,20,0,0,K,3,2,"6,5,6","K,K"
6a0b43a6,paroli,16,25,875,900,25,W,21,17,0,0,J,3,2,"7,3,A","J,7"
6a0b43a6,paroli,17,50,900,850,-50,L,14,17,0,0,3,2,3,"5,9","3,Q,4"
6a0b43a6,paroli,18,25,850,875,25,W,21,24,0,0,K,4,3,"5,3,4,9","K,4,10"
e9534788,paroli,1,25,1000,1025,25,W,20,22,0,0,2,2,3,"J,10","2,K,Q"
e9534788,paroli,2,50,1025,975,-50,L,17,21,0,0,2,2,4,"7,10","2,8,2,9"
e9534788,paroli,3,25,975,975,0,P,20,20,0,0,Q,2,2,"10,J","Q,10"
e9534788,paroli,4,25,975,1000,25,W,17,23,0,0,6,2,3,"7,J","6,7,10"
e9534788,paroli,5,50,1000,950,-50,L,19,20,0,0,8,3,3,"5,J,4","8,2,Q"
e9534788,paroli,6,25,950,975,25,W,20,18,0,0,8,3,2,"5,4,A","8,J"
e9534788,paroli,7,50,975,1025,50,W,20,18,0,0,Q,4,4,"4,2,4,J","Q,3,3,2"
e9534788,paroli,8,100,1025,1125,100,W,19,17,0,0,Q,3,2,"9,5,5","Q,7"
e9534788,paroli,9,25,1125,1150,25,W,20,17,0,0,7,3,2,"J,4,6","7,10"
e9534788,paroli,10,50,1150,1100,-50,L,18,20,0,0,J,3,2,"10,2,6","J,J"
e9534788,paroli,11,25,1100,1137,37,W,21,7,1,0,3,2,2,"K,A","3,4"
e9534788,paroli,12,50,1137,1187,50,W,18,23,0,0,10,2,3,"10,8","10,6,7"
e9534788,paroli,13,100,1187,1087,-100,L,17,20,0,0,10,2,2,"7,Q","10,J"
e9534788,paroli,14,25,1087,1112,25,W,19,22,0,0,3,2,3,"J,9","3,9,K"
e9534788,paroli,15,50,1112,1012,-100,L,12,20,0,0,9,3,2,"6,5,A","9,A"
e9534788,paroli,16,25,1012,1049,37,W,21,18,1,0,8,2,2,"K,A","8,K"
e9534788,paroli,17,50,1049,1099,50,W,19,24,0,0,6,2,3,"9,J","6,Q,8"
e9534788,paroli,18,100,1099,1299,200,W,21,20,0,0,Q,3,2,"3,8,10","Q,J"
cbbe8e6b,paroli,1,25,1000,975,-25,L,19,20,0,0,Q,2,2,"J,9","Q,Q"
cbbe8e6b,paroli,2,25,975,950,-25,L,25,19,0,0,A,3,2,"6,9,K","A,8"
cbbe8e6b,paroli,3,25,950,975,25,W,20,25,0,0,8,2,3,"K,10","8,7,Q"
cbbe8e6b,paroli,4,50,975,1025,50,W,20,23,0,0,3,2,4,"Q,K","3,3,K,7"
cbbe8e6b,paroli,5,100,1025,1125,100,W,18,17,0,0,6,2,2,"10,8","6,A"
cbbe8e6b,paroli,6,25,1125,1150,25,W,19,17,0,0,7,4,2,"7,5,A,6","7,J"
cbbe8e6b,paroli,7,50,1150,1100,-50,L,22,20,0,0,J,3,2,"10,3,9","J,Q"
cbbe8e6b,paroli,8,25,1100,1125,25,W,19,24,0,0,7,2,4,"9,K","7,3,4,Q"
cbbe8e6b,paroli,9,50,1125,1075,-50,L,8,21,0,1,A,2,2,"5,3","A,10"
cbbe8e6b,paroli,10,25,1075,1100,25,W,20,18,0,0,Q,3,2,"8,6,6","Q,8"
cbbe8e6b,paroli,11,50,1100,1050,-50,L,17,18,0,0,7,4,2,"7,2,3,5","7,A"
cbbe8e6b,paroli,12,25,1050,1075,25,W,19,25,0,0,5,2,3,"10,9","5,K,K"
cbbe8e6b,paroli,13,50,1075,1125,50,W,20,26,0,0,8,4,3,"6,3,2,9","8,8,K"
cbbe8e6b,paroli,14,100,1125,1275,150,W,21,19,1,0,9,2,2,"J,A","9,J"
cbbe8e6b,paroli,15,25,1275,1275,0,P,17,17,0,0,8,4,3,"4,2,2,9","8,2,7"
cbbe8e6b,paroli,16,25,1275,1250,-25,L,17,20,0,0,10,4,2,"3,A,A,2","10,Q"
cbbe8e6b,paroli,17,25,1250,1275,25,W,18,22,0,0,9,3,3,"8,8,2","9,3,Q"
cbbe8e6b,paroli,18,50,1275,1225,-50,L,17,20,0,0,8,3,3,"K,3,4","8,8,4"
b79b99d4,paroli,1,25,1000,1025,25,W,16,24,0,0,3,2,4,"9,7","3,3,8,Q"
b79b99d4,paroli,2,50,1025,975,-50,L,12,21,0,1,10,2,2,"9,3","10,A"
b79b99d4,paroli,3,25,975,1000,25,W,20,19,0,0,10,2,2,"J,10","10,9"
b79b99d4,paroli,4,50,1000,1050,50,W,12,25,0,0,6,2,3,"7,5","6,9,10"
b79b99d4,paroli,5,100,1050,950,-100,L,22,19,0,0,Q,3,2,"2,J,J","Q,9"
b79b99d4,paroli,6,25,950,975,25,W,19,17,0,0,4,2,3,"9,10","4,8,5"
b79b99d4,paroli,7,50,975,925,-50,L,25,18,0,0,9,3,2,"6,10,9","9,9"
b79b99d4,paroli,8,25,925,975,50,W,18,24,0,0,J,3,3,"6,5,7","J,4,J"
b79b99d4,paroli,9,50,975,1025,50,W,20,17,0,0,2,2,4,"Q,K","2,J,4,A"
b79b99d4,paroli,10,100,1025,925,-100,L,18,20,0,0,9,3,3,"J,6,2","9,7,4"
b79b99d4,paroli,11,25,925,925,0,P,20,20,0,0,J,2,2,"K,Q","J,K"
b79b99d4,paroli,12,25,925,962,37,W,21,15,1,0,8,2,2,"A,10","8,7"
b79b99d4,paroli,13,50,962,912,-50,L,12,19,0,0,6,2,3,"2,Q","6,10,3"
b79b99d4,paroli,14,25,912,937,25,W,21,20,0,0,J,3,2,"J,4,7","J,J"
b79b99d4,paroli,15,50,937,1012,75,W,21,4,1,0,2,2,2,"A,K","2,2"
b79b99d4,paroli,16,100,1012,1112,100,W,18,26,0,0,2,2,4,"7,A","2,4,J,J"
b79b99d4,paroli,17,25,1112,1087,-25,L,16,21,0,1,A,2,2,"10,6","A,J"
b79b99d4,paroli,18,25,1087,1062,-25,L,26,19,0,0,8,3,2,"7,9,10","8,A"
0db07268,paroli,1,25,1000,1050,50,W,21,19,0,0,K,3,2,"8,3,K","K,9"
0db07268,paroli,2,50,1050,1100,50,W,20,19,0,0,8,2,3,"J,K","8,7,4"
0db07268,paroli,3,100,1100,1000,-100,L,17,19,0,0,9,3,2,"6,7,4","9,J"
0db07268,paroli,4,25,1000,975,-25,L,14,21,0,1,10,2,2,"4,J","10,A"
0db07268,paroli,5,25,975,1000,25,W,20,26,0,0,2,2,4,"J,Q","2,4,K,K"
0db07268,paroli,6,50,1000,1050,50,W,20,19,0,0,6,2,3,"10,10","6,3,J"
0db07268,paroli,7,100,1050,950,-100,L,18,19,0,0,9,3,2,"2,Q,6","9,10"
0db07268,paroli,8,25,950,925,-25,L,22,13,0,0,Q,3,2,"2,K,Q","Q,3"
0db07268,paroli,9,25,925,900,-25,L,26,12,0,0,8,3,2,"6,K,K","8,4"
0db07268,paroli,10,25,900,925,25,W,21,20,0,0,K,3,2,"7,6,8","K,10"
0db07268,paroli,11,50,925,975,50,W,21,17,0,0,7,5,2,"2,2,5,3,9","7,Q"
0db07268,paroli,12,100,975,875,-100,L,17,18,0,0,3,3,3,"6,2,9","3,A,4"
0db07268,paroli,13,25,875,900,25,W,18,23,0,0,2,2,4,"8,10","2,2,9,10"
0db07268,paroli,14,50,900,850,-50,L,16,19,0,0,5,2,3,"8,8","5,10,4"
0db07268,paroli,15,25,850,887,37,W,21,10,1,0,3,2,2,"A,10","3,7"
0db07268,paroli,16,50,887,887,0,P,20,20,0,0,10,4,3,"3,3,4,J","10,6,4"
0db07268,paroli,17,50,887,787,-100,L,17,19,0,0,2,3,3,"5,6,6","2,8,9"
0db07268,paroli,18,25,787,824,37,W,21,8,1,0,2,2,2,"A,10","2,6"
6f9cea1c,paroli,1,25,1000,975,-25,L,14,17,0,0,6,2,3,"4,J","6,Q,A"
6f9cea1c,paroli,2,25,975,1000,25,W,20,25,0,0,5,2,5,"K,10","5,4,2,4,J"
6f9cea1c,paroli,3,50,1000,950,-50,L,13,17,0,0,5,3,3,"5,3,5","5,4,8"
6f9cea1c,paroli,4,25,950,1000,50,W,12,24,0,0,8,3,3,"3,7,2","8,7,9"
6f9cea1c,paroli,5,50,1000,950,-50,L,26,18,0,0,9,4,2,"5,K,A,10","9,9"
6f9cea1c,paroli,6,25,950,950,0,P,20,20,0,0,J,2,2,"10,K","J,J"
6f9cea1c,paroli,7,25,950,900,-50,L,15,20,0,0,7,3,3,"4,7,4","7,7,6"
6f9cea1c,paroli,8,25,900,875,-25,L,25,13,0,0,7,3,2,"6,9,10","7,6"
6f9cea1c,paroli,9,25,875,900,25,W,19,18,0,0,8,3,2,"10,2,7","8,10"
6f9cea1c,paroli,10,50,900,950,50,W,18,17,0,0,K,4,3,"A,2,Q,5","K,2,5"
6f9cea1c,paroli,11,100,950,1050,100,W,18,23,0,0,4,3,6,"5,3,10","4,5,2,A,A,J"
6f9cea1c,paroli,12,25,1050,1025,-25,L,22,12,0,0,2,3,2,"Q,2,10","2,K"
6f9cea1c,paroli,13,25,1025,1050,25,W,19,17,0,0,Q,3,2,"3,Q,6","Q,7"
6f9cea1c,paroli,14,50,1050,1000,-50,L,14,17,0,0,3,2,3,"Q,4","3,4,Q"
6f9cea1c,paroli,15,25,1000,1025,25,W,19,23,0,0,8,4,3,"3,2,3,A","8,5,K"
6f9cea1c,paroli,16,50,1025,1075,50,W,18,26,0,0,2,2,5,"8,10","2,J,A,3,10"
6f9cea1c,paroli,17,100,1075,875,-200,L,20,21,0,0,2,3,3,"8,3,9","2,9,10"
6f9cea1c,paroli,18,25,875,875,0,P,17,17,0,0,5,2,3,"7,Q","5,2,K"
31a4ba5d,paroli,1,25,1000,1050,50,W,21,18,0,0,5,3,4,"6,5,K","5,2,5,6"
31a4ba5d,paroli,2,50,1050,1050,0,P,20,20,0,0,3,2,3,"J,K","3,Q,7"
31a4ba5d,paroli,3,50,1050,1100,50,W,21,23,0,0,9,3,3,"Q,2,9","9,4,J"
31a4ba5d,paroli,4,100,1100,1000,-100,L,18,20,0,0,Q,2,2,"8,J","Q,10"
31a4ba5d,paroli,5,25,1000,975,-25,L,26,20,0,0,Q,3,2,"6,J,K","Q,K"
31a4ba5d,paroli,6,25,975,950,-25,L,23,10,0,0,8,4,2,"9,3,A,10","8,2"
31a4ba5d,paroli,7,25,950,925,-25,L,18,21,0,0,10,3,4,"3,5,10","10,2,4,5"
31a4ba5d,paroli,8,25,925,962,37,W,21,18,1,0,7,2,2,"10,A","7,A"
31a4ba5d,paroli,9,50,962,862,-100,L,19,20,0,0,5,3,3,"4,5,Q","5,J,5"
31a4ba5d,paroli,10,25,862,887,25,W,21,24,0,0,A,3,4,"Q,5,6","A,3,10,K"
31a4ba5d,paroli,11,50,887,937,50,W,20,25,0,0,A,4,5,"3,3,4,J","A,4,Q,A,9"
31a4ba5d,paroli,12,100,937,1137,200,W,19,25,0,0,4,3,4,"5,6,8","4,J,A,Q"
31a4ba5d,paroli,13,25,1137,1162,25,W,17,24,0,0,9,2,3,"K,7","9,7,8"
31a4ba5d,paroli,14,50,1162,1112,-50,L,23,17,0,0,A,3,2,"Q,3,Q","A,6"
31a4ba5d,paroli,15,25,1112,1112,0,P,20,20,0,0,J,2,2,"Q,J","J,K"
31a4ba5d,paroli,16,25,1112,1087,-25,L,13,21,0,0,3,2,3,"2,A","3,7,A"
31a4ba5d,paroli,17,25,1087,1112,25,W,19,17,0,0,J,2,3,"K,9","J,4,3"
31a4ba5d,paroli,18,50,1112,1112,0,P,20,20,0,0,Q,3,2,"7,3,Q","Q,Q"
3c56404c,paroli,1,25,1000,975,-25,L,19,20,0,0,10,4,3,"K,2,A,6","10,3,7"
3c56404c,paroli,2,25,975,1000,25,W,13,24,0,0,4,2,3,"2,A","4,10,K"
3c56404c,paroli,3,50,1000,950,-50,L,18,19,0,0,8,2,3,"8,J","8,6,5"
3c56404c,paroli,4,25,950,925,-25,L,26,14,0,0,A,3,2,"J,6,J","A,3"
3c56404c,paroli,5,25,925,900,-25,L,14,19,0,0,6,2,5,"7,7","6,3,4,2,4"
3c56404c,paroli,6,25,900,875,-25,L,13,21,0,0,5,2,3,"9,4","5,10,6"
3c56404c,paroli,7,25,875,900,25,W,20,19,0,0,10,2,3,"10,10","10,3,6"
3c56404c,paroli,8,50,900,850,-50,L,17,19,0,0,3,2,4,"9,8","3,A,K,5"
3c56404c,paroli,9,25,850,887,37,W,21,10,1,0,2,2,2,"J,A","2,8"
3c56404c,paroli,10,50,887,937,50,W,20,24,0,0,J,2,4,"Q,K","J,4,A,9"
3c56404c,paroli,11,100,937,837,-100,L,14,17,0,0,3,2,3,"4,Q","3,4,J"
3c56404c,paroli,12,25,837,812,-25,L,25,18,0,0,8,3,2,"5,K,Q","8,10"
3c56404c,paroli,13,25,812,762,-50,L,15,20,0,0,7,3,3,"3,7,5","7,3,Q"
3c56404c,paroli,14,25,762,737,-25,L,15,17,0,0,6,4,3,"2,2,5,6","6,6,5"
3c56404c,paroli,15,25,737,774,37,W,21,12,1,0,2,2,2,"Q,A","2,J"
3c56404c,paroli,16,50,774,724,-50,L,24,14,0,0,8,3,2,"5,J,9","8,6"
3c56404c,paroli,17,25,724,749,25,W,21,20,0,0,10,3,3,"6,J,5","10,3,7"
3c56404c,paroli,18,50,749,824,75,W,21,12,1,0,2,2,2,"K,A","2,10"
d2acfcf5,paroli,1,25,1000,1025,25,W,18,24,0,0,K,2,3,"10,8","K,4,10"
d2acfcf5,paroli,2,50,1025,1125,100,W,21,22,0,0,4,3,3,"7,4,10","4,8,10"
d2acfcf5,paroli,3,100,1125,1025,-100,L,16,18,0,0,5,2,3,"6,10","5,J,3"
d2acfcf5,paroli,4,25,1025,1050,25,W,20,17,0,0,3,3,4,"2,Q,8","3,7,2,5"
d2acfcf5,paroli,5,50,1050,1000,-50,L,19,20,0,0,K,4,2,"2,6,6,5","K,J"
d2acfcf5,paroli,6,25,1000,975,-25,L,18,21,0,0,10,3,3,"2,10,6","10,6,5"
d2acfcf5,paroli,7,25,975,950,-25,L,26,20,0,0,J,3,2,"9,7,J","J,Q"
d2acfcf5,paroli,8,25,950,925,-25,L,12,17,0,0,6,2,3,"4,8","6,Q,A"
d2acfcf5,paroli,9,25,925,925,0,P,20,20,0,0,A,2,2,"Q,K","A,9"
d2acfcf5,paroli,10,25,925,975,50,W,20,23,0,0,3,3,4,"2,8,K","3,7,3,J"
d2acfcf5,paroli,11,50,975,925,-50,L,14,21,0,1,K,2,2,"9,5","K,A"
d2acfcf5,paroli,12,25,925,900,-25,L,14,18,0,0,6,2,3,"4,Q","6,9,3"
d2acfcf5,paroli,13,25,900,925,25,W,19,23,0,0,6,2,3,"K,9","6,8,9"
d2acfcf5,paroli,14,50,925,875,-50,L,15,21,0,0,2,2,4,"5,K","2,3,10,6"
d2acfcf5,paroli,15,25,875,875,0,P,20,20,0,0,10,2,2,"Q,Q","10,10"
d2acfcf5,paroli,16,25,875,900,25,W,15,24,0,0,4,3,3,"3,2,J","4,J,Q"
d2acfcf5,paroli,17,50,900,800,-100,L,14,20,0,0,K,3,2,"9,2,3","K,Q"
d2acfcf5,paroli,18,25,800,775,-25,L,22,16,0,0,J,4,2,"A,2,10,9","J,6"
64ff93df,paroli,1,25,1000,1000,0,P,18,18,0,0,8,3,2,"7,8,3","8,10"
64ff93df,paroli,2,25,1000,975,-25,L,18,19,0,0,9,2,2,"Q,8","9,10"
64ff93df,paroli,3,25,975,1012,37,W,21,20,1,0,10,2,2,"A,K","10,K"
64ff93df,paroli,4,50,1012,962,-50,L,14,21,0,0,6,3,4,"2,2,Q","6,9,A,5"
64ff93df,paroli,5,25,962,937,-25,L,26,17,0,0,7,3,2,"K,6,10","7,Q"
64ff93df,paroli,6,25,937,937,0,P,21,21,1,1,A,2,2,"A,K","A,J"
64ff93df,paroli,7,25,937,962,25,W,17,22,0,0,10,3,3,"5,3,9","10,2,Q"
64ff93df,paroli,8,50,962,912,-50,L,22,4,0,0,2,3,2,"3,9,Q","2,2"
64ff93df,paroli,9,25,912,937,25,W,18,22,0,0,9,2,3,"K,8","9,3,K"
64ff93df,paroli,10,50,937,887,-50,L,26,20,0,0,J,3,2,"9,7,Q","J,Q"
64ff93df,paroli,11,25,887,912,25,W,18,23,0,0,10,3,3,"9,5,4","10,3,10"
64ff93df,paroli,12,50,912,1012,100,W,12,23,0,0,6,3,3,"7,4,A","6,7,Q"
64ff93df,paroli,13,100,1012,912,-100,L,15,18,0,0,4,2,3,"5,J","4,4,K"
64ff93df,paroli,14,25,912,937,25,W,18,24,0,0,7,3,4,"K,4,4","7,6,2,9"
64ff93df,paroli,15,50,937,987,50,W,21,20,0,0,K,3,2,"9,6,6","K,10"
64ff93df,paroli,16,100,987,1087,100,W,20,25,0,0,10,3,3,"5,A,4","10,5,10"
64ff93df,paroli,17,25,1087,1087,0,P,20,20,0,0,10,2,2,"Q,J","10,Q"
64ff93df,paroli,18,25,1087,1062,-25,L,15,18,0,0,5,2,4,"8,7","5,5,3,5"
043f917c,paroli,1,25,1000,1000,0,P,21,21,1,1,A,2,2,"A,K","A,J"
043f917c,paroli,2,25,1000,975,-25,L,23,15,0,0,J,3,2,"7,6,K","J,5"
043f917c,paroli,3,25,975,1000,25,W,19,18,0,0,8,3,2,"4,5,K","8,Q"
043f917c,paroli,4,50,1000,950,-50,L,6,21,0,1,Q,2,2,"3,3","Q,A"
043f917c,paroli,5,25,950,950,0,P,20,20,0,0,10,3,2,"3,8,9","10,Q"
043f917c,paroli,6,25,950,925,-25,L,24,16,0,0,K,3,2,"Q,4,Q","K,6"
043f917c,paroli,7,25,925,950,25,W,18,23,0,0,10,2,3,"A,7","10,3,10"
043f917c,paroli,8,50,950,1050,100,W,16,25,0,0,2,3,4,"2,9,5","2,4,Q,9"
043f917c,paroli,9,100,1050,950,-100,L,13,17,0,0,3,2,4,"5,8","3,A,8,5"
043f917c,paroli,10,25,950,925,-25,L,17,19,0,0,10,3,2,"6,J,A","10,9"
043f917c,paroli,11,25,925,900,-25,L,17,18,0,0,2,3,3,"3,4,10","2,6,10"
043f917c,paroli,12,25,900,950,50,W,18,17,0,0,6,3,3,"2,7,9","6,2,9"
043f917c,paroli,13,50,950,950,0,P,18,18,0,0,7,2,4,"J,8","7,7,2,2"
043f917c,paroli,14,50,950,900,-50,L,19,20,0,0,K,2,2,"10,9","K,10"
043f917c,paroli,15,25,900,900,0,P,17,17,0,0,A,2,3,"7,K","A,A,5"
043f917c,paroli,16,25,900,950,50,W,19,26,0,0,3,3,5,"4,5,10","3,2,9,2,J"
043f917c,paroli,17,50,950,1000,50,W,21,22,0,0,10,3,3,"7,6,8","10,2,10"
043f917c,paroli,18,100,1000,1150,150,W,21,13,1,0,10,2,2,"A,Q","10,3"
d6adae5e,paroli,1,25,1000,1025,25,W,18,25,0,0,7,2,3,"8,J","7,8,K"
d6adae5e,paroli,2,50,1025,1075,50,W,19,26,0,0,7,3,4,"A,3,5","7,5,4,Q"
d6adae5e,paroli,3,100,1075,875,-200,L,15,17,0,0,8,3,2,"8,2,5","8,9"
d6adae5e,paroli,4,25,875,900,25,W,20,24,0,0,5,2,4,"J,J","5,2,7,K"
d6adae5e,paroli,5,50,900,850,-50,L,24,17,0,0,7,5,2,"2,2,A,9,J","7,10"
d6adae5e,paroli,6,25,850,825,-25,L,26,19,0,0,J,4,2,"4,Q,2,K","J,9"
d6adae5e,paroli,7,25,825,800,-25,L,20,21,0,0,7,2,3,"K,10","7,9,5"
d6adae5e,paroli,8,25,800,775,-25,L,15,21,0,0,6,2,3,"Q,5","6,7,8"
d6adae5e,paroli,9,25,775,750,-25,L,22,17,0,0,7,3,2,"K,6,6","7,K"
d6adae5e,paroli,10,25,750,775,25,W,20,19,0,0,9,2,2,"A,9","9,J"
d6adae5e,paroli,11,50,775,725,-50,L,18,21,0,0,A,5,6,"4,3,3,4,4","A,A,2,A,8,8"
d6adae5e,paroli,12,25,725,700,-25,L,18,20,0,0,K,4,2,"6,8,A,3","K,Q"
d6adae5e,paroli,13,25,700,725,25,W,20,17,0,0,7,3,2,"5,J,5","7,K"
d6adae5e,paroli,14,50,725,825,100,W,20,22,0,0,2,3,4,"5,5,Q","2,9,4,7"
d6adae5e,paroli,15,100,825,725,-100,L,16,17,0,0,6,2,3,"7,9","6,3,8"
d6adae5e,paroli,16,25,725,762,37,W,21,15,1,0,5,2,2,"A,Q","5,K"
d6adae5e,paroli,17,50,762,712,-50,L,24,18,0,0,8,4,2,"2,2,K,10","8,J"
d6adae5e,paroli,18,25,712,712,0,P,19,19,0,0,10,2,2,"Q,9","10,9"
6e1c3c09,paroli,1,25,1000,975,-25,L,23,20,0,0,J,3,2,"6,8,9","J,K"
6e1c3c09,paroli,2,25,975,950,-25,L,17,19,0,0,8,3,2,"3,4,Q","8,A"
6e1c3c09,paroli,3,25,950,950,0,P,21,21,0,0,Q,3,3,"5,6,J","Q,3,8"
6e1c3c09,paroli,4,25,950,975,25,W,21,19,0,0,K,3,2,"K,6,5","K,9"
6e1c3c09,paroli,5,50,975,1025,50,W,20,19,0,0,9,3,2,"10,4,6","9,10"
6e1c3c09,paroli,6,100,1025,1125,100,W,17,26,0,0,A,3,5,"2,10,5","A,4,K,A,Q"
6e1c3c09,paroli,7,25,1125,1150,25,W,20,23,0,0,3,2,3,"10,K","3,J,J"
6e1c3c09,paroli,8,50,1150,1225,75,W,21,13,1,0,5,2,2,"J,A","5,8"
6e1c3c09,paroli,9,100,1225,1325,100,W,13,26,0,0,3,3,5,"9,3,A","3,2,7,4,10"
6e1c3c09,paroli,10,25,1325,1300,-25,L,17,18,0,0,9,2,3,"9,8","9,3,6"
6e1c3c09,paroli,11,25,1300,1325,25,W,12,25,0,0,5,2,3,"6,6","5,K,J"
6e1c3c09,paroli,12,50,1325,1275,-50,L,15,21,0,1,J,2,2,"6,9","J,A"
6e1c3c09,paroli,13,25,1275,1325,50,W,21,18,0,0,2,3,3,"7,4,Q","2,Q,6"
6e1c3c09,paroli,14,50,1325,1275,-50,L,24,17,0,0,Q,3,2,"4,J,J","Q,7"
6e1c3c09,paroli,15,25,1275,1300,25,W,18,24,0,0,8,2,4,"8,K","8,5,2,9"
6e1c3c09,paroli,16,50,1300,1400,100,W,19,25,0,0,6,3,4,"2,7,K","6,5,4,Q"
6e1c3c09,paroli,17,100,1400,1300,-100,L,17,19,0,0,J,2,2,"7,Q","J,9"
6e1c3c09,paroli,18,25,1300,1325,25,W,15,26,0,0,4,2,5,"9,6","4,2,8,2,Q"
7f9745ea,paroli,1,25,1000,1025,25,W,17,25,0,0,7,2,3,"10,7","7,8,Q"
7f9745ea,paroli,2,50,1025,975,-50,L,23,20,0,0,Q,3,2,"4,9,J","Q,K"
7f9745ea,paroli,3,25,975,950,-25,L,19,21,0,0,7,3,3,"6,3,Q","7,4,J"
7f9745ea,paroli,4,25,950,925,-25,L,17,19,0,0,6,3,3,"2,5,Q","6,5,8"
7f9745ea,paroli,5,25,925,900,-25,L,19,20,0,0,Q,4,2,"A,4,Q,4","Q,10"
7f9745ea,paroli,6,25,900,875,-25,L,22,17,0,0,7,3,2,"2,J,10","7,Q"
7f9745ea,paroli,7,25,875,850,-25,L,25,17,0,0,7,3,2,"5,J,K","7,K"
7f9745ea,paroli,8,25,850,875,25,W,21,24,0,0,10,3,3,"5,K,6","10,4,10"
7f9745ea,paroli,9,50,875,825,-50,L,26,11,0,0,9,3,2,"J,6,K","9,2"
7f9745ea,paroli,10,25,825,800,-25,L,16,18,0,0,5,2,3,"6,10","5,10,3"
7f9745ea,paroli,11,25,800,837,37,W,21,17,1,0,10,2,2,"J,A","10,7"
7f9745ea,paroli,12,50,837,887,50,W,13,24,0,0,4,2,4,"2,A","4,10,2,8"
7f9745ea,paroli,13,100,887,1037,150,W,21,12,1,0,10,2,2,"Q,A","10,2"
7f9745ea,paroli,14,25,1037,1062,25,W,14,23,0,0,3,2,4,"9,5","3,Q,A,9"
7f9745ea,paroli,15,50,1062,1112,50,W,18,24,0,0,3,2,4,"K,8","3,5,6,Q"
7f9745ea,paroli,16,100,1112,1212,100,W,21,19,0,0,K,3,2,"2,K,9","K,9"
7f9745ea,paroli,17,25,1212,1187,-25,L,14,17,0,0,5,2,3,"6,8","5,K,2"
7f9745ea,paroli,18,25,1187,1212,25,W,19,22,0,0,9,4,3,"A,5,Q,3","9,4,9"
8a916687,paroli,1,25,1000,1037,37,W,21,11,1,0,8,2,2,"J,A","8,3"
8a916687,paroli,2,50,1037,987,-50,L,15,18,0,0,4,2,3,"9,6","4,J,4"
8a916687,paroli,3,25,987,962,-25,L,19,20,0,0,Q,3,2,"5,4,J","Q,Q"
8a916687,paroli,4,25,962,987,25,W,14,22,0,0,5,4,3,"4,2,5,3","5,7,K"
8a916687,paroli,5,50,987,937,-50,L,25,12,0,0,Q,4,2,"3,5,7,K","Q,2"
8a916687,paroli,6,25,937,912,-25,L,5,21,0,1,10,2,2,"3,2","10,A"
8a916687,paroli,7,25,912,949,37,W,21,18,1,0,10,2,2,"Q,A","10,8"
8a916687,paroli,8,50,949,999,50,W,16,26,0,0,4,2,4,"6,K","4,8,4,K"
8a916687,paroli,9,100,999,999,0,P,17,17,0,0,7,2,2,"7,Q","7,J"
8a916687,paroli,10,100,999,1099,100,W,19,17,0,0,3,2,5,"8,A","3,2,4,7,A"
8a916687,paroli,11,25,1099,1074,-25,L,23,12,0,0,K,4,2,"Q,4,A,8","K,2"
8a916687,paroli,12,25,1074,1049,-25,L,13,17,0,0,5,2,4,"3,J","5,5,6,A"
8a916687,paroli,13,25,1049,1074,25,W,19,22,0,0,2,2,4,"K,9","2,A,9,J"
8a916687,paroli,14,50,1074,1024,-50,L,22,20,0,0,10,3,2,"6,6,K","10,10"
8a916687,paroli,15,25,1024,999,-25,L,17,20,0,0,10,3,2,"4,9,4","10,Q"
8a916687,paroli,16,25,999,974,-25,L,22,12,0,0,7,4,2,"2,10,4,6","7,5"
8a916687,paroli,17,25,974,999,25,W,17,22,0,0,Q,4,3,"3,3,K,A","Q,2,K"
8a916687,paroli,18,50,999,1049,50,W,15,26,0,0,5,2,4,"5,J","5,8,3,Q"
e4368c0c,paroli,1,25,1000,975,-25,L,15,20,0,0,4,2,3,"5,K","4,A,5"
e4368c0c,paroli,2,25,975,950,-25,L,14,20,0,0,2,2,5,"4,10","2,5,2,7,4"
e4368c0c,paroli,3,25,950,975,25,W,19,24,0,0,J,2,4,"10,9","J,5,A,8"
e4368c0c,paroli,4,50,975,1050,75,W,21,15,1,0,A,2,2,"10,A","A,4"
e4368c0c,paroli,5,100,1050,950,-100,L,16,21,0,0,2,2,4,"9,7","2,7,5,7"
e4368c0c,paroli,6,25,950,975,25,W,20,19,0,0,9,2,2,"9,A","9,Q"
e4368c0c,paroli,7,50,975,925,-50,L,17,19,0,0,6,2,4,"9,8","6,4,3,6"
e4368c0c,paroli,8,25,925,950,25,W,19,17,0,0,J,3,2,"A,A,7","J,7"
e4368c0c,paroli,9,50,950,900,-50,L,17,19,0,0,9,3,2,"5,4,8","9,J"
e4368c0c,paroli,10,25,900,900,0,P,20,20,0,0,J,3,2,"4,J,6","J,Q"
e4368c0c,paroli,11,25,900,900,0,P,18,18,0,0,7,4,3,"9,3,2,4","7,4,7"
e4368c0c,paroli,12,25,900,925,25,W,18,17,0,0,5,3,3,"6,2,10","5,J,2"
e4368c0c,paroli,13,50,925,975,50,W,20,17,0,0,7,2,3,"J,Q","7,4,6"
e4368c0c,paroli,14,100,975,775,-200,L,13,17,0,0,2,3,3,"8,2,3","2,J,5"
e4368c0c,paroli,15,25,775,750,-25,L,23,16,0,0,J,3,2,"10,4,9","J,6"
e4368c0c,paroli,16,25,750,725,-25,L,16,18,0,0,3,3,3,"3,3,J","3,8,7"
e4368c0c,paroli,17,25,725,700,-25,L,12,18,0,0,6,2,3,"9,3","6,4,8"
e4368c0c,paroli,18,25,700,675,-25,L,17,18,0,0,7,2,2,"9,8","7,A"
ee2f63d9,paroli,1,25,1000,1025,25,W,20,17,0,0,Q,5,2,"J,2,2,2,4","Q,7"
ee2f63d9,paroli,2,50,1025,1075,50,W,19,26,0,0,10,2,4,"K,9","10,5,A,10"
ee2f63d9,paroli,3,100,1075,975,-100,L,17,18,0,0,7,2,2,"K,7","7,A"
ee2f63d9,paroli,4,25,975,1000,25,W,18,25,0,0,10,2,3,"Q,8","10,5,K"
ee2f63d9,paroli,5,50,1000,1050,50,W,14,23,0,0,5,2,3,"K,4","5,Q,8"
ee2f63d9,paroli,6,100,1050,1250,200,W,21,23,0,0,9,3,3,"3,8,Q","9,4,K"
ee2f63d9,paroli,7,25,1250,1275,25,W,12,26,0,0,5,2,4,"Q,2","5,A,J,Q"
ee2f63d9,paroli,8,50,1275,1175,-100,L,20,21,0,0,3,3,4,"3,7,K","3,4,9,5"
ee2f63d9,paroli,9,25,1175,1200,25,W,14,26,0,0,3,2,4,"6,8","3,J,3,K"
ee2f63d9,paroli,10,50,1200,1300,100,W,14,25,0,0,2,3,4,"7,3,4","2,9,4,Q"
ee2f63d9,paroli,11,100,1300,1300,0,P,19,19,0,0,A,3,2,"4,Q,5","A,8"
ee2f63d9,paroli,12,100,1300,1400,100,W,13,23,0,0,4,2,4,"Q,3","4,6,3,J"
ee2f63d9,paroli,13,25,1400,1425,25,W,20,18,0,0,Q,3,2,"6,Q,4","Q,8"
ee2f63d9,paroli,14,50,1425,1325,-100,L,17,18,0,0,4,3,3,"2,8,7","4,9,5"
ee2f63d9,paroli,15,25,1325,1300,-25,L,22,19,0,0,K,3,2,"8,7,7","K,9"
ee2f63d9,paroli,16,25,1300,1275,-25,L,25,13,0,0,Q,3,2,"7,8,10","Q,3"
ee2f63d9,paroli,17,25,1275,1300,25,W,21,26,0,0,7,3,5,"J,4,7","7,4,A,4,J"
ee2f63d9,paroli,18,50,1300,1350,50,W,20,18,0,0,9,2,2,"K,10","9,9"
b71fdd98,paroli,1,25,1000,975,-25,L,22,14,0,0,J,3,2,"8,4,10","J,4"
b71fdd98,paroli,2,25,975,1000,25,W,20,18,0,0,9,2,2,"10,K","9,9"
b71fdd98,paroli,3,50,1000,950,-50,L,22,19,0,0,K,3,2,"5,7,Q","K,9"
b71fdd98,paroli,4,25,950,975,25,W,20,19,0,0,4,2,3,"J,J","4,9,6"
b71fdd98,paroli,5,50,975,975,0,P,20,20,0,0,Q,2,2,"Q,Q","Q,J"
b71fdd98,paroli,6,50,975,975,0,P,17,17,0,0,7,2,2,"Q,7","7,J"
b71fdd98,paroli,7,50,975,975,0,P,21,21,0,0,5,3,3,"6,5,Q","5,J,6"
b71fdd98,paroli,8,50,975,1050,75,W,21,14,1,0,K,2,2,"A,Q","K,4"
b71fdd98,paroli,9,100,1050,1150,100,W,20,23,0,0,10,3,3,"2,8,K","10,6,7"
b71fdd98,paroli,10,25,1150,1125,-25,L,15,19,0,0,4,2,3,"8,7","4,6,9"
b71fdd98,paroli,11,25,1125,1100,-25,L,17,19,0,0,2,2,4,"7,Q","2,8,6,3"
b71fdd98,paroli,12,25,1100,1125,25,W,20,18,0,0,5,2,3,"10,10","5,3,10"
b71fdd98,paroli,13,50,1125,1175,50,W,19,25,0,0,K,2,4,"9,J","K,3,2,Q"
b71fdd98,paroli,14,100,1175,1075,-100,L,16,17,0,0,3,2,3,"7,9","3,Q,4"
b71fdd98,paroli,15,25,1075,1050,-25,L,22,20,0,0,K,6,2,"2,4,2,4,A,9","K,K"
b71fdd98,paroli,16,25,1050,1025,-25,L,25,20,0,0,Q,3,2,"J,5,10","Q,K"
b71fdd98,paroli,17,25,1025,1050,25,W,18,25,0,0,Q,2,3,"8,10","Q,5,Q"
b71fdd98,paroli,18,50,1050,1000,-50,L,19,21,0,1,Q,2,2,"9,J","Q,A"
040911a0,paroli,1,25,1000,975,-25,L,22,17,0,0,7,4,2,"4,J,2,6","7,J"
040911a0,paroli,2,25,975,950,-25,L,22,17,0,0,A,3,2,"4,8,K","A,6"
040911a0,paroli,3,25,950,975,25,W,13,26,0,0,6,2,3,"3,K","6,J,Q"
040911a0,paroli,4,50,975,975,0,P,18,18,0,0,K,3,2,"5,6,7","K,8"
040911a0,paroli,5,50,975,1025,50,W,19,23,0,0,10,2,3,"J,9","10,3,10"
040911a0,paroli,6,100,1025,925,-100,L,18,20,0,0,K,2,2,"10,8","K,K"
040911a0,paroli,7,25,925,900,-25,L,17,20,0,0,10,2,2,"7,10","10,K"
040911a0,paroli,8,25,900,875,-25,L,16,19,0,0,4,2,3,"6,J","4,5,K"
040911a0,paroli,9,25,875,850,-25,L,18,21,0,1,A,2,2,"A,7","A,K"
040911a0,paroli,10,25,850,825,-25,L,19,21,0,0,K,3,4,"10,5,4","K,4,A,6"
040911a0,paroli,11,25,825,800,-25,L,20,21,0,0,2,2,4,"K,J","2,3,K,6"
040911a0,paroli,12,25,800,775,-25,L,18,19,0,0,6,2,4,"A,7","6,2,2,9"
040911a0,paroli,13,25,775,800,25,W,18,24,0,0,Q,2,3,"A,7","Q,4,10"
040911a0,paroli,14,50,800,850,50,W,19,22,0,0,2,2,3,"9,K","2,10,Q"
040911a0,paroli,15,100,850,950,100,W,21,19,0,0,9,4,2,"5,2,3,A","9,10"
040911a0,paroli,16,25,950,925,-25,L,26,17,0,0,9,3,2,"10,6,10","9,8"
040911a0,paroli,17,25,925,925,0,P,20,20,0,0,7,2,4,"K,K","7,5,3,5"
040911a0,paroli,18,25,925,950,25,W,16,23,0,0,5,2,3,"6,Q","5,Q,8"
9c87ff18,paroli,1,25,1000,1025,25,W,20,25,0,0,5,2,3,"Q,J","5,Q,J"
9c87ff18,paroli,2,50,1025,975,-50,L,14,21,0,1,A,2,2,"A,3","A,Q"
9c87ff18,paroli,3,25,975,950,-25,L,13,21,0,1,Q,2,2,"3,K","Q,A"
9c87ff18,paroli,4,25,950,975,25,W,19,17,0,0,3,2,3,"A,8","3,J,4"
9c87ff18,paroli,5,50,975,925,-50,L,14,17,0,0,2,2,3,"4,Q","2,5,Q"
9c87ff18,paroli,6,25,925,950,25,W,18,22,0,0,9,3,3,"6,7,5","9,7,6"
9c87ff18,paroli,7,50,950,1000,50,W,19,26,0,0,Q,2,4,"Q,9","Q,2,4,10"
9c87ff18,paroli,8,100,1000,1150,150,W,21,20,1,0,J,2,2,"A,Q","J,J"
9c87ff18,paroli,9,25,1150,1200,50,W,17,22,0,0,6,3,3,"6,3,8","6,6,Q"
9c87ff18,paroli,10,50,1200,1150,-50,L,15,19,0,0,5,2,3,"J,5","5,9,5"
9c87ff18,paroli,11,25,1150,1125,-25,L,12,21,0,0,6,2,3,"J,2","6,7,8"
9c87ff18,paroli,12,25,1125,1100,-25,L,17,19,0,0,9,2,2,"7,Q","9,Q"
9c87ff18,paroli,13,25,1100,1075,-25,L,24,20,0,0,10,4,2,"5,3,6,K","10,10"
9c87ff18,paroli,14,25,1075,1050,-25,L,18,20,0,0,9,2,2,"9,9","9,A"
9c87ff18,paroli,15,25,1050,1050,0,P,20,20,0,0,J,3,2,"10,6,4","J,K"
9c87ff18,paroli,16,25,1050,1050,0,P,19,19,0,0,8,2,2,"9,K","8,A"
9c87ff18,paroli,17,25,1050,1075,25,W,17,25,0,0,6,2,3,"10,7","6,9,10"
9c87ff18,paroli,18,50,1075,1025,-50,L,18,20,0,0,7,3,3,"K,2,6","7,8,5"
b06fed1b,paroli,1,25,1000,975,-25,L,22,15,0,0,J,3,2,"8,7,7","J,5"
b06fed1b,paroli,2,25,975,950,-25,L,17,20,0,0,9,4,2,"5,A,K,A","9,A"
b06fed1b,paroli,3,25,950,975,25,W,17,23,0,0,9,3,4,"Q,6,A","9,3,A,J"
b06fed1b,paroli,4,50,975,925,-50,L,12,17,0,0,4,2,3,"2,K","4,10,3"
b06fed1b,paroli,5,25,925,950,25,W,13,22,0,0,3,2,4,"3,J","3,10,3,6"
b06fed1b,paroli,6,50,950,1025,75,W,21,17,1,0,A,2,2,"Q,A","A,6"
b06fed1b,paroli,7,100,1025,1125,100,W,21,24,0,0,7,3,3,"4,9,8","7,7,Q"
b06fed1b,paroli,8,25,1125,1150,25,W,20,22,0,0,7,2,3,"K,Q","7,5,J"
b06fed1b,paroli,9,50,1150,1250,100,W,14,22,0,0,4,3,3,"3,8,3","4,10,8"
b06fed1b,paroli,10,100,1250,1350,100,W,18,17,0,0,3,2,3,"8,J","3,9,5"
b06fed1b,paroli,11,25,1350,1375,25,W,17,26,0,0,9,3,4,"6,6,5","9,3,4,J"
b06fed1b,paroli,12,50,1375,1325,-50,L,17,20,0,0,A,4,2,"2,A,2,2","A,9"
b06fed1b,paroli,13,25,1325,1350,25,W,13,22,0,0,5,2,3,"8,5","5,7,10"
b06fed1b,paroli,14,50,1350,1450,100,W,20,22,0,0,4,3,3,"2,8,K","4,8,K"
b06fed1b,paroli,15,100,1450,1550,100,W,19,24,0,0,10,3,4,"8,7,4","10,4,A,9"
b06fed1b,paroli,16,25,1550,1525,-25,L,17,20,0,0,10,2,3,"7,J","10,6,4"
b06fed1b,paroli,17,25,1525,1500,-25,L,18,19,0,0,4,2,3,"Q,8","4,5,Q"
b06fed1b,paroli,18,25,1500,1475,-25,L,26,20,0,0,J,3,2,"Q,6,J","J,J"
ebe296da,paroli,1,25,1000,975,-25,L,19,20,0,0,Q,3,2,"7,2,J","Q,K"
ebe296da,paroli,2,25,975,1000,25,W,19,17,0,0,J,3,3,"J,6,3","J,6,A"
ebe296da,paroli,3,50,1000,950,-50,L,15,18,0,0,3,3,3,"3,2,Q","3,7,8"
ebe296da,paroli,4,25,950,925,-25,L,13,19,0,0,6,3,3,"4,4,5","6,3,J"
ebe296da,paroli,5,25,925,950,25,W,20,19,0,0,Q,2,2,"9,A","Q,9"
ebe296da,paroli,6,50,950,900,-50,L,18,19,0,0,2,2,4,"8,K","2,2,5,K"
ebe296da,paroli,7,25,900,875,-25,L,25,20,0,0,9,3,2,"10,5,J","9,A"
ebe296da,paroli,8,25,875,850,-25,L,20,21,0,0,7,2,4,"Q,K","7,4,5,5"
ebe296da,paroli,9,25,850,875,25,W,19,17,0,0,7,3,2,"2,6,A","7,10"
ebe296da,paroli,10,50,875,825,-50,L,19,20,0,0,10,3,2,"2,10,7","10,J"
ebe296da,paroli,11,25,825,850,25,W,21,19,0,0,10,4,2,"A,A,2,7","10,9"
ebe296da,paroli,12,50,850,800,-50,L,19,21,0,0,8,2,3,"9,Q","8,5,8"
ebe296da,paroli,13,25,800,800,0,P,18,18,0,0,8,2,3,"8,Q","8,6,4"
ebe296da,paroli,14,25,800,775,-25,L,17,19,0,0,8,3,2,"3,9,5","8,A"
ebe296da,paroli,15,25,775,800,25,W,16,24,0,0,4,2,3,"9,7","4,Q,J"
ebe296da,paroli,16,50,800,750,-50,L,23,18,0,0,7,3,2,"9,4,K","7,A"
ebe296da,paroli,17,25,750,725,-25,L,22,19,0,0,10,3,2,"9,3,10","10,9"
ebe296da,paroli,18,25,725,700,-25,L,18,20,0,0,K,2,2,"8,K","K,Q"
3fae89e9,paroli,1,25,1000,1025,25,W,20,19,0,0,3,2,4,"K,K","3,3,K,3"
3fae89e9,paroli,2,50,1025,975,-50,L,11,21,0,1,10,2,2,"3,8","10,A"
3fae89e9,paroli,3,25,975,1000,25,W,19,25,0,0,5,2,3,"9,K","5,Q,Q"
3fae89e9,paroli,4,50,1000,1100,100,W,21,20,0,0,J,3,2,"4,7,K","J,J"
3fae89e9,paroli,5,100,1100,1000,-100,L,13,21,0,0,6,2,4,"6,7","6,3,2,10"
3fae89e9,paroli,6,25,1000,975,-25,L,12,17,0,0,4,2,3,"2,K","4,2,A"
3fae89e9,paroli,7,25,975,925,-50,L,15,19,0,0,6,3,4,"3,6,6","6,8,A,4"
3fae89e9,paroli,8,25,925,950,25,W,12,24,0,0,4,2,3,"A,A","4,Q,K"
3fae89e9,paroli,9,50,950,900,-50,L,18,20,0,0,J,3,2,"7,8,3","J,Q"
3fae89e9,paroli,10,25,900,875,-25,L,22,13,0,0,K,3,2,"8,5,9","K,3"
3fae89e9,paroli,11,25,875,925,50,W,20,18,0,0,2,3,3,"7,3,K","2,6,J"
3fae89e9,paroli,12,50,925,875,-50,L,26,20,0,0,10,3,2,"K,6,Q","10,K"
3fae89e9,paroli,13,25,875,850,-25,L,25,11,0,0,9,3,2,"10,5,Q","9,2"
3fae89e9,paroli,14,25,850,825,-25,L,22,18,0,0,A,3,2,"2,Q,J","A,7"
3fae89e9,paroli,15,25,825,800,-25,L,24,19,0,0,J,4,2,"3,J,A,J","J,9"
3fae89e9,paroli,16,25,800,825,25,W,19,18,0,0,7,3,3,"Q,5,4","7,6,5"
3fae89e9,paroli,17,50,825,775,-50,L,13,21,0,0,5,2,3,"J,3","5,Q,6"
3fae89e9,paroli,18,25,775,775,0,P,19,19,0,0,K,4,2,"2,6,3,8","K,9"
e6070f40,paroli,1,25,1000,1000,0,P,20,20,0,0,J,2,2,"A,9","J,J"
e6070f40,paroli,2,25,1000,1025,25,W,13,24,0,0,3,2,4,"9,4","3,9,4,8"
e6070f40,paroli,3,50,1025,1075,50,W,14,24,0,0,5,2,3,"6,8","5,Q,9"
e6070f40,paroli,4,100,1075,975,-100,L,25,16,0,0,9,3,2,"K,5,10","9,7"
e6070f40,paroli,5,25,975,1000,25,W,20,18,0,0,7,3,3,"7,2,A","7,3,8"
e6070f40,paroli,6,50,1000,1050,50,W,14,26,0,0,4,2,4,"10,4","4,10,2,K"
e6070f40,paroli,7,100,1050,950,-100,L,17,21,0,0,K,2,3,"10,7","K,3,8"
e6070f40,paroli,8,25,950,925,-25,L,23,12,0,0,J,3,2,"9,5,9","J,2"
e6070f40,paroli,9,25,925,900,-25,L,25,20,0,0,10,5,2,"5,7,A,3,9","10,K"
e6070f40,paroli,10,25,900,875,-25,L,19,20,0,0,J,3,2,"4,K,5","J,10"
e6070f40,paroli,11,25,875,900,25,W,19,17,0,0,10,3,2,"3,10,6","10,7"
e6070f40,paroli,12,50,900,850,-50,L,22,9,0,0,2,3,2,"4,8,10","2,7"
e6070f40,paroli,13,25,850,825,-25,L,24,17,0,0,9,3,2,"Q,6,8","9,8"
e6070f40,paroli,14,25,825,800,-25,L,26,17,0,0,7,3,2,"8,8,Q","7,10"
e6070f40,paroli,15,25,800,775,-25,L,14,21,0,0,5,3,3,"2,5,7","5,6,J"
e6070f40,paroli,16,25,775,800,25,W,20,17,0,0,2,2,6,"10,Q","2,5,6,A,2,A"
e6070f40,paroli,17,50,800,750,-50,L,22,19,0,0,9,4,2,"2,5,8,7","9,J"
e6070f40,paroli,18,25,750,775,25,W,20,17,0,0,Q,2,2,"Q,10","Q,7"
36f04d7d,paroli,1,25,1000,1025,25,W,14,22,0,0,5,2,3,"4,J","5,J,7"
36f04d7d,paroli,2,50,1025,975,-50,L,17,18,0,0,7,4,3,"5,A,10,A","7,6,5"
36f04d7d,paroli,3,25,975,950,-25,L,20,21,0,1,A,2,2,"Q,Q","A,K"
36f04d7d,paroli,4,25,950,950,0,P,20,20,0,0,5,2,3,"K,K","5,6,9"
36f04d7d,paroli,5,25,950,975,25,W,17,22,0,0,Q,3,3,"6,3,8","Q,2,J"
36f04d7d,paroli,6,50,975,1025,50,W,19,24,0,0,4,2,3,"K,9","4,10,10"
36f04d7d,paroli,7,100,1025,1125,100,W,20,18,0,0,J,2,3,"J,K","J,2,6"
36f04d7d,paroli,8,25,1125,1125,0,P,17,17,0,0,4,2,4,"7,J","4,6,6,A"
36f04d7d,paroli,9,25,1125,1150,25,W,15,23,0,0,5,2,3,"5,10","5,8,10"
36f04d7d,paroli,10,50,1150,1100,-50,L,6,21,0,1,Q,2,2,"3,3","Q,A"
36f04d7d,paroli,11,25,1100,1125,25,W,14,23,0,0,4,2,5,"6,8","4,2,9,A,7"
36f04d7d,paroli,12,50,1125,1175,50,W,20,19,0,0,9,3,2,"5,K,5","9,K"
36f04d7d,paroli,13,100,1175,1075,-100,L,19,20,0,0,4,2,3,"9,J","4,K,6"
36f04d7d,paroli,14,25,1075,1075,0,P,19,19,0,0,A,3,2,"3,A,5","A,8"
36f04d7d,paroli,15,25,1075,1112,37,W,21,20,1,0,J,2,2,"K,A","J,J"
36f04d7d,paroli,16,50,1112,1062,-50,L,24,18,0,0,J,3,2,"Q,4,K","J,8"
36f04d7d,paroli,17,25,1062,1037,-25,L,16,19,0,0,6,2,3,"10,6","6,3,K"
36f04d7d,paroli,18,25,1037,1037,0,P,17,17,0,0,J,2,2,"7,Q","J,7"
747633fd,paroli,1,25,1000,1025,25,W,17,22,0,0,6,2,3,"A,6","6,9,7"
747633fd,paroli,2,50,1025,1075,50,W,20,26,0,0,8,4,3,"3,4,3,K","8,8,J"
747633fd,paroli,3,100,1075,1225,150,W,21,15,1,0,10,2,2,"10,A","10,5"
747633fd,paroli,4,25,1225,1225,0,P,19,19,0,0,2,2,4,"9,K","2,K,3,4"
747633fd,paroli,5,25,1225,1200,-25,L,9,21,0,1,A,2,2,"4,5","A,10"
747633fd,paroli,6,25,1200,1225,25,W,19,25,0,0,8,3,5,"J,4,5","8,5,A,A,Q"
747633fd,paroli,7,50,1225,1275,50,W,17,24,0,0,6,2,3,"7,10","6,8,K"
747633fd,paroli,8,100,1275,1175,-100,L,22,17,0,0,K,3,2,"6,Q,6","K,7"
747633fd,paroli,9,25,1175,1150,-25,L,24,12,0,0,A,4,2,"5,9,2,8","A,A"
747633fd,paroli,10,25,1150,1175,25,W,19,18,0,0,8,3,2,"6,K,3","8,10"
747633fd,paroli,11,50,1175,1275,100,W,21,18,0,0,6,3,3,"4,7,J","6,2,Q"
747633fd,paroli,12,100,1275,1375,100,W,12,26,0,0,6,2,3,"2,J","6,J,Q"
747633fd,paroli,13,25,1375,1400,25,W,19,18,0,0,8,3,2,"3,Q,6","8,J"
747633fd,paroli,14,50,1400,1400,0,P,20,20,0,0,J,4,2,"2,5,6,7","J,10"
747633fd,paroli,15,50,1400,1450,50,W,18,24,0,0,10,4,3,"2,K,4,2","10,5,9"
747633fd,paroli,16,100,1450,1650,200,W,18,17,0,0,J,3,3,"8,3,7","J,6,A"
747633fd,paroli,17,25,1650,1625,-25,L,18,19,0,0,10,4,2,"3,5,8,2","10,9"
747633fd,paroli,18,25,1625,1650,25,W,18,17,0,0,7,3,2,"4,10,4","7,K"
1d6dd396,paroli,1,25,1000,975,-25,L,8,21,0,1,Q,2,2,"3,5","Q,A"
1d6dd396,paroli,2,25,975,950,-25,L,17,19,0,0,3,2,3,"7,K","3,5,A"
1d6dd396,paroli,3,25,950,975,25,W,16,23,0,0,6,2,3,"9,7","6,J,7"
1d6dd396,paroli,4,50,975,1025,50,W,17,25,0,0,7,2,3,"7,Q","7,8,J"
1d6dd396,paroli,5,100,1025,1125,100,W,20,17,0,0,Q,2,2,"10,Q","Q,7"
1d6dd396,paroli,6,25,1125,1075,-50,L,14,19,0,0,7,3,5,"3,7,4","7,4,3,A,4"
1d6dd396,paroli,7,25,1075,1050,-25,L,15,20,0,0,5,2,3,"J,5","5,7,8"
1d6dd396,paroli,8,25,1050,1075,25,W,20,18,0,0,2,2,3,"K,J","2,10,6"
1d6dd396,paroli,9,50,1075,1025,-50,L,8,21,0,1,Q,2,2,"6,2","Q,A"
1d6dd396,paroli,10,25,1025,1000,-25,L,25,16,0,0,K,4,2,"5,2,8,10","K,6"
1d6dd396,paroli,11,25,1000,975,-25,L,18,19,0,0,9,3,2,"3,10,5","9,Q"
1d6dd396,paroli,12,25,975,950,-25,L,15,21,0,0,6,2,3,"10,5","6,10,5"
1d6dd396,paroli,13,25,950,900,-50,L,13,17,0,0,K,3,2,"2,9,2","K,7"
1d6dd396,paroli,14,25,900,875,-25,L,17,19,0,0,7,2,3,"6,A","7,3,9"
1d6dd396,paroli,15,25,875,900,25,W,20,17,0,0,7,2,2,"J,Q","7,Q"
1d6dd396,paroli,16,50,900,950,50,W,19,18,0,0,4,2,3,"8,A","4,5,9"
1d6dd396,paroli,17,100,950,1050,100,W,20,17,0,0,A,5,2,"9,3,2,2,4","A,6"
1d6dd396,paroli,18,25,1050,1025,-25,L,22,13,0,0,J,3,2,"6,6,10","J,3"
1d6da1ea,paroli,1,25,1000,975,-25,L,18,21,0,0,K,3,3,"A,3,4","K,6,5"
1d6da1ea,paroli,2,25,975,950,-25,L,17,20,0,0,J,2,2,"7,J","J,J"
1d6da1ea,paroli,3,25,950,975,25,W,14,22,0,0,2,2,3,"4,10","2,J,J"
1d6da1ea,paroli,4,50,975,1025,50,W,20,17,0,0,7,4,2,"3,3,4,K","7,10"
1d6da1ea,paroli,5,100,1025,925,-100,L,22,17,0,0,9,5,2,"3,2,A,6,10","9,8"
1d6da1ea,paroli,6,25,925,950,25,W,17,25,0,0,6,2,3,"7,Q","6,9,Q"
1d6da1ea,paroli,7,50,950,900,-50,L,13,20,0,0,2,2,3,"2,A","2,9,9"
1d6da1ea,paroli,8,25,900,875,-25,L,17,18,0,0,10,2,2,"7,J","10,8"
1d6da1ea,paroli,9,25,875,825,-50,L,13,18,0,0,2,3,4,"5,6,2","2,K,4,2"
1d6da1ea,paroli,10,25,825,850,25,W,13,23,0,0,3,2,3,"5,8","3,Q,K"
1d6da1ea,paroli,11,50,850,925,75,W,21,20,1,0,Q,2,2,"A,10","Q,J"
1d6da1ea,paroli,12,100,925,925,0,P,20,20,0,0,4,2,3,"10,K","4,6,Q"
1d6da1ea,paroli,13,100,925,925,0,P,18,18,0,0,8,3,2,"6,7,5","8,K"
1d6da1ea,paroli,14,100,925,825,-100,L,23,19,0,0,Q,4,2,"4,5,4,Q","Q,9"
1d6da1ea,paroli,15,25,825,800,-25,L,18,20,0,0,K,3,2,"5,5,8","K,J"
1d6da1ea,paroli,16,25,800,825,25,W,13,22,0,0,4,2,5,"2,A","4,A,10,A,6"
1d6da1ea,paroli,17,50,825,925,100,W,13,22,0,0,3,3,3,"4,7,2","3,Q,9"
1d6da1ea,paroli,18,100,925,825,-100,L,23,14,0,0,J,3,2,"5,Q,8","J,4"
ea00cd9f,paroli,1,25,1000,975,-25,L,12,17,0,0,6,2,3,"10,2","6,Q,A"
ea00cd9f,paroli,2,25,975,1000,25,W,19,17,0,0,9,4,2,"2,4,4,9","9,8"
ea00cd9f,paroli,3,50,1000,950,-50,L,14,17,0,0,5,2,3,"8,6","5,7,5"
ea00cd9f,paroli,4,25,950,925,-25,L,19,20,0,0,10,2,3,"10,9","10,5,5"
ea00cd9f,paroli,5,25,925,950,25,W,19,24,0,0,Q,4,3,"3,2,K,4","Q,4,Q"
ea00cd9f,paroli,6,50,950,900,-50,L,23,17,0,0,7,3,2,"7,6,Q","7,J"
ea00cd9f,paroli,7,25,900,900,0,P,19,19,0,0,5,3,3,"6,3,Q","5,J,4"
ea00cd9f,paroli,8,25,900,875,-25,L,17,18,0,0,7,3,2,"5,10,2","7,A"
ea00cd9f,paroli,9,25,875,850,-25,L,22,13,0,0,9,3,2,"2,J,Q","9,4"
ea00cd9f,paroli,10,25,850,875,25,W,18,24,0,0,7,2,3,"10,8","7,7,10"
ea00cd9f,paroli,11,50,875,825,-50,L,18,21,0,0,Q,2,4,"8,10","Q,5,A,5"
ea00cd9f,paroli,12,25,825,800,-25,L,14,18,0,0,4,2,3,"4,K","4,K,4"
ea00cd9f,paroli,13,25,800,775,-25,L,23,19,0,0,9,3,2,"3,10,K","9,J"
ea00cd9f,paroli,14,25,775,800,25,W,20,18,0,0,3,2,3,"Q,10","3,5,K"
ea00cd9f,paroli,15,50,800,750,-50,L,17,21,0,0,4,2,4,"Q,7","4,3,7,7"
ea00cd9f,paroli,16,25,750,725,-25,L,22,19,0,0,8,3,2,"K,3,9","8,A"
ea00cd9f,paroli,17,25,725,750,25,W,20,18,0,0,2,2,4,"K,K","2,2,7,7"
ea00cd9f,paroli,18,50,750,750,0,P,18,18,0,0,9,3,2,"3,6,9","9,9"
5c8fb2c1,paroli,1,25,1000,1025,25,W,20,22,0,0,Q,2,3,"A,9","Q,2,K"
5c8fb2c1,paroli,2,50,1025,1125,100,W,20,17,0,0,4,3,3,"5,5,K","4,A,2"
5c8fb2c1,paroli,3,100,1125,925,-200,L,12,17,0,0,6,3,3,"3,7,2","6,9,2"
5c8fb2c1,paroli,4,25,925,900,-25,L,15,21,0,0,2,2,3,"5,J","2,9,Q"
5c8fb2c1,paroli,5,25,900,875,-25,L,17,19,0,0,10,2,2,"8,9","10,9"
5c8fb2c1,paroli,6,25,875,850,-25,L,22,18,0,0,K,3,2,"5,K,7","K,8"
5c8fb2c1,paroli,7,25,850,825,-25,L,22,18,0,0,K,3,2,"2,10,Q","K,8"
5c8fb2c1,paroli,8,25,825,800,-25,L,17,18,0,0,9,2,3,"10,7","9,2,7"
5c8fb2c1,paroli,9,25,800,775,-25,L,23,18,0,0,8,3,2,"3,10,J","8,K"
5c8fb2c1,paroli,10,25,775,750,-25,L,24,20,0,0,J,3,2,"6,Q,8","J,J"
5c8fb2c1,paroli,11,25,750,725,-25,L,14,17,0,0,3,2,3,"4,Q","3,3,A"
5c8fb2c1,paroli,12,25,725,700,-25,L,24,16,0,0,10,3,2,"5,Q,9","10,6"
5c8fb2c1,paroli,13,25,700,725,25,W,18,25,0,0,J,2,3,"K,8","J,5,J"
5c8fb2c1,paroli,14,50,725,775,50,W,20,22,0,0,Q,2,4,"Q,10","Q,2,2,8"
5c8fb2c1,paroli,15,100,775,675,-100,L,17,20,0,0,K,3,2,"4,3,10","K,10"
5c8fb2c1,paroli,16,25,675,650,-25,L,17,19,0,0,9,3,2,"2,Q,5","9,J"
5c8fb2c1,paroli,17,25,650,625,-25,L,17,19,0,0,10,2,2,"J,7","10,9"
5c8fb2c1,paroli,18,25,625,650,25,W,20,18,0,0,6,2,5,"K,10","6,2,4,A,5"
898a14d4,paroli,1,25,1000,975,-25,L,17,20,0,0,Q,3,2,"5,7,5","Q,Q"
898a14d4,paroli,2,25,975,1025,50,W,21,20,0,0,2,3,3,"4,7,J","2,Q,8"
898a14d4,paroli,3,50,1025,975,-50,L,23,12,0,0,J,4,2,"10,4,A,8","J,2"
898a14d4,paroli,4,25,975,1000,25,W,13,23,0,0,5,3,3,"6,2,5","5,9,9"
898a14d4,paroli,5,50,1000,950,-50,L,13,19,0,0,3,2,4,"3,K","3,3,3,K"
898a14d4,paroli,6,25,950,925,-25,L,23,13,0,0,7,3,2,"3,J,J","7,6"
898a14d4,paroli,7,25,925,950,25,W,20,17,0,0,10,2,3,"Q,10","10,5,2"
898a14d4,paroli,8,50,950,1000,50,W,19,17,0,0,10,2,3,"Q,9","10,3,4"
898a14d4,paroli,9,100,1000,1100,100,W,18,17,0,0,10,3,2,"6,10,2","10,7"
898a14d4,paroli,10,25,1100,1150,50,W,21,19,0,0,5,3,5,"3,8,Q","5,6,2,2,4"
898a14d4,paroli,11,50,1150,1150,0,P,20,20,0,0,K,4,3,"5,2,3,J","K,4,6"
898a14d4,paroli,12,50,1150,1200,50,W,14,24,0,0,2,2,4,"4,Q","2,9,3,Q"
898a14d4,paroli,13,100,1200,1300,100,W,19,26,0,0,9,2,4,"J,9","9,2,5,10"
898a14d4,paroli,14,25,1300,1275,-25,L,26,19,0,0,9,3,2,"9,7,K","9,Q"
898a14d4,paroli,15,25,1275,1250,-25,L,24,18,0,0,8,3,2,"4,J,J","8,J"
898a14d4,paroli,16,25,1250,1287,37,W,21,7,1,0,4,2,2,"10,A","4,3"
898a14d4,paroli,17,50,1287,1237,-50,L,24,18,0,0,7,4,2,"4,10,2,8","7,A"
898a14d4,paroli,18,25,1237,1262,25,W,12,25,0,0,5,2,3,"K,2","5,K,Q"
4e4e658e,paroli,1,25,1000,1025,25,W,20,18,0,0,2,2,3,"K,Q","2,7,9"
4e4e658e,paroli,2,50,1025,1075,50,W,19,23,0,0,K,4,3,"3,4,8,4","K,3,10"
4e4e658e,paroli,3,100,1075,975,-100,L,19,21,0,0,9,3,3,"3,A,5","9,2,Q"
4e4e658e,paroli,4,25,975,950,-25,L,19,20,0,0,Q,5,2,"3,K,A,2,3","Q,K"
4e4e658e,paroli,5,25,950,925,-25,L,16,17,0,0,4,2,3,"A,5","4,2,A"
4e4e658e,paroli,6,25,925,925,0,P,20,20,0,0,2,2,4,"Q,K","2,7,5,6"
4e4e658e,paroli,7,25,925,900,-25,L,24,20,0,0,J,3,2,"7,7,K","J,K"
4e4e658e,paroli,8,25,900,875,-25,L,22,18,0,0,8,3,2,"K,6,6","8,K"
4e4e658e,paroli,9,25,875,900,25,W,19,18,0,0,3,2,4,"J,9","3,4,7,4"
4e4e658e,paroli,10,50,900,850,-50,L,15,21,0,1,J,2,2,"5,J","J,A"
4e4e658e,paroli,11,25,850,850,0,P,17,17,0,0,8,2,4,"7,J","8,5,A,3"
4e4e658e,paroli,12,25,850,825,-25,L,24,16,0,0,10,3,2,"4,10,10","10,6"
4e4e658e,paroli,13,25,825,825,0,P,19,19,0,0,9,3,2,"2,7,J","9,Q"
4e4e658e,paroli,14,25,825,862,37,W,21,14,1,0,J,2,2,"A,K","J,4"
4e4e658e,paroli,15,50,862,912,50,W,13,23,0,0,6,2,3,"2,A","6,7,10"
4e4e658e,paroli,16,100,912,812,-100,L,19,21,0,1,J,2,2,"8,A","J,A"
4e4e658e,paroli,17,25,812,837,25,W,18,26,0,0,8,2,4,"10,8","8,4,4,K"
4e4e658e,paroli,18,50,837,787,-50,L,15,19,0,0,5,2,4,"J,5","5,A,7,6"
6c202ea1,paroli,1,25,1000,1025,25,W,20,23,0,0,K,2,3,"J,K","K,3,J"
6c202ea1,paroli,2,50,1025,1075,50,W,15,23,0,0,3,2,3,"5,Q","3,K,Q"
6c202ea1,paroli,3,100,1075,1275,200,W,15,23,0,0,4,3,3,"5,5,5","4,9,10"
6c202ea1,paroli,4,25,1275,1250,-25,L,12,18,0,0,4,2,3,"7,5","4,6,8"
6c202ea1,paroli,5,25,1250,1275,25,W,18,17,0,0,7,4,2,"5,3,4,6","7,Q"
6c202ea1,paroli,6,50,1275,1325,50,W,19,17,0,0,4,2,5,"Q,9","4,4,4,3,2"
6c202ea1,paroli,7,100,1325,1225,-100,L,13,20,0,0,4,2,3,"5,8","4,7,9"
6c202ea1,paroli,8,25,1225,1200,-25,L,18,21,0,0,10,3,3,"6,3,9","10,3,8"
6c202ea1,paroli,9,25,1200,1237,37,W,21,16,1,0,8,2,2,"A,Q","8,8"
6c202ea1,paroli,10,50,1237,1312,75,W,21,4,1,0,2,2,2,"J,A","2,2"
6c202ea1,paroli,11,100,1312,1412,100,W,17,25,0,0,K,3,4,"3,Q,4","K,4,A,K"
6c202ea1,paroli,12,25,1412,1437,25,W,17,25,0,0,2,2,4,"K,7","2,3,K,J"
6c202ea1,paroli,13,50,1437,1487,50,W,20,19,0,0,9,2,2,"K,K","9,J"
6c202ea1,paroli,14,100,1487,1487,0,P,17,17,0,0,6,2,2,"J,7","6,A"
6c202ea1,paroli,15,100,1487,1387,-100,L,18,20,0,0,J,2,2,"Q,8","J,10"
6c202ea1,paroli,16,25,1387,1424,37,W,21,14,1,0,K,2,2,"A,K","K,4"
6c202ea1,paroli,17,50,1424,1474,50,W,19,25,0,0,9,3,4,"A,4,4","9,5,A,K"
6c202ea1,paroli,18,100,1474,1374,-100,L,22,17,0,0,K,3,2,"Q,2,10","K,7"
ac4486b3,paroli,1,25,1000,1037,37,W,21,5,1,0,2,2,2,"K,A","2,3"
ac4486b3,paroli,2,50,1037,987,-50,L,22,19,0,0,J,3,2,"4,8,Q","J,9"
ac4486b3,paroli,3,25,987,1012,25,W,18,17,0,0,9,2,3,"A,7","9,2,6"
ac4486b3,paroli,4,50,1012,962,-50,L,17,18,0,0,8,2,2,"J,7","8,K"
ac4486b3,paroli,5,25,962,987,25,W,20,25,0,0,5,2,3,"10,J","5,J,Q"
ac4486b3,paroli,6,50,987,937,-50,L,17,21,0,0,4,2,4,"7,Q","4,3,4,K"
ac4486b3,paroli,7,25,937,912,-25,L,26,20,0,0,Q,4,2,"7,6,3,K","Q,10"
ac4486b3,paroli,8,25,912,937,25,W,20,22,0,0,5,2,3,"10,J","5,7,K"
ac4486b3,paroli,9,50,937,937,0,P,18,18,0,0,8,3,2,"4,3,A","8,Q"
ac4486b3,paroli,10,50,937,1012,75,W,21,13,1,0,10,2,2,"A,K","10,3"
ac4486b3,paroli,11,100,1012,912,-100,L,24,12,0,0,Q,4,2,"2,4,9,9","Q,2"
ac4486b3,paroli,12,25,912,912,0,P,20,20,0,0,2,2,4,"J,10","2,J,A,7"
ac4486b3,paroli,13,25,912,937,25,W,19,22,0,0,8,4,4,"4,5,4,6","8,3,A,J"
ac4486b3,paroli,14,50,937,987,50,W,20,17,0,0,8,2,2,"Q,K","8,9"
ac4486b3,paroli,15,100,987,787,-200,L,18,21,0,0,3,3,3,"4,7,7","3,A,7"
ac4486b3,paroli,16,25,787,837,50,W,16,25,0,0,5,3,3,"8,2,6","5,J,10"
ac4486b3,paroli,17,50,837,787,-50,L,26,18,0,0,9,5,2,"4,A,A,K,K","9,9"
ac4486b3,paroli,18,25,787,824,37,W,21,11,1,0,7,2,2,"A,Q","7,4"
45502485,paroli,1,25,1000,975,-25,L,22,18,0,0,8,3,2,"K,2,10","8,10"
45502485,paroli,2,25,975,950,-25,L,15,21,0,0,2,2,4,"J,5","2,6,8,5"
45502485,paroli,3,25,950,925,-25,L,15,17,0,0,6,2,2,"9,6","6,A"
45502485,paroli,4,25,925,950,25,W,17,25,0,0,6,2,3,"Q,7","6,Q,9"
45502485,paroli,5,50,950,1025,75,W,21,7,1,0,2,2,2,"A,J","2,5"
45502485,paroli,6,100,1025,1125,100,W,19,22,0,0,10,4,3,"3,7,2,7","10,2,K"
45502485,paroli,7,25,1125,1150,25,W,19,22,0,0,7,3,3,"4,K,5","7,5,J"
45502485,paroli,8,50,1150,1100,-50,L,17,19,0,0,9,4,2,"6,2,6,3","9,10"
45502485,paroli,9,25,1100,1150,50,W,21,19,0,0,J,3,4,"8,3,K","J,2,2,5"
45502485,paroli,10,50,1150,1100,-50,L,26,13,0,0,Q,3,2,"10,6,Q","Q,3"
45502485,paroli,11,25,1100,1100,0,P,20,20,0,0,Q,3,2,"5,5,Q","Q,Q"
45502485,paroli,12,25,1100,1137,37,W,21,20,1,0,10,2,2,"J,A","10,10"
45502485,paroli,13,50,1137,1087,-50,L,14,21,0,0,6,2,3,"9,5","6,5,K"
45502485,paroli,14,25,1087,1062,-25,L,24,20,0,0,Q,4,2,"Q,3,A,K","Q,Q"
45502485,paroli,15,25,1062,1087,25,W,21,18,0,0,7,3,3,"3,Q,8","7,3,8"
45502485,paroli,16,50,1087,1162,75,W,21,13,1,0,J,2,2,"A,K","J,3"
45502485,paroli,17,100,1162,1062,-100,L,17,18,0,0,8,4,2,"2,5,3,7","8,J"
45502485,paroli,18,25,1062,1037,-25,L,25,17,0,0,7,4,2,"3,9,3,10","7,J"
df72a9a8,paroli,1,25,1000,1025,25,W,21,17,0,0,J,3,2,"2,J,9","J,7"
df72a9a8,paroli,2,50,1025,1075,50,W,15,26,0,0,3,2,4,"9,6","3,J,3,10"
df72a9a8,paroli,3,100,1075,975,-100,L,23,12,0,0,K,4,2,"3,4,6,10","K,2"
df72a9a8,paroli,4,25,975,975,0,P,19,19,0,0,4,3,3,"5,3,A","4,4,A"
df72a9a8,paroli,5,25,975,1000,25,W,17,23,0,0,3,2,4,"7,Q","3,2,K,8"
df72a9a8,paroli,6,50,1000,1075,75,W,21,15,1,0,5,2,2,"A,10","5,K"
df72a9a8,paroli,7,100,1075,1175,100,W,15,25,0,0,2,3,4,"2,3,Q","2,8,5,J"
df72a9a8,paroli,8,25,1175,1150,-25,L,15,19,0,0,3,2,3,"K,5","3,6,Q"
df72a9a8,paroli,9,25,1150,1175,25,W,20,17,0,0,7,3,2,"8,6,6","7,Q"
df72a9a8,paroli,10,50,1175,1125,-50,L,17,18,0,0,7,2,2,"8,9","7,A"
df72a9a8,paroli,11,25,1125,1100,-25,L,19,20,0,0,Q,2,2,"10,9","Q,J"
df72a9a8,paroli,12,25,1100,1125,25,W,20,17,0,0,7,2,3,"Q,10","7,5,5"
df72a9a8,paroli,13,50,1125,1075,-50,L,17,21,0,0,4,2,3,"9,8","4,10,7"
df72a9a8,paroli,14,25,1075,1100,25,W,20,19,0,0,2,2,3,"K,10","2,6,A"
df72a9a8,paroli,15,50,1100,1150,50,W,20,17,0,0,Q,3,2,"K,6,4","Q,7"
df72a9a8,paroli,16,100,1150,1250,100,W,12,24,0,0,4,2,3,"3,9","4,K,Q"
df72a9a8,paroli,17,25,1250,1275,25,W,18,17,0,0,A,3,2,"A,4,3","A,6"
df72a9a8,paroli,18,50,1275,1225,-50,L,18,19,0,0,Q,2,2,"8,J","Q,9"
96bb23ff,paroli,1,25,1000,1037,37,W,21,11,1,0,7,2,2,"K,A","7,4"
96bb23ff,paroli,2,50,1037,987,-50,L,17,19,0,0,9,3,2,"7,8,2","9,Q"
96bb23ff,paroli,3,25,987,1012,25,W,18,17,0,0,2,2,5,"8,10","2,J,A,3,A"
96bb23ff,paroli,4,50,1012,1062,50,W,19,18,0,0,8,2,2,"9,Q","8,K"
96bb23ff,paroli,5,100,1062,962,-100,L,25,20,0,0,Q,3,2,"7,8,J","Q,Q"
96bb23ff,paroli,6,25,962,937,-25,L,15,18,0,0,5,2,3,"5,J","5,4,9"
96bb23ff,paroli,7,25,937,912,-25,L,18,19,0,0,10,2,2,"8,K","10,9"
96bb23ff,paroli,8,25,912,912,0,P,19,19,0,0,J,3,2,"3,6,J","J,9"
96bb23ff,paroli,9,25,912,937,25,W,19,17,0,0,A,3,3,"10,4,5","A,3,3"
96bb23ff,paroli,10,50,937,887,-50,L,15,21,0,0,4,2,3,"5,10","4,A,6"
96bb23ff,paroli,11,25,887,862,-25,L,19,21,0,1,A,2,2,"8,A","A,10"
96bb23ff,paroli,12,25,862,837,-25,L,18,20,0,0,10,3,2,"J,5,3","10,J"
96bb23ff,paroli,13,25,837,862,25,W,21,19,0,0,5,4,3,"5,2,4,K","5,K,4"
96bb23ff,paroli,14,50,862,912,50,W,21,20,0,0,J,3,3,"2,Q,9","J,3,7"
96bb23ff,paroli,15,100,912,1012,100,W,20,23,0,0,7,5,3,"8,4,A,A,6","7,7,9"
96bb23ff,paroli,16,25,1012,987,-25,L,22,17,0,0,7,3,2,"K,3,9","7,10"
96bb23ff,paroli,17,25,987,962,-25,L,17,21,0,0,4,2,5,"6,A","4,8,A,2,6"
96bb23ff,paroli,18,25,962,999,37,W,21,14,1,0,4,2,2,"Q,A","4,K"
6a823892,paroli,1,25,1000,1025,25,W,20,19,0,0,10,2,2,"10,K","10,9"
6a823892,paroli,2,50,1025,1075,50,W,20,25,0,0,8,2,3,"J,10","8,7,10"
6a823892,paroli,3,100,1075,1175,100,W,16,24,0,0,5,2,3,"6,Q","5,9,K"
6a823892,paroli,4,25,1175,1150,-25,L,26,15,0,0,K,4,2,"7,8,A,K","K,5"
6a823892,paroli,5,25,1150,1125,-25,L,25,16,0,0,Q,4,2,"3,2,J,J","Q,6"
6a823892,paroli,6,25,1125,1100,-25,L,23,13,0,0,Q,4,2,"2,10,A,K","Q,3"
6a823892,paroli,7,25,1100,1137,37,W,21,10,1,0,7,2,2,"A,J","7,3"
6a823892,paroli,8,50,1137,1087,-50,L,25,11,0,0,7,3,2,"9,7,9","7,4"
6a823892,paroli,9,25,1087,1124,37,W,21,6,1,0,2,2,2,"A,K","2,4"
6a823892,paroli,10,50,1124,1074,-50,L,22,10,0,0,8,3,2,"2,10,K","8,2"
6a823892,paroli,11,25,1074,1024,-50,L,13,20,0,0,Q,3,2,"4,7,2","Q,10"
6a823892,paroli,12,25,1024,999,-25,L,13,21,0,0,4,2,3,"K,3","4,9,8"
6a823892,paroli,13,25,999,974,-25,L,14,17,0,0,4,2,3,"6,8","4,J,3"
6a823892,paroli,14,25,974,999,25,W,19,22,0,0,J,2,3,"9,J","J,6,6"
6a823892,paroli,15,50,999,949,-50,L,24,20,0,0,Q,3,2,"4,K,K","Q,Q"
6a823892,paroli,16,25,949,974,25,W,16,22,0,0,3,2,3,"K,6","3,10,9"
6a823892,paroli,17,50,974,924,-50,L,18,20,0,0,3,2,3,"7,A","3,A,6"
6a823892,paroli,18,25,924,899,-25,L,24,18,0,0,9,3,2,"J,4,K","9,9"
43fb26ba,paroli,1,25,1000,1025,25,W,20,17,0,0,7,2,2,"9,A","7,J"
43fb26ba,paroli,2,50,1025,1100,75,W,21,10,1,0,5,2,2,"10,A","5,5"
43fb26ba,paroli,3,100,1100,1000,-100,L,13,17,0,0,2,2,3,"A,2","2,5,J"
43fb26ba,paroli,4,25,1000,1025,25,W,19,22,0,0,9,3,3,"K,5,4","9,3,J"
43fb26ba,paroli,5,50,1025,1075,50,W,17,26,0,0,2,2,4,"10,7","2,K,4,10"
43fb26ba,paroli,6,100,1075,1075,0,P,20,20,0,0,J,2,2,"J,Q","J,10"
43fb26ba,paroli,7,100,1075,975,-100,L,13,21,0,0,3,3,4,"4,8,A","3,A,8,9"
43fb26ba,paroli,8,25,975,925,-50,L,15,20,0,0,4,3,3,"9,2,4","4,9,7"
43fb26ba,paroli,9,25,925,950,25,W,14,22,0,0,5,2,4,"6,8","5,A,9,7"
43fb26ba,paroli,10,50,950,900,-50,L,12,17,0,0,4,2,3,"A,A","4,6,7"
43fb26ba,paroli,11,25,900,900,0,P,17,17,0,0,Q,3,2,"4,6,7","Q,7"
43fb26ba,paroli,12,25,900,900,0,P,17,17,0,0,7,2,2,"A,6","7,Q"
43fb26ba,paroli,13,25,900,925,25,W,13,24,0,0,2,2,4,"K,3","2,3,9,Q"
43fb26ba,paroli,14,50,925,925,0,P,20,20,0,0,Q,3,2,"2,8,K","Q,J"
43fb26ba,paroli,15,50,925,925,0,P,19,19,0,0,2,2,4,"8,A","2,5,4,8"
43fb26ba,paroli,16,50,925,875,-50,L,19,21,0,0,J,3,4,"7,2,K","J,3,3,5"
43fb26ba,paroli,17,25,875,850,-25,L,24,19,0,0,9,3,2,"Q,4,J","9,J"
43fb26ba,paroli,18,25,850,825,-25,L,22,13,0,0,Q,4,2,"A,A,10,K","Q,3"
0e0b86a1,paroli,1,25,1000,1000,0,P,17,17,0,0,6,3,2,"2,9,6","6,A"
0e0b86a1,paroli,2,25,1000,1050,50,W,17,23,0,0,J,3,3,"8,3,6","J,5,8"
0e0b86a1,paroli,3,50,1050,1125,75,W,21,18,1,0,10,2,2,"A,10","10,8"
0e0b86a1,paroli,4,100,1125,1225,100,W,20,18,0,0,3,2,4,"K,10","3,5,4,6"
0e0b86a1,paroli,5,25,1225,1200,-25,L,11,21,0,1,10,2,2,"3,8","10,A"
0e0b86a1,paroli,6,25,1200,1175,-25,L,18,21,0,0,10,3,3,"K,4,4","10,4,7"
0e0b86a1,paroli,7,25,1175,1150,-25,L,19,21,0,0,2,2,5,"8,A","2,2,2,7,8"
0e0b86a1,paroli,8,25,1150,1125,-25,L,18,20,0,0,10,2,2,"8,10","10,J"
0e0b86a1,paroli,9,25,1125,1150,25,W,20,18,0,0,7,2,2,"J,Q","7,A"
0e0b86a1,paroli,10,50,1150,1200,50,W,18,22,0,0,4,2,4,"7,A","4,6,5,7"
0e0b86a1,paroli,11,100,1200,1200,0,P,17,17,0,0,2,2,4,"7,J","2,5,3,7"
0e0b86a1,paroli,12,100,1200,1300,100,W,20,17,0,0,2,2,3,"Q,K","2,6,9"
0e0b86a1,paroli,13,25,1300,1275,-25,L,22,12,0,0,J,3,2,"J,2,J","J,2"
0e0b86a1,paroli,14,25,1275,1325,50,W,16,23,0,0,3,3,3,"6,3,7","3,Q,Q"
0e0b86a1,paroli,15,50,1325,1375,50,W,20,17,0,0,9,3,2,"Q,5,5","9,8"
0e0b86a1,paroli,16,100,1375,1275,-100,L,16,21,0,0,4,2,3,"6,10","4,7,K"
0e0b86a1,paroli,17,25,1275,1250,-25,L,24,14,0,0,K,4,2,"K,5,A,8","K,4"
0e0b86a1,paroli,18,25,1250,1250,0,P,19,19,0,0,9,4,2,"3,9,A,6","9,J"
28f17ef4,paroli,1,25,1000,975,-25,L,17,18,0,0,Q,2,4,"10,7","Q,3,A,4"
28f17ef4,paroli,2,25,975,1025,50,W,18,26,0,0,5,3,4,"3,7,8","5,5,6,J"
28f17ef4,paroli,3,50,1025,975,-50,L,24,19,0,0,9,3,2,"6,J,8","9,K"
28f17ef4,paroli,4,25,975,1000,25,W,19,17,0,0,6,2,3,"9,J","6,2,9"
28f17ef4,paroli,5,50,1000,950,-50,L,23,14,0,0,K,3,2,"7,6,J","K,4"
28f17ef4,paroli,6,25,950,925,-25,L,18,19,0,0,A,2,2,"J,8","A,8"
28f17ef4,paroli,7,25,925,875,-50,L,14,18,0,0,8,3,2,"4,7,3","8,K"
28f17ef4,paroli,8,25,875,900,25,W,18,22,0,0,10,3,3,"A,A,6","10,2,K"
28f17ef4,paroli,9,50,900,850,-50,L,17,20,0,0,9,2,2,"7,Q","9,A"
28f17ef4,paroli,10,25,850,875,25,W,15,22,0,0,6,2,3,"9,6","6,Q,6"
28f17ef4,paroli,11,50,875,925,50,W,20,19,0,0,8,2,3,"J,Q","8,8,3"
28f17ef4,paroli,12,100,925,1125,200,W,21,25,0,0,2,3,4,"9,2,10","2,3,10,10"
28f17ef4,paroli,13,25,1125,1100,-25,L,14,18,0,0,3,2,3,"6,8","3,10,5"
28f17ef4,paroli,14,25,1100,1075,-25,L,15,17,0,0,2,2,4,"Q,5","2,2,A,2"
28f17ef4,paroli,15,25,1075,1112,37,W,21,14,1,0,4,2,2,"A,K","4,Q"
28f17ef4,paroli,16,50,1112,1062,-50,L,16,21,0,0,2,2,3,"8,8","2,J,9"
28f17ef4,paroli,17,25,1062,1037,-25,L,26,17,0,0,Q,5,2,"4,6,5,A,K","Q,7"
28f17ef4,paroli,18,25,1037,1062,25,W,19,18,0,0,A,3,3,"5,8,6","A,4,3"
6fc8f120,paroli,1,25,1000,975,-25,L,16,19,0,0,3,2,4,"10,6","3,4,8,4"
6fc8f120,paroli,2,25,975,1000,25,W,20,24,0,0,8,3,3,"J,6,4","8,6,Q"
6fc8f120,paroli,3,50,1000,1100,100,W,20,18,0,0,4,3,5,"8,2,K","4,2,4,3,5"
6fc8f120,paroli,4,100,1100,1200,100,W,20,17,0,0,10,2,2,"10,K","10,7"
6fc8f120,paroli,5,25,1200,1225,25,W,20,17,0,0,A,2,2,"Q,J","A,6"
6fc8f120,paroli,6,50,1225,1175,-50,L,18,20,0,0,K,3,2,"7,7,4","K,Q"
6fc8f120,paroli,7,25,1175,1200,25,W,18,22,0,0,5,3,4,"2,5,A","5,6,3,8"
6fc8f120,paroli,8,50,1200,1250,50,W,19,18,0,0,8,5,2,"A,A,2,Q,5","8,K"
6fc8f120,paroli,9,100,1250,1350,100,W,19,17,0,0,2,2,3,"9,Q","2,Q,5"
6fc8f120,paroli,10,25,1350,1375,25,W,19,24,0,0,Q,3,3,"8,5,6","Q,4,K"
6fc8f120,paroli,11,50,1375,1325,-50,L,22,11,0,0,8,4,2,"6,3,3,Q","8,3"
6fc8f120,paroli,12,25,1325,1300,-25,L,12,19,0,0,6,2,3,"2,J","6,3,10"
6fc8f120,paroli,13,25,1300,1337,37,W,21,18,1,0,8,2,2,"Q,A","8,10"
6fc8f120,paroli,14,50,1337,1287,-50,L,13,20,0,0,2,3,4,"2,2,9","2,4,3,A"
6fc8f120,paroli,15,25,1287,1324,37,W,21,19,1,0,9,2,2,"J,A","9,K"
6fc8f120,paroli,16,50,1324,1374,50,W,18,23,0,0,K,2,3,"8,10","K,5,8"
6fc8f120,paroli,17,100,1374,1174,-200,L,13,20,0,0,J,3,2,"6,5,2","J,10"
6fc8f120,paroli,18,25,1174,1149,-25,L,25,19,0,0,J,3,2,"K,5,J","J,9"
0bbaf9fa,paroli,1,25,1000,975,-25,L,22,13,0,0,3,3,2,"2,K,K","3,10"
0bbaf9fa,paroli,2,25,975,1000,25,W,21,23,0,0,Q,3,3,"Q,4,7","Q,4,9"
0bbaf9fa,paroli,3,50,1000,950,-50,L,11,21,0,1,A,2,2,"4,7","A,10"
0bbaf9fa,paroli,4,25,950,975,25,W,15,22,0,0,6,2,3,"A,4","6,Q,6"
0bbaf9fa,paroli,5,50,975,925,-50,L,24,18,0,0,8,4,2,"7,2,5,10","8,10"
0bbaf9fa,paroli,6,25,925,950,25,W,14,22,0,0,3,2,4,"9,5","3,K,A,8"
0bbaf9fa,paroli,7,50,950,1000,50,W,20,18,0,0,8,2,2,"K,10","8,10"
0bbaf9fa,paroli,8,100,1000,1100,100,W,18,24,0,0,4,2,3,"9,9","4,J,K"
0bbaf9fa,paroli,9,25,1100,1075,-25,L,18,21,0,0,6,2,3,"10,8","6,5,Q"
0bbaf9fa,paroli,10,25,1075,1050,-25,L,15,19,0,0,3,2,4,"7,8","3,2,4,J"
0bbaf9fa,paroli,11,25,1050,1075,25,W,15,23,0,0,3,2,3,"5,J","3,K,K"
0bbaf9fa,paroli,12,50,1075,1025,-50,L,18,21,0,0,6,2,4,"10,8","6,5,2,8"
0bbaf9fa,paroli,13,25,1025,1000,-25,L,17,18,0,0,A,3,3,"2,5,J","A,A,6"
0bbaf9fa,paroli,14,25,1000,975,-25,L,14,21,0,1,A,2,2,"4,10","A,Q"
0bbaf9fa,paroli,15,25,975,1000,25,W,16,23,0,0,5,2,3,"K,6","5,Q,8"
0bbaf9fa,paroli,16,50,1000,1050,50,W,17,25,0,0,Q,3,3,"5,8,4","Q,5,K"
0bbaf9fa,paroli,17,100,1050,950,-100,L,24,10,0,0,8,3,2,"Q,5,9","8,2"
0bbaf9fa,paroli,18,25,950,925,-25,L,16,20,0,0,4,2,4,"5,A","4,6,2,8"
21810597,paroli,1,25,1000,1050,50,W,21,17,0,0,2,3,3,"2,9,10","2,8,7"
21810597,paroli,2,50,1050,1150,100,W,18,22,0,0,2,3,4,"6,5,7","2,4,7,9"
21810597,paroli,3,100,1150,1250,100,W,20,18,0,0,A,2,2,"K,10","A,7"
21810597,paroli,4,25,1250,1225,-25,L,23,18,0,0,A,3,2,"K,5,8","A,7"
21810597,paroli,5,25,1225,1200,-25,L,23,20,0,0,10,4,2,"5,A,10,7","10,J"
21810597,paroli,6,25,1200,1175,-25,L,22,15,0,0,7,3,2,"4,K,8","7,8"
21810597,paroli,7,25,1175,1175,0,P,18,18,0,0,8,2,2,"Q,8","8,10"
21810597,paroli,8,25,1175,1200,25,W,20,18,0,0,6,2,4,"K,J","6,5,5,2"
21810597,paroli,9,50,1200,1250,50,W,21,23,0,0,8,5,3,"A,A,3,7,9","8,5,J"
21810597,paroli,10,100,1250,1350,100,W,20,19,0,0,Q,2,2,"Q,10","Q,9"
21810597,paroli,11,25,1350,1325,-25,L,18,21,0,0,10,3,3,"A,3,4","10,6,5"
21810597,paroli,12,25,1325,1300,-25,L,22,4,0,0,2,3,2,"2,10,K","2,2"
21810597,paroli,13,25,1300,1275,-25,L,19,20,0,0,Q,2,2,"A,8","Q,J"
21810597,paroli,14,25,1275,1300,25,W,14,22,0,0,2,2,5,"4,Q","2,2,2,J,6"
21810597,paroli,15,50,1300,1375,75,W,21,13,1,0,9,2,2,"A,J","9,4"
21810597,paroli,16,100,1375,1275,-100,L,25,20,0,0,K,6,2,"2,3,5,5,A,9","K,K"
21810597,paroli,17,25,1275,1250,-25,L,17,20,0,0,J,3,2,"4,3,10","J,10"
21810597,paroli,18,25,1250,1250,0,P,21,21,0,0,8,3,3,"3,9,9","8,6,7"
5cc3fb56,paroli,1,25,1000,1025,25,W,20,18,0,0,K,3,2,"J,4,6","K,8"
5cc3fb56,paroli,2,50,1025,975,-50,L,20,21,0,0,6,2,3,"Q,Q","6,6,9"
5cc3fb56,paroli,3,25,975,1000,25,W,17,22,0,0,Q,4,3,"2,J,A,4","Q,3,9"
5cc3fb56,paroli,4,50,1000,950,-50,L,18,20,0,0,K,2,2,"8,J","K,Q"
5cc3fb56,paroli,5,25,950,975,25,W,20,18,0,0,2,2,4,"Q,K","2,A,10,5"
5cc3fb56,paroli,6,50,975,925,-50,L,15,21,0,0,4,2,3,"Q,5","4,9,8"
5cc3fb56,paroli,7,25,925,962,37,W,21,18,1,0,K,2,2,"J,A","K,8"
5cc3fb56,paroli,8,50,962,912,-50,L,14,21,0,1,A,2,2,"5,9","A,K"
5cc3fb56,paroli,9,25,912,949,37,W,21,9,1,0,7,2,2,"K,A","7,2"
5cc3fb56,paroli,10,50,949,899,-50,L,17,20,0,0,10,2,2,"A,6","10,10"
5cc3fb56,paroli,11,25,899,874,-25,L,22,13,0,0,K,4,2,"A,5,6,J","K,3"
5cc3fb56,paroli,12,25,874,824,-50,L,18,20,0,0,5,3,3,"4,5,9","5,4,A"
5cc3fb56,paroli,13,25,824,849,25,W,20,17,0,0,J,2,2,"Q,10","J,7"
5cc3fb56,paroli,14,50,849,899,50,W,19,18,0,0,3,2,4,"9,10","3,8,3,4"
5cc3fb56,paroli,15,100,899,1099,200,W,21,20,0,0,4,3,3,"8,3,Q","4,10,6"
5cc3fb56,paroli,16,25,1099,1074,-25,L,12,20,0,0,4,2,4,"K,2","4,8,3,5"
5cc3fb56,paroli,17,25,1074,1049,-25,L,22,18,0,0,8,4,2,"A,A,J,10","8,K"
5cc3fb56,paroli,18,25,1049,1049,0,P,20,20,0,0,4,2,4,"K,K","4,7,3,6"
2b6056a5,paroli,1,25,1000,1025,25,W,19,18,0,0,J,2,3,"A,8","J,3,5"
2b6056a5,paroli,2,50,1025,975,-50,L,13,19,0,0,5,2,3,"3,Q","5,Q,4"
2b6056a5,paroli,3,25,975,1000,25,W,19,17,0,0,Q,3,2,"6,8,5","Q,7"
2b6056a5,paroli,4,50,1000,1050,50,W,13,23,0,0,2,2,4,"3,J","2,Q,A,10"
2b6056a5,paroli,5,100,1050,950,-100,L,17,19,0,0,9,2,2,"8,9","9,J"
2b6056a5,paroli,6,25,950,987,37,W,21,16,1,0,9,2,2,"A,K","9,7"
2b6056a5,paroli,7,50,987,937,-50,L,16,21,0,1,10,2,2,"A,5","10,A"
2b6056a5,paroli,8,25,937,962,25,W,20,18,0,0,8,2,2,"K,Q","8,10"
2b6056a5,paroli,9,50,962,1037,75,W,21,13,1,0,7,2,2,"A,J","7,6"
2b6056a5,paroli,10,100,1037,937,-100,L,17,19,0,0,A,3,2,"5,9,3","A,8"
2b6056a5,paroli,11,25,937,912,-25,L,16,18,0,0,4,2,3,"8,8","4,A,3"
2b6056a5,paroli,12,25,912,937,25,W,20,26,0,0,6,2,3,"K,10","6,Q,Q"
2b6056a5,paroli,13,50,937,887,-50,L,24,20,0,0,J,4,2,"2,8,6,8","J,Q"
2b6056a5,paroli,14,25,887,862,-25,L,20,21,0,1,A,2,2,"K,J","A,K"
2b6056a5,paroli,15,25,862,862,0,P,20,20,0,0,A,2,2,"K,Q","A,9"
2b6056a5,paroli,16,25,862,862,0,P,18,18,0,0,2,2,3,"J,8","2,8,8"
2b6056a5,paroli,17,25,862,887,25,W,19,25,0,0,K,2,3,"J,9","K,5,J"
2b6056a5,paroli,18,50,887,837,-50,L,17,21,0,0,2,3,4,"5,3,9","2,K,2,7"
13c95971,paroli,1,25,1000,1000,0,P,20,20,0,0,10,2,2,"J,Q","10,J"
13c95971,paroli,2,25,1000,1000,0,P,17,17,0,0,K,2,3,"7,Q","K,4,3"
13c95971,paroli,3,25,1000,975,-25,L,18,19,0,0,8,2,2,"9,9","8,A"
13c95971,paroli,4,25,975,1000,25,W,20,17,0,0,7,2,3,"10,J","7,2,8"
13c95971,paroli,5,50,1000,1050,50,W,20,17,0,0,A,2,2,"K,K","A,6"
13c95971,paroli,6,100,1050,950,-100,L,13,20,0,0,2,2,3,"3,Q","2,8,K"
13c95971,paroli,7,25,950,975,25,W,21,17,0,0,9,3,2,"6,J,5","9,8"
13c95971,paroli,8,50,975,1025,50,W,20,18,0,0,Q,2,3,"Q,Q","Q,4,4"
13c95971,paroli,9,100,1025,1125,100,W,21,18,0,0,8,4,2,"4,2,9,6","8,10"
13c95971,paroli,10,25,1125,1100,-25,L,12,17,0,0,6,2,2,"6,6","6,A"
13c95971,paroli,11,25,1100,1075,-25,L,25,18,0,0,J,3,2,"5,10,Q","J,8"
13c95971,paroli,12,25,1075,1050,-25,L,22,20,0,0,Q,3,2,"2,K,J","Q,Q"
13c95971,paroli,13,25,1050,1025,-25,L,11,21,0,1,A,2,2,"4,7","A,Q"
13c95971,paroli,14,25,1025,1075,50,W,21,19,0,0,7,3,3,"9,2,K","7,7,5"
13c95971,paroli,15,50,1075,1125,50,W,17,22,0,0,9,4,3,"2,5,6,4","9,3,Q"
13c95971,paroli,16,100,1125,925,-200,L,16,19,0,0,7,3,3,"8,2,6","7,7,5"
13c95971,paroli,17,25,925,950,25,W,18,23,0,0,A,3,5,"6,2,J","A,A,Q,A,10"
13c95971,paroli,18,50,950,1025,75,W,21,15,1,0,5,2,2,"10,A","5,Q"
9ff644fb,paroli,1,25,1000,1025,25,W,18,24,0,0,10,3,3,"4,9,5","10,4,K"
9ff644fb,paroli,2,50,1025,975,-50,L,26,15,0,0,A,3,2,"6,10,K","A,4"
9ff644fb,paroli,3,25,975,975,0,P,17,17,0,0,7,2,3,"9,8","7,9,A"
9ff644fb,paroli,4,25,975,950,-25,L,19,20,0,0,K,2,2,"8,A","K,J"
9ff644fb,paroli,5,25,950,925,-25,L,19,21,0,0,Q,2,3,"J,9","Q,5,6"
9ff644fb,paroli,6,25,925,925,0,P,18,18,0,0,9,4,3,"J,4,2,2","9,7,2"
9ff644fb,paroli,7,25,925,900,-25,L,24,16,0,0,8,4,2,"4,A,9,K","8,8"
9ff644fb,paroli,8,25,900,875,-25,L,22,15,0,0,10,4,2,"4,5,7,6","10,5"
9ff644fb,paroli,9,25,875,850,-25,L,22,10,0,0,8,3,2,"3,10,9","8,2"
9ff644fb,paroli,10,25,850,825,-25,L,22,15,0,0,K,3,2,"8,4,K","K,5"
9ff644fb,paroli,11,25,825,800,-25,L,19,20,0,0,10,2,3,"8,A","10,3,7"
9ff644fb,paroli,12,25,800,750,-50,L,17,18,0,0,4,3,3,"2,7,8","4,3,A"
9ff644fb,paroli,13,25,750,750,0,P,20,20,0,0,10,2,2,"K,J","10,10"
9ff644fb,paroli,14,25,750,725,-25,L,16,21,0,0,3,2,3,"J,6","3,7,A"
9ff644fb,paroli,15,25,725,700,-25,L,12,20,0,0,4,2,3,"8,4","4,6,10"
9ff644fb,paroli,16,25,700,725,25,W,20,26,0,0,8,2,3,"K,10","8,8,J"
9ff644fb,paroli,17,50,725,775,50,W,16,22,0,0,6,2,3,"5,A","6,6,J"
9ff644fb,paroli,18,100,775,675,-100,L,12,21,0,1,A,2,2,"3,9","A,Q"
4376476a,paroli,1,25,1000,1025,25,W,21,20,0,0,J,4,2,"2,4,K,5","J,Q"
4376476a,paroli,2,50,1025,1075,50,W,20,17,0,0,Q,4,2,"3,A,2,4","Q,7"
4376476a,paroli,3,100,1075,1175,100,W,20,17,0,0,K,3,3,"10,6,4","K,4,3"
4376476a,paroli,4,25,1175,1150,-25,L,14,18,0,0,3,3,3,"2,5,7","3,5,J"
4376476a,paroli,5,25,1150,1125,-25,L,24,19,0,0,9,3,2,"7,7,K","9,J"
4376476a,paroli,6,25,1125,1100,-25,L,6,21,0,1,Q,2,2,"3,3","Q,A"
4376476a,paroli,7,25,1100,1125,25,W,18,17,0,0,A,2,2,"10,8","A,6"
4376476a,paroli,8,50,1125,1075,-50,L,18,19,0,0,2,2,4,"A,7","2,4,7,6"
4376476a,paroli,9,25,1075,1112,37,W,21,12,1,0,6,2,2,"A,Q","6,6"
4376476a,paroli,10,50,1112,1162,50,W,15,22,0,0,3,3,3,"3,5,7","3,9,K"
4376476a,paroli,11,100,1162,1062,-100,L,22,13,0,0,7,4,2,"5,A,6,Q","7,6"
4376476a,paroli,12,25,1062,1087,25,W,20,26,0,0,J,2,3,"J,10","J,6,J"
4376476a,paroli,13,50,1087,1037,-50,L,16,17,0,0,6,2,3,"J,6","6,K,A"
4376476a,paroli,14,25,1037,1074,37,W,21,13,1,0,5,2,2,"A,10","5,8"
4376476a,paroli,15,50,1074,1124,50,W,20,26,0,0,K,2,3,"J,K","K,6,J"
4376476a,paroli,16,100,1124,1024,-100,L,23,14,0,0,7,3,2,"9,4,J","7,7"
4376476a,paroli,17,25,1024,1049,25,W,14,24,0,0,2,3,4,"4,5,5","2,8,6,8"
4376476a,paroli,18,50,1049,999,-50,L,23,17,0,0,7,3,2,"4,K,9","7,J"
34987460,paroli,1,25,1000,975,-25,L,18,20,0,0,K,2,2,"7,A","K,J"
34987460,paroli,2,25,975,1000,25,W,17,22,0,0,2,2,4,"10,7","2,3,Q,7"
34987460,paroli,3,50,1000,1050,50,W,18,26,0,0,6,3,3,"6,2,Q","6,10,Q"
34987460,paroli,4,100,1050,850,-200,L,18,20,0,0,6,3,3,"6,4,8","6,K,4"
34987460,paroli,5,25,850,875,25,W,13,23,0,0,4,2,3,"5,8","4,10,9"
34987460,paroli,6,50,875,950,75,W,21,12,1,0,9,2,2,"10,A","9,3"
34987460,paroli,7,100,950,1050,100,W,20,19,0,0,A,2,3,"10,K","A,4,4"
34987460,paroli,8,25,1050,1050,0,P,17,17,0,0,4,2,3,"6,A","4,J,3"
34987460,paroli,9,25,1050,1025,-25,L,16,20,0,0,5,2,6,"J,6","5,A,6,3,A,4"
34987460,paroli,10,25,1025,975,-50,L,12,19,0,0,5,3,4,"7,2,3","5,2,3,9"
34987460,paroli,11,25,975,975,0,P,18,18,0,0,8,2,2,"A,7","8,Q"
34987460,paroli,12,25,975,1000,25,W,20,19,0,0,8,2,2,"J,Q","8,A"
34987460,paroli,13,50,1000,950,-50,L,19,20,0,0,7,2,3,"K,9","7,3,J"
34987460,paroli,14,25,950,950,0,P,17,17,0,0,10,2,3,"K,7","10,6,A"
34987460,paroli,15,25,950,975,25,W,17,24,0,0,2,2,4,"K,7","2,10,3,9"
34987460,paroli,16,50,975,925,-50,L,23,19,0,0,K,4,2,"9,4,A,9","K,9"
34987460,paroli,17,25,925,900,-25,L,12,18,0,0,6,3,3,"3,3,6","6,K,2"
34987460,paroli,18,25,900,875,-25,L,18,21,0,1,A,2,2,"10,8","A,10"
bf0b71c2,paroli,1,25,1000,975,-25,L,18,19,0,0,2,2,5,"A,7","2,5,2,4,6"
bf0b71c2,paroli,2,25,975,1000,25,W,18,17,0,0,J,2,2,"J,8","J,7"
bf0b71c2,paroli,3,50,1000,1050,50,W,20,25,0,0,10,2,3,"9,A","10,5,Q"
bf0b71c2,paroli,4,100,1050,1150,100,W,19,17,0,0,6,4,4,"2,3,4,Q","6,3,3,5"
bf0b71c2,paroli,5,25,1150,1125,-25,L,17,19,0,0,9,4,2,"2,6,8,A","9,10"
bf0b71c2,paroli,6,25,1125,1100,-25,L,17,21,0,0,5,2,3,"7,J","5,A,5"
bf0b71c2,paroli,7,25,1100,1075,-25,L,22,12,0,0,8,3,2,"2,10,Q","8,4"
bf0b71c2,paroli,8,25,1075,1112,37,W,21,9,1,0,4,2,2,"A,Q","4,5"
bf0b71c2,paroli,9,50,1112,1162,50,W,21,19,0,0,3,3,3,"Q,2,9","3,Q,6"
bf0b71c2,paroli,10,100,1162,1312,150,W,21,16,1,0,K,2,2,"A,K","K,6"
bf0b71c2,paroli,11,25,1312,1337,25,W,20,18,0,0,9,2,3,"J,J","9,3,6"
bf0b71c2,paroli,12,50,1337,1387,50,W,20,18,0,0,8,2,2,"K,10","8,Q"
bf0b71c2,paroli,13,100,1387,1287,-100,L,8,21,0,1,10,2,2,"6,2","10,A"
bf0b71c2,paroli,14,25,1287,1262,-25,L,17,19,0,0,A,2,2,"7,Q","A,8"
bf0b71c2,paroli,15,25,1262,1287,25,W,15,22,0,0,2,2,4,"5,J","2,A,10,9"
bf0b71c2,paroli,16,50,1287,1337,50,W,19,22,0,0,8,4,3,"3,J,2,4","8,4,10"
bf0b71c2,paroli,17,100,1337,1237,-100,L,26,19,0,0,10,3,2,"6,Q,K","10,9"
bf0b71c2,paroli,18,25,1237,1212,-25,L,25,20,0,0,Q,3,2,"Q,5,10","Q,J"
7e858dc4,paroli,1,25,1000,1025,25,W,19,18,0,0,A,3,4,"10,4,5","A,5,8,4"
7e858dc4,paroli,2,50,1025,1075,50,W,20,17,0,0,3,2,4,"K,J","3,2,Q,2"
7e858dc4,paroli,3,100,1075,975,-100,L,17,18,0,0,8,3,2,"5,Q,2","8,J"
7e858dc4,paroli,4,25,975,1000,25,W,15,23,0,0,6,2,3,"9,6","6,K,7"
7e858dc4,paroli,5,50,1000,1075,75,W,21,14,1,0,4,2,2,"A,Q","4,K"
7e858dc4,paroli,6,100,1075,975,-100,L,23,16,0,0,K,3,2,"7,6,10","K,6"
7e858dc4,paroli,7,25,975,950,-25,L,19,20,0,0,A,3,5,"6,10,3","A,2,3,7,7"
7e858dc4,paroli,8,25,950,925,-25,L,22,12,0,0,2,3,2,"Q,2,K","2,J"
7e858dc4,paroli,9,25,925,900,-25,L,24,20,0,0,K,3,2,"10,4,10","K,J"
7e858dc4,paroli,10,25,900,950,50,W,21,20,0,0,7,3,4,"9,2,Q","7,4,A,8"
7e858dc4,paroli,11,50,950,1000,50,W,14,26,0,0,6,2,3,"9,5","6,Q,J"
7e858dc4,paroli,12,100,1000,900,-100,L,14,19,0,0,3,2,3,"3,A","3,6,J"
7e858dc4,paroli,13,25,900,925,25,W,20,24,0,0,Q,2,3,"K,K","Q,4,J"
7e858dc4,paroli,14,50,925,875,-50,L,25,13,0,0,J,3,2,"5,K,Q","J,3"
7e858dc4,paroli,15,25,875,850,-25,L,15,17,0,0,6,2,3,"6,9","6,J,A"
7e858dc4,paroli,16,25,850,825,-25,L,23,17,0,0,8,3,2,"J,6,7","8,9"
7e858dc4,paroli,17,25,825,875,50,W,21,24,0,0,J,3,4,"2,9,K","J,3,A,J"
7e858dc4,paroli,18,50,875,925,50,W,20,22,0,0,7,2,3,"K,Q","7,5,10"
beb9753b,paroli,1,25,1000,1025,25,W,20,18,0,0,3,2,3,"J,10","3,5,J"
beb9753b,paroli,2,50,1025,1075,50,W,20,19,0,0,10,3,2,"2,10,8","10,9"
beb9753b,paroli,3,100,1075,1075,0,P,18,18,0,0,3,3,4,"2,6,Q","3,6,2,7"
beb9753b,paroli,4,100,1075,1175,100,W,19,23,0,0,J,2,3,"Q,9","J,6,7"
beb9753b,paroli,5,25,1175,1150,-25,L,24,13,0,0,9,3,2,"6,8,10","9,4"
beb9753b,paroli,6,25,1150,1175,25,W,19,26,0,0,6,2,3,"9,J","6,10,10"
beb9753b,paroli,7,50,1175,1125,-50,L,16,20,0,0,3,3,3,"3,4,9","3,10,7"
beb9753b,paroli,8,25,1125,1150,25,W,20,26,0,0,K,3,3,"4,A,5","K,6,Q"
beb9753b,paroli,9,50,1150,1200,50,W,20,19,0,0,4,2,3,"9,A","4,4,A"
beb9753b,paroli,10,100,1200,1200,0,P,19,19,0,0,9,2,2,"9,J","9,Q"
beb9753b,paroli,11,100,1200,1100,-100,L,18,21,0,1,A,2,2,"J,8","A,10"
beb9753b,paroli,12,25,1100,1075,-25,L,15,18,0,0,4,2,4,"9,6","4,10,2,2"
beb9753b,paroli,13,25,1075,1100,25,W,21,25,0,0,6,4,3,"2,5,4,Q","6,Q,9"
beb9753b,paroli,14,50,1100,1050,-50,L,14,17,0,0,5,2,3,"3,A","5,K,2"
beb9753b,paroli,15,25,1050,1025,-25,L,22,17,0,0,7,3,2,"4,K,8","7,Q"
beb9753b,paroli,16,25,1025,1050,25,W,12,22,0,0,6,2,3,"9,3","6,6,10"
beb9753b,paroli,17,50,1050,1100,50,W,20,17,0,0,9,2,2,"K,Q","9,8"
beb9753b,paroli,18,100,1100,1200,100,W,17,23,0,0,J,2,3,"10,7","J,3,K"
10324408,1326,1,25,1000,975,-25,L,17,18,0,0,3,2,4,"J,7","3,5,4,6"
10324408,1326,2,25,975,1000,25,W,20,18,0,0,2,2,4,"K,Q","2,6,4,6"
10324408,1326,3,75,1000,925,-75,L,19,20,0,0,5,3,3,"3,5,A","5,K,5"
10324408,1326,4,25,925,900,-25,L,17,19,0,0,8,3,2,"K,3,4","8,A"
10324408,1326,5,25,900,950,50,W,21,17,0,0,7,3,2,"2,9,Q","7,J"
10324408,1326,6,75,950,1100,150,W,17,26,0,0,6,3,3,"8,3,6","6,10,K"
10324408,1326,7,50,1100,1050,-50,L,19,20,0,0,J,2,2,"A,8","J,J"
10324408,1326,8,25,1050,1075,25,W,19,26,0,0,7,3,3,"7,8,4","7,9,J"
10324408,1326,9,75,1075,1000,-75,L,19,20,0,0,Q,2,2,"9,K","Q,K"
10324408,1326,10,25,1000,1025,25,W,18,17,0,0,10,3,2,"5,K,3","10,7"
10324408,1326,11,75,1025,950,-75,L,13,21,0,1,J,2,2,"6,7","J,A"
10324408,1326,12,25,950,975,25,W,13,25,0,0,2,2,4,"3,Q","2,3,Q,Q"
10324408,1326,13,75,975,825,-150,L,18,21,0,0,J,3,3,"5,6,7","J,2,9"
10324408,1326,14,25,825,800,-25,L,17,21,0,0,7,2,3,"6,A","7,4,K"
10324408,1326,15,25,800,775,-25,L,23,20,0,0,Q,3,2,"9,4,Q","Q,10"
10324408,1326,16,25,775,825,50,W,14,25,0,0,5,3,3,"6,3,5","5,K,K"
10324408,1326,17,75,825,750,-75,L,22,9,0,0,3,3,2,"9,3,Q","3,6"
10324408,1326,18,25,750,775,25,W,20,24,0,0,Q,4,3,"3,2,4,A","Q,5,9"
51f12c2e,1326,1,25,1000,1025,25,W,16,26,0,0,6,2,3,"7,9","6,Q,10"
51f12c2e,1326,2,75,1025,1100,75,W,21,19,0,0,A,4,2,"K,4,2,5","A,8"
51f12c2e,1326,3,50,1100,1050,-50,L,22,20,0,0,10,3,2,"7,5,K","10,10"
51f12c2e,1326,4,25,1050,1025,-25,L,24,19,0,0,J,4,2,"2,4,J,8","J,9"
51f12c2e,1326,5,25,1025,1000,-25,L,17,19,0,0,K,3,2,"2,K,5","K,9"
51f12c2e,1326,6,25,1000,975,-25,L,20,21,0,1,Q,2,2,"10,Q","Q,A"
51f12c2e,1326,7,25,975,950,-25,L,17,19,0,0,9,2,2,"8,9","9,10"
51f12c2e,1326,8,25,950,975,25,W,20,26,0,0,Q,2,3,"10,K","Q,6,J"
51f12c2e,1326,9,75,975,900,-75,L,18,21,0,0,J,3,3,"2,5,A","J,3,8"
51f12c2e,1326,10,25,900,925,25,W,16,23,0,0,5,2,4,"6,10","5,3,5,Q"
51f12c2e,1326,11,75,925,850,-75,L,20,21,0,0,3,2,4,"10,10","3,6,6,6"
51f12c2e,1326,12,25,850,875,25,W,20,17,0,0,A,2,2,"Q,J","A,6"
51f12c2e,1326,13,75,875,800,-75,L,15,20,0,0,3,2,3,"8,7","3,10,7"
51f12c2e,1326,14,25,800,775,-25,L,18,19,0,0,Q,2,2,"Q,8","Q,9"
51f12c2e,1326,15,25,775,800,25,W,16,22,0,0,3,3,4,"6,2,8","3,4,8,7"
51f12c2e,1326,16,75,800,650,-150,L,16,21,0,0,J,3,3,"4,7,5","J,6,5"
51f12c2e,1326,17,25,650,650,0,P,21,21,0,0,9,3,3,"A,A,9","9,4,8"
51f12c2e,1326,18,25,650,625,-25,L,17,18,0,0,7,3,2,"3,4,K","7,A"
3acdd83d,1326,1,25,1000,1000,0,P,19,19,0,0,2,3,4,"6,3,J","2,3,J,4"
3acdd83d,1326,2,25,1000,1037,37,W,21,15,1,0,K,2,2,"K,A","K,5"
3acdd83d,1326,3,75,1037,1112,75,W,20,25,0,0,9,2,5,"A,9","9,3,2,A,J"
3acdd83d,1326,4,50,1112,1062,-50,L,18,21,0,0,A,2,3,"8,J","A,4,6"
3acdd83d,1326,5,25,1062,1037,-25,L,26,19,0,0,Q,5,2,"3,2,10,A,10","Q,9"
3acdd83d,1326,6,25,1037,1062,25,W,16,22,0,0,3,2,4,"K,6","3,2,7,Q"
3acdd83d,1326,7,75,1062,987,-75,L,20,21,0,1,A,2,2,"10,K","A,J"
3acdd83d,1326,8,25,987,962,-25,L,24,15,0,0,K,3,2,"9,7,8","K,5"
3acdd83d,1326,9,25,962,1012,50,W,21,22,0,0,7,3,3,"6,5,10","7,5,10"
3acdd83d,1326,10,75,1012,937,-75,L,23,16,0,0,8,3,2,"5,J,8","8,8"
3acdd83d,1326,11,25,937,974,37,W,21,9,1,0,7,2,2,"A,Q","7,2"
3acdd83d,1326,12,75,974,1124,150,W,20,23,0,0,3,3,4,"4,6,Q","3,10,2,8"
3acdd83d,1326,13,50,1124,1074,-50,L,16,19,0,0,6,2,3,"6,J","6,2,A"
3acdd83d,1326,14,25,1074,1099,25,W,17,24,0,0,4,2,3,"10,7","4,J,J"
3acdd83d,1326,15,75,1099,1099,0,P,20,20,0,0,9,2,2,"A,9","9,A"
3acdd83d,1326,16,25,1099,1074,-25,L,17,20,0,0,Q,2,2,"7,Q","Q,10"
3acdd83d,1326,17,25,1074,1049,-25,L,18,20,0,0,J,3,2,"Q,5,3","J,10"
3acdd83d,1326,18,25,1049,1099,50,W,17,24,0,0,K,3,3,"9,2,6","K,5,9"
282b8c0a,1326,1,25,1000,1025,25,W,18,23,0,0,10,2,3,"Q,8","10,3,Q"
282b8c0a,1326,2,75,1025,950,-75,L,24,17,0,0,A,3,2,"4,J,J","A,6"
282b8c0a,1326,3,25,950,975,25,W,14,24,0,0,3,2,5,"Q,4","3,3,2,6,10"
282b8c0a,1326,4,75,975,825,-150,L,15,17,0,0,6,3,2,"8,3,4","6,A"
282b8c0a,1326,5,25,825,800,-25,L,22,12,0,0,J,3,2,"7,9,6","J,2"
282b8c0a,1326,6,25,800,825,25,W,19,17,0,0,J,3,4,"8,8,3","J,4,A,2"
282b8c0a,1326,7,75,825,825,0,P,18,18,0,0,K,3,3,"5,3,Q","K,4,4"
282b8c0a,1326,8,25,825,850,25,W,20,17,0,0,8,2,2,"K,10","8,9"
282b8c0a,1326,9,75,850,850,0,P,19,19,0,0,2,3,3,"8,4,7","2,7,K"
282b8c0a,1326,10,25,850,875,25,W,16,24,0,0,4,3,3,"3,3,Q","4,K,J"
282b8c0a,1326,11,75,875,800,-75,L,22,18,0,0,8,3,2,"5,J,7","8,K"
282b8c0a,1326,12,25,800,750,-50,L,12,20,0,0,J,3,2,"5,6,A","J,K"
282b8c0a,1326,13,25,750,725,-25,L,13,18,0,0,2,2,3,"3,J","2,7,9"
282b8c0a,1326,14,25,725,700,-25,L,24,15,0,0,10,5,2,"3,9,A,2,9","10,5"
282b8c0a,1326,15,25,700,675,-25,L,22,18,0,0,8,3,2,"K,2,10","8,Q"
282b8c0a,1326,16,25,675,650,-25,L,16,19,0,0,6,2,3,"A,5","6,5,8"
282b8c0a,1326,17,25,650,625,-25,L,17,19,0,0,2,2,3,"Q,7","2,7,Q"
282b8c0a,1326,18,25,625,600,-25,L,14,20,0,0,2,2,3,"K,4","2,7,A"
51b1fc65,1326,1,25,1000,975,-25,L,17,21,0,1,J,2,2,"7,Q","J,A"
51b1fc65,1326,2,25,975,1025,50,W,21,20,0,0,Q,3,3,"3,8,J","Q,5,5"
51b1fc65,1326,3,75,1025,950,-75,L,13,19,0,0,6,2,3,"10,3","6,5,8"
51b1fc65,1326,4,25,950,925,-25,L,17,20,0,0,K,2,3,"7,K","K,6,4"
51b1fc65,1326,5,25,925,950,25,W,20,24,0,0,5,2,3,"K,J","5,K,9"
51b1fc65,1326,6,75,950,1025,75,W,19,18,0,0,8,2,2,"9,J","8,10"
51b1fc65,1326,7,50,1025,975,-50,L,18,21,0,0,8,4,4,"3,5,4,6","8,6,A,6"
51b1fc65,1326,8,25,975,1000,25,W,20,18,0,0,J,3,2,"2,8,J","J,8"
51b1fc65,1326,9,75,1000,1112,112,W,21,12,1,0,5,2,2,"A,Q","5,7"
51b1fc65,1326,10,50,1112,1062,-50,L,10,21,0,1,Q,2,2,"8,2","Q,A"
51b1fc65,1326,11,25,1062,1037,-25,L,13,20,0,0,3,2,3,"3,10","3,7,Q"
51b1fc65,1326,12,25,1037,1062,25,W,20,23,0,0,3,2,3,"J,K","3,10,Q"
51b1fc65,1326,13,75,1062,987,-75,L,26,19,0,0,9,4,2,"5,A,Q,K","9,J"
51b1fc65,1326,14,25,987,1012,25,W,18,24,0,0,3,2,6,"8,10","3,Q,A,A,A,8"
51b1fc65,1326,15,75,1012,1087,75,W,20,24,0,0,10,2,3,"10,K","10,4,Q"
51b1fc65,1326,16,50,1087,1137,50,W,18,17,0,0,2,2,3,"8,Q","2,6,9"
51b1fc65,1326,17,150,1137,1362,225,W,21,15,1,0,5,2,2,"A,Q","5,K"
51b1fc65,1326,18,25,1362,1337,-25,L,22,13,0,0,Q,3,2,"9,4,9","Q,3"
40d4f602,1326,1,25,1000,1025,25,W,20,18,0,0,8,3,2,"5,7,8","8,10"
40d4f602,1326,2,75,1025,1100,75,W,20,26,0,0,10,3,3,"8,2,Q","10,6,K"
40d4f602,1326,3,50,1100,1050,-50,L,18,20,0,0,7,4,3,"5,2,2,9","7,3,J"
40d4f602,1326,4,25,1050,1025,-25,L,12,18,0,0,6,2,4,"3,9","6,3,4,5"
40d4f602,1326,5,25,1025,975,-50,L,16,21,0,0,6,3,4,"2,8,6","6,3,6,6"
40d4f602,1326,6,25,975,975,0,P,21,21,1,1,10,2,2,"K,A","10,A"
40d4f602,1326,7,25,975,975,0,P,21,21,0,0,6,3,3,"5,5,A","6,6,9"
40d4f602,1326,8,25,975,1000,25,W,19,17,0,0,Q,2,3,"8,A","Q,2,5"
40d4f602,1326,9,75,1000,925,-75,L,13,21,0,0,5,2,4,"10,3","5,3,3,10"
40d4f602,1326,10,25,925,950,25,W,17,26,0,0,Q,2,3,"9,8","Q,6,Q"
40d4f602,1326,11,75,950,875,-75,L,20,21,0,0,7,2,4,"Q,Q","7,8,A,5"
40d4f602,1326,12,25,875,900,25,W,20,17,0,0,8,2,2,"9,A","8,9"
40d4f602,1326,13,75,900,825,-75,L,12,21,0,1,Q,2,2,"9,3","Q,A"
40d4f602,1326,14,25,825,800,-25,L,17,21,0,0,3,2,4,"K,7","3,2,5,A"
40d4f602,1326,15,25,800,775,-25,L,26,20,0,0,J,4,2,"4,2,Q,J","J,J"
40d4f602,1326,16,25,775,750,-25,L,17,21,0,1,Q,2,2,"J,7","Q,A"
40d4f602,1326,17,25,750,800,50,W,12,22,0,0,6,3,3,"8,2,2","6,6,10"
40d4f602,1326,18,75,800,875,75,W,19,18,0,0,8,3,2,"6,3,Q","8,Q"
02f5422b,1326,1,25,1000,975,-25,L,18,21,0,0,7,3,3,"5,8,5","7,3,A"
02f5422b,1326,2,25,975,950,-25,L,15,21,0,1,A,2,2,"5,10","A,K"
02f5422b,1326,3,25,950,925,-25,L,17,20,0,0,8,3,4,"K,4,3","8,2,2,8"
02f5422b,1326,4,25,925,950,25,W,20,17,0,0,2,2,3,"10,J","2,Q,5"
02f5422b,1326,5,75,950,1062,112,W,21,14,1,0,J,2,2,"10,A","J,4"
02f5422b,1326,6,50,1062,1012,-50,L,25,19,0,0,K,4,2,"5,9,A,K","K,9"
02f5422b,1326,7,25,1012,1037,25,W,17,22,0,0,6,2,3,"A,6","6,6,10"
02f5422b,1326,8,75,1037,962,-75,L,24,12,0,0,9,3,2,"Q,6,8","9,3"
02f5422b,1326,9,25,962,937,-25,L,17,20,0,0,Q,4,2,"A,A,J,5","Q,J"
02f5422b,1326,10,25,937,912,-25,L,17,20,0,0,9,2,2,"Q,7","9,A"
02f5422b,1326,11,25,912,887,-25,L,24,13,0,0,K,4,2,"3,4,7,J","K,3"
02f5422b,1326,12,25,887,862,-25,L,24,16,0,0,Q,3,2,"10,5,9","Q,6"
02f5422b,1326,13,25,862,887,25,W,17,25,0,0,K,2,4,"7,Q","K,3,2,Q"
02f5422b,1326,14,75,887,962,75,W,18,26,0,0,Q,3,5,"2,6,Q","Q,3,2,A,10"
02f5422b,1326,15,50,962,1012,50,W,18,24,0,0,8,4,3,"3,A,A,3","8,6,K"
02f5422b,1326,16,150,1012,1162,150,W,20,17,0,0,5,2,3,"Q,10","5,J,2"
02f5422b,1326,17,25,1162,1212,50,W,14,23,0,0,5,3,4,"8,3,3","5,5,3,Q"
02f5422b,1326,18,75,1212,1287,75,W,19,18,0,0,Q,2,3,"9,Q","Q,4,4"
0979f39a,1326,1,25,1000,1025,25,W,18,17,0,0,10,5,2,"2,3,4,7,2","10,7"
0979f39a,1326,2,75,1025,1100,75,W,18,23,0,0,8,2,3,"J,8","8,7,8"
0979f39a,1326,3,50,1100,1050,-50,L,25,13,0,0,7,4,2,"A,4,Q,10","7,6"
0979f39a,1326,4,25,1050,1025,-25,L,12,21,0,1,10,2,2,"5,7","10,A"
0979f39a,1326,5,25,1025,1000,-25,L,14,17,0,0,6,2,2,"4,J","6,A"
0979f39a,1326,6,25,1000,1000,0,P,20,20,0,0,4,2,3,"10,10","4,8,8"
0979f39a,1326,7,25,1000,1025,25,W,20,17,0,0,A,3,2,"2,10,8","A,6"
0979f39a,1326,8,75,1025,950,-75,L,16,20,0,0,5,2,4,"6,Q","5,3,4,8"
0979f39a,1326,9,25,950,925,-25,L,20,21,0,0,6,2,3,"Q,K","6,5,J"
0979f39a,1326,10,25,925,975,50,W,12,24,0,0,K,3,3,"8,3,A","K,4,Q"
0979f39a,1326,11,75,975,900,-75,L,18,21,0,1,A,2,2,"8,10","A,10"
0979f39a,1326,12,25,900,900,0,P,21,21,0,0,7,4,4,"5,3,4,9","7,5,3,6"
0979f39a,1326,13,25,900,875,-25,L,16,21,0,0,6,4,3,"3,3,2,8","6,9,6"
0979f39a,1326,14,25,875,900,25,W,20,22,0,0,Q,2,3,"J,10","Q,5,7"
0979f39a,1326,15,75,900,825,-75,L,17,18,0,0,8,4,2,"2,7,3,5","8,10"
0979f39a,1326,16,25,825,850,25,W,17,24,0,0,4,2,3,"6,A","4,J,J"
0979f39a,1326,17,75,850,775,-75,L,24,13,0,0,K,3,2,"4,Q,10","K,3"
0979f39a,1326,18,25,775,750,-25,L,17,19,0,0,9,3,2,"2,5,K","9,Q"
eb5487b0,1326,1,25,1000,975,-25,L,26,20,0,0,K,3,2,"9,7,10","K,10"
eb5487b0,1326,2,25,975,1000,25,W,12,23,0,0,5,3,3,"5,3,4","5,Q,8"
eb5487b0,1326,3,75,1000,1000,0,P,18,18,0,0,K,2,2,"7,A","K,8"
eb5487b0,1326,4,25,1000,975,-25,L,24,13,0,0,J,3,2,"4,K,10","J,3"
eb5487b0,1326,5,25,975,1000,25,W,20,19,0,0,K,2,3,"K,10","K,4,5"
eb5487b0,1326,6,75,1000,850,-150,L,12,21,0,0,5,3,6,"5,6,A","5,2,5,2,A,6"
eb5487b0,1326,7,25,850,800,-50,L,13,18,0,0,10,3,2,"5,6,2","10,8"
eb5487b0,1326,8,25,800,825,25,W,15,23,0,0,4,2,5,"4,A","4,2,4,3,K"
eb5487b0,1326,9,75,825,937,112,W,21,13,1,0,K,2,2,"A,K","K,3"
eb5487b0,1326,10,50,937,887,-50,L,17,18,0,0,10,4,2,"2,8,3,4","10,8"
eb5487b0,1326,11,25,887,862,-25,L,18,20,0,0,K,3,2,"K,4,4","K,Q"
eb5487b0,1326,12,25,862,887,25,W,14,23,0,0,3,2,3,"A,3","3,10,Q"
eb5487b0,1326,13,75,887,1037,150,W,21,19,0,0,9,3,2,"8,3,10","9,Q"
eb5487b0,1326,14,50,1037,1087,50,W,16,25,0,0,5,2,3,"A,5","5,10,10"
eb5487b0,1326,15,150,1087,937,-150,L,14,18,0,0,4,2,4,"9,5","4,3,4,7"
eb5487b0,1326,16,25,937,987,50,W,20,18,0,0,4,3,4,"6,5,9","4,4,5,5"
eb5487b0,1326,17,75,987,1099,112,W,21,16,1,0,Q,2,2,"Q,A","Q,6"
eb5487b0,1326,18,50,1099,1149,50,W,18,17,0,0,A,2,2,"7,A","A,6"
8909ce9a,1326,1,25,1000,975,-25,L,23,18,0,0,7,3,2,"7,9,7","7,A"
8909ce9a,1326,2,25,975,1000,25,W,18,22,0,0,5,2,4,"8,K","5,A,7,9"
8909ce9a,1326,3,75,1000,925,-75,L,25,14,0,0,Q,3,2,"6,9,Q","Q,4"
8909ce9a,1326,4,25,925,900,-25,L,5,21,0,1,J,2,2,"2,3","J,A"
8909ce9a,1326,5,25,900,875,-25,L,15,20,0,0,5,2,3,"9,6","5,5,J"
8909ce9a,1326,6,25,875,912,37,W,21,17,1,0,J,2,2,"A,10","J,7"
8909ce9a,1326,7,75,912,1062,150,W,21,17,0,0,7,3,2,"5,6,10","7,K"
8909ce9a,1326,8,50,1062,1162,100,W,13,23,0,0,10,3,3,"9,2,2","10,3,J"
8909ce9a,1326,9,150,1162,1312,150,W,19,24,0,0,Q,3,3,"5,3,A","Q,4,10"
8909ce9a,1326,10,25,1312,1287,-25,L,18,20,0,0,3,2,3,"J,8","3,Q,7"
8909ce9a,1326,11,25,1287,1287,0,P,20,20,0,0,K,4,3,"6,3,4,7","K,4,6"
8909ce9a,1326,12,25,1287,1312,25,W,18,17,0,0,9,3,2,"4,4,10","9,8"
8909ce9a,1326,13,75,1312,1387,75,W,21,17,0,0,8,3,2,"A,2,8","8,9"
8909ce9a,1326,14,50,1387,1337,-50,L,18,19,0,0,9,3,2,"J,5,3","9,10"
8909ce9a,1326,15,25,1337,1337,0,P,20,20,0,0,J,3,3,"9,2,9","J,3,7"
8909ce9a,1326,16,25,1337,1312,-25,L,15,21,0,1,A,2,2,"5,K","A,K"
8909ce9a,1326,17,25,1312,1262,-50,L,13,21,0,0,2,3,3,"4,6,3","2,J,9"
8909ce9a,1326,18,25,1262,1312,50,W,21,26,0,0,6,3,3,"6,5,J","6,K,Q"
b4e9bcf2,1326,1,25,1000,975,-25,L,22,18,0,0,10,3,2,"2,J,10","10,8"
b4e9bcf2,1326,2,25,975,950,-25,L,15,20,0,0,2,2,4,"6,9","2,6,2,Q"
b4e9bcf2,1326,3,25,950,975,25,W,18,23,0,0,7,3,3,"2,K,6","7,6,Q"
b4e9bcf2,1326,4,75,975,900,-75,L,16,19,0,0,6,2,3,"6,10","6,3,Q"
b4e9bcf2,1326,5,25,900,875,-25,L,25,20,0,0,10,3,2,"5,J,Q","10,J"
b4e9bcf2,1326,6,25,875,850,-25,L,24,13,0,0,K,3,2,"4,J,J","K,3"
b4e9bcf2,1326,7,25,850,875,25,W,21,20,0,0,K,3,2,"9,5,7","K,K"
b4e9bcf2,1326,8,75,875,800,-75,L,24,13,0,0,K,3,2,"4,J,J","K,3"
b4e9bcf2,1326,9,25,800,775,-25,L,18,19,0,0,K,3,3,"Q,4,4","K,4,5"
b4e9bcf2,1326,10,25,775,775,0,P,19,19,0,0,A,3,3,"2,9,8","A,2,6"
b4e9bcf2,1326,11,25,775,800,25,W,17,23,0,0,9,2,3,"Q,7","9,4,10"
b4e9bcf2,1326,12,75,800,950,150,W,21,24,0,0,3,3,4,"2,8,A","3,A,J,Q"
b4e9bcf2,1326,13,50,950,900,-50,L,18,19,0,0,3,2,3,"8,Q","3,6,10"
b4e9bcf2,1326,14,25,900,925,25,W,20,18,0,0,8,3,2,"2,J,8","8,Q"
b4e9bcf2,1326,15,75,925,850,-75,L,19,21,0,0,7,4,3,"3,2,Q,4","7,3,A"
b4e9bcf2,1326,16,25,850,825,-25,L,13,21,0,1,J,2,2,"4,9","J,A"
b4e9bcf2,1326,17,25,825,875,50,W,20,26,0,0,6,3,3,"4,6,J","6,Q,K"
b4e9bcf2,1326,18,75,875,950,75,W,21,19,0,0,9,3,3,"Q,6,5","9,5,5"
f7adcd38,1326,1,25,1000,1037,37,W,21,11,1,0,3,2,2,"A,J","3,8"
f7adcd38,1326,2,75,1037,962,-75,L,13,18,0,0,3,2,3,"8,5","3,9,6"
f7adcd38,1326,3,25,962,937,-25,L,23,17,0,0,10,3,2,"5,9,9","10,7"
f7adcd38,1326,4,25,937,962,25,W,21,18,0,0,Q,3,2,"K,5,6","Q,8"
f7adcd38,1326,5,75,962,887,-75,L,11,21,0,1,A,2,2,"5,6","A,10"
f7adcd38,1326,6,25,887,912,25,W,21,18,0,0,7,5,2,"3,2,A,J,5","7,A"
f7adcd38,1326,7,75,912,837,-75,L,22,18,0,0,J,3,2,"K,2,Q","J,8"
f7adcd38,1326,8,25,837,812,-25,L,16,20,0,0,6,2,3,"8,8","6,7,7"
f7adcd38,1326,9,25,812,787,-25,L,22,15,0,0,J,3,2,"Q,5,7","J,5"
f7adcd38,1326,10,25,787,762,-25,L,26,16,0,0,Q,4,2,"A,5,J,K","Q,6"
f7adcd38,1326,11,25,762,787,25,W,13,22,0,0,4,2,3,"6,7","4,8,Q"
f7adcd38,1326,12,75,787,937,150,W,20,24,0,0,3,3,4,"2,8,K","3,J,A,10"
f7adcd38,1326,13,50,937,887,-50,L,18,20,0,0,10,3,3,"Q,5,3","10,4,6"
f7adcd38,1326,14,25,887,912,25,W,15,23,0,0,3,2,3,"6,9","3,J,J"
f7adcd38,1326,15,75,912,987,75,W,20,17,0,0,K,3,2,"A,A,8","K,7"
f7adcd38,1326,16,50,987,937,-50,L,18,20,0,0,J,4,2,"2,3,3,K","J,10"
f7adcd38,1326,17,25,937,912,-25,L,17,20,0,0,K,2,3,"7,10","K,6,4"
f7adcd38,1326,18,25,912,862,-50,L,12,18,0,0,A,3,3,"2,9,A","A,3,4"
1c63fa7f,1326,1,25,1000,1025,25,W,19,22,0,0,6,2,3,"8,A","6,6,J"
1c63fa7f,1326,2,75,1025,875,-150,L,16,20,0,0,Q,3,2,"4,7,5","Q,J"
1c63fa7f,1326,3,25,875,850,-25,L,22,20,0,0,10,4,2,"2,A,9,K","10,J"
1c63fa7f,1326,4,25,850,825,-25,L,22,14,0,0,7,3,2,"K,6,6","7,7"
1c63fa7f,1326,5,25,825,800,-25,L,13,19,0,0,3,2,3,"3,10","3,K,6"
1c63fa7f,1326,6,25,800,825,25,W,19,18,0,0,7,2,2,"9,J","7,A"
1c63fa7f,1326,7,75,825,750,-75,L,22,17,0,0,A,3,2,"J,3,9","A,6"
1c63fa7f,1326,8,25,750,775,25,W,19,18,0,0,10,3,3,"5,4,10","10,2,6"
1c63fa7f,1326,9,75,775,700,-75,L,25,17,0,0,K,3,2,"5,J,Q","K,7"
1c63fa7f,1326,10,25,700,675,-25,L,16,21,0,0,4,2,3,"Q,6","4,J,7"
1c63fa7f,1326,11,25,675,700,25,W,15,24,0,0,4,2,3,"6,9","4,Q,K"
1c63fa7f,1326,12,75,700,775,75,W,13,26,0,0,3,2,4,"K,3","3,3,10,Q"
1c63fa7f,1326,13,50,775,825,50,W,20,22,0,0,J,3,3,"4,K,6","J,3,9"
1c63fa7f,1326,14,150,825,1125,300,W,18,24,0,0,3,3,4,"7,2,9","3,5,6,Q"
1c63fa7f,1326,15,25,1125,1175,50,W,15,22,0,0,7,3,3,"6,5,4","7,7,8"
1c63fa7f,1326,16,75,1175,1250,75,W,20,17,0,0,4,2,3,"10,10","4,3,Q"
1c63fa7f,1326,17,50,1250,1300,50,W,20,17,0,0,Q,2,2,"K,J","Q,7"
1c63fa7f,1326,18,150,1300,1450,150,W,20,26,0,0,8,2,3,"9,A","8,8,Q"
4af50970,1326,1,25,1000,975,-25,L,19,21,0,1,K,2,2,"8,A","K,A"
4af50970,1326,2,25,975,1012,37,W,21,20,1,0,Q,2,2,"A,K","Q,Q"
4af50970,1326,3,75,1012,937,-75,L,26,18,0,0,8,3,2,"6,Q,Q","8,10"
4af50970,1326,4,25,937,912,-25,L,19,20,0,0,A,4,3,"3,4,5,7","A,A,8"
4af50970,1326,5,25,912,887,-25,L,18,20,0,0,7,4,3,"2,3,9,4","7,5,8"
4af50970,1326,6,25,887,912,25,W,20,19,0,0,J,2,2,"K,J","J,9"
4af50970,1326,7,75,912,837,-75,L,19,20,0,0,10,4,2,"5,2,2,10","10,K"
4af50970,1326,8,25,837,862,25,W,15,22,0,0,2,3,5,"3,2,Q","2,5,2,4,9"
4af50970,1326,9,75,862,937,75,W,19,17,0,0,A,2,2,"9,J","A,6"
4af50970,1326,10,50,937,987,50,W,19,26,0,0,10,3,4,"4,9,6","10,4,2,K"
4af50970,1326,11,150,987,837,-150,L,15,19,0,0,5,2,4,"7,8","5,2,2,K"
4af50970,1326,12,25,837,874,37,W,21,16,1,0,6,2,2,"A,10","6,K"
4af50970,1326,13,75,874,799,-75,L,24,19,0,0,8,4,2,"2,5,7,10","8,A"
4af50970,1326,14,25,799,749,-50,L,19,20,0,0,5,3,3,"2,7,K","5,5,K"
4af50970,1326,15,25,749,724,-25,L,25,20,0,0,A,3,2,"6,10,9","A,9"
4af50970,1326,16,25,724,699,-25,L,14,21,0,1,A,2,2,"K,4","A,Q"
4af50970,1326,17,25,699,674,-25,L,24,14,0,0,7,4,2,"6,3,5,J","7,7"
4af50970,1326,18,25,674,699,25,W,20,19,0,0,J,3,2,"6,3,A","J,9"
189f78d0,1326,1,25,1000,1025,25,W,20,19,0,0,8,4,4,"10,3,A,6","8,3,3,5"
189f78d0,1326,2,75,1025,950,-75,L,16,21,0,1,A,2,2,"10,6","A,10"
189f78d0,1326,3,25,950,950,0,P,18,18,0,0,8,4,2,"2,4,J,2","8,10"
189f78d0,1326,4,25,950,975,25,W,21,24,0,0,8,3,3,"6,Q,5","8,8,8"
189f78d0,1326,5,75,975,1050,75,W,20,17,0,0,Q,2,2,"Q,Q","Q,7"
189f78d0,1326,6,50,1050,1000,-50,L,24,14,0,0,A,3,2,"6,Q,8","A,3"
189f78d0,1326,7,25,1000,1025,25,W,17,25,0,0,5,3,3,"3,4,Q","5,10,K"
189f78d0,1326,8,75,1025,1100,75,W,19,18,0,0,J,2,3,"K,9","J,6,2"
189f78d0,1326,9,50,1100,1150,50,W,16,26,0,0,6,3,3,"2,3,A","6,10,K"
189f78d0,1326,10,150,1150,1150,0,P,20,20,0,0,6,2,3,"10,10","6,4,K"
189f78d0,1326,11,25,1150,1125,-25,L,22,11,0,0,9,3,2,"6,J,6","9,2"
189f78d0,1326,12,25,1125,1150,25,W,20,19,0,0,7,2,3,"K,10","7,2,K"
189f78d0,1326,13,75,1150,1075,-75,L,23,12,0,0,7,3,2,"J,5,8","7,5"
189f78d0,1326,14,25,1075,1050,-25,L,26,18,0,0,8,3,2,"K,6,K","8,J"
189f78d0,1326,15,25,1050,1025,-25,L,23,19,0,0,A,3,2,"10,3,K","A,8"
189f78d0,1326,16,25,1025,1000,-25,L,15,20,0,0,3,2,3,"5,J","3,7,Q"
189f78d0,1326,17,25,1000,975,-25,L,22,9,0,0,2,3,2,"7,5,K","2,7"
189f78d0,1326,18,25,975,925,-50,L,18,21,0,0,4,3,3,"3,7,8","4,7,K"
0e3a0642,1326,1,25,1000,1025,25,W,18,17,0,0,7,3,2,"Q,4,4","7,10"
0e3a0642,1326,2,75,1025,950,-75,L,20,21,0,0,2,2,4,"J,K","2,4,5,J"
0e3a0642,1326,3,25,950,975,25,W,13,25,0,0,4,2,4,"3,10","4,10,A,K"
0e3a0642,1326,4,75,975,900,-75,L,14,18,0,0,2,2,3,"6,8","2,Q,6"
0e3a0642,1326,5,25,900,925,25,W,19,24,0,0,9,2,3,"9,J","9,7,8"
0e3a0642,1326,6,75,925,850,-75,L,17,21,0,0,8,3,3,"2,J,5","8,4,9"
0e3a0642,1326,7,25,850,900,50,W,20,23,0,0,3,3,3,"4,6,J","3,K,K"
0e3a0642,1326,8,75,900,750,-150,L,18,20,0,0,3,3,4,"7,3,8","3,3,4,Q"
0e3a0642,1326,9,25,750,775,25,W,19,18,0,0,Q,3,2,"6,6,7","Q,8"
0e3a0642,1326,10,75,775,850,75,W,21,23,0,0,9,4,3,"A,2,A,7","9,4,Q"
0e3a0642,1326,11,50,850,850,0,P,19,19,0,0,Q,2,3,"A,8","Q,4,5"
0e3a0642,1326,12,25,850,825,-25,L,16,19,0,0,3,2,3,"6,Q","3,6,10"
0e3a0642,1326,13,25,825,775,-50,L,19,20,0,0,5,3,3,"6,5,8","5,5,Q"
0e3a0642,1326,14,25,775,750,-25,L,13,21,0,1,Q,2,2,"5,8","Q,A"
0e3a0642,1326,15,25,750,775,25,W,20,23,0,0,2,2,5,"J,Q","2,4,7,A,9"
0e3a0642,1326,16,75,775,700,-75,L,18,19,0,0,9,3,2,"3,6,9","9,J"
0e3a0642,1326,17,25,700,725,25,W,14,22,0,0,2,2,3,"J,4","2,J,Q"
0e3a0642,1326,18,75,725,650,-75,L,26,13,0,0,8,4,2,"2,4,J,K","8,5"
cad2e9c7,1326,1,25,1000,975,-25,L,13,21,0,1,J,2,2,"2,A","J,A"
cad2e9c7,1326,2,25,975,1000,25,W,18,17,0,0,7,2,2,"7,A","7,K"
cad2e9c7,1326,3,75,1000,1075,75,W,19,18,0,0,8,2,2,"9,K","8,Q"
cad2e9c7,1326,4,50,1075,1125,50,W,15,23,0,0,3,3,3,"J,2,3","3,Q,Q"
cad2e9c7,1326,5,150,1125,975,-150,L,17,20,0,0,3,2,3,"J,7","3,10,7"
cad2e9c7,1326,6,25,975,975,0,P,20,20,0,0,J,2,2,"9,A","J,10"
cad2e9c7,1326,7,25,975,950,-25,L,16,17,0,0,6,2,2,"6,Q","6,A"
cad2e9c7,1326,8,25,950,975,25,W,17,22,0,0,K,2,3,"J,7","K,2,J"
cad2e9c7,1326,9,75,975,900,-75,L,17,20,0,0,9,3,2,"7,5,5","9,A"
cad2e9c7,1326,10,25,900,875,-25,L,14,18,0,0,5,2,3,"5,9","5,5,8"
cad2e9c7,1326,11,25,875,875,0,P,21,21,1,1,A,2,2,"A,10","A,J"
cad2e9c7,1326,12,25,875,900,25,W,15,25,0,0,5,2,5,"5,Q","5,A,8,2,9"
cad2e9c7,1326,13,75,900,825,-75,L,17,19,0,0,9,5,3,"2,3,4,2,6","9,3,7"
cad2e9c7,1326,14,25,825,825,0,P,20,20,0,0,K,3,2,"6,7,7","K,K"
cad2e9c7,1326,15,25,825,850,25,W,20,17,0,0,9,3,2,"9,7,4","9,8"
cad2e9c7,1326,16,75,850,850,0,P,17,17,0,0,6,2,2,"Q,7","6,A"
cad2e9c7,1326,17,25,850,825,-25,L,17,20,0,0,10,2,2,"7,J","10,Q"
cad2e9c7,1326,18,25,825,800,-25,L,13,17,0,0,6,2,3,"4,9","6,8,3"
e8cfbca7,1326,1,25,1000,975,-25,L,12,20,0,0,4,2,3,"8,4","4,Q,6"
e8cfbca7,1326,2,25,975,950,-25,L,23,12,0,0,A,3,2,"3,Q,J","A,A"
e8cfbca7,1326,3,25,950,925,-25,L,20,21,0,0,Q,2,3,"A,9","Q,5,6"
e8cfbca7,1326,4,25,925,950,25,W,21,17,0,0,J,4,3,"3,A,10,7","J,4,3"
e8cfbca7,1326,5,75,950,1025,75,W,17,22,0,0,2,2,3,"7,K","2,K,Q"
e8cfbca7,1326,6,50,1025,1075,50,W,19,18,0,0,K,2,2,"J,9","K,8"
e8cfbca7,1326,7,150,1075,1225,150,W,16,25,0,0,2,2,4,"5,A","2,J,3,K"
e8cfbca7,1326,8,25,1225,1250,25,W,21,17,0,0,7,3,2,"A,4,6","7,Q"
e8cfbca7,1326,9,75,1250,1325,75,W,14,23,0,0,3,2,4,"9,5","3,A,9,Q"
e8cfbca7,1326,10,50,1325,1325,0,P,17,17,0,0,7,2,3,"9,8","7,2,8"
e8cfbca7,1326,11,25,1325,1325,0,P,17,17,0,0,7,3,3,"J,3,4","7,7,3"
e8cfbca7,1326,12,25,1325,1350,25,W,16,25,0,0,6,2,5,"9,7","6,3,3,3,K"
e8cfbca7,1326,13,75,1350,1425,75,W,19,26,0,0,5,2,4,"10,9","5,Q,A,Q"
e8cfbca7,1326,14,50,1425,1525,100,W,19,23,0,0,5,3,3,"3,6,J","5,Q,8"
e8cfbca7,1326,15,150,1525,1750,225,W,21,14,1,0,4,2,2,"K,A","4,J"
e8cfbca7,1326,16,25,1750,1725,-25,L,12,20,0,0,6,2,3,"2,Q","6,9,5"
e8cfbca7,1326,17,25,1725,1775,50,W,15,23,0,0,6,3,4,"6,4,5","6,5,2,K"
e8cfbca7,1326,18,75,1775,1700,-75,L,16,21,0,0,6,2,3,"6,J","6,4,A"
0430bcae,1326,1,25,1000,975,-25,L,18,21,0,0,2,2,3,"10,8","2,Q,9"
0430bcae,1326,2,25,975,1000,25,W,14,22,0,0,5,2,3,"9,5","5,J,7"
0430bcae,1326,3,75,1000,1112,112,W,21,20,1,0,K,2,2,"A,Q","K,Q"
0430bcae,1326,4,50,1112,1162,50,W,20,23,0,0,7,4,4,"3,2,10,5","7,6,2,8"
0430bcae,1326,5,150,1162,1462,300,W,21,19,0,0,2,3,3,"8,2,A","2,8,9"
0430bcae,1326,6,25,1462,1487,25,W,16,24,0,0,4,2,4,"K,6","4,4,6,J"
0430bcae,1326,7,75,1487,1562,75,W,20,18,0,0,10,5,4,"5,8,2,A,4","10,4,A,3"
0430bcae,1326,8,50,1562,1612,50,W,20,19,0,0,K,2,2,"J,K","K,9"
0430bcae,1326,9,150,1612,1462,-150,L,25,17,0,0,A,3,2,"5,K,Q","A,6"
0430bcae,1326,10,25,1462,1437,-25,L,24,20,0,0,J,4,2,"3,A,Q,10","J,J"
0430bcae,1326,11,25,1437,1437,0,P,20,20,0,0,7,2,3,"K,Q","7,3,10"
0430bcae,1326,12,25,1437,1462,25,W,20,18,0,0,8,2,2,"K,10","8,10"
0430bcae,1326,13,75,1462,1387,-75,L,17,20,0,0,6,2,3,"7,K","6,8,6"
0430bcae,1326,14,25,1387,1362,-25,L,22,13,0,0,K,3,2,"7,5,K","K,3"
0430bcae,1326,15,25,1362,1337,-25,L,18,19,0,0,10,3,2,"4,A,3","10,9"
0430bcae,1326,16,25,1337,1312,-25,L,13,19,0,0,2,2,4,"7,6","2,J,3,4"
0430bcae,1326,17,25,1312,1287,-25,L,26,17,0,0,10,5,2,"A,3,8,4,K","10,7"
0430bcae,1326,18,25,1287,1262,-25,L,12,20,0,0,4,2,3,"3,9","4,Q,6"
f1a1105f,1326,1,25,1000,950,-50,L,15,20,0,0,K,3,2,"8,3,4","K,Q"
f1a1105f,1326,2,25,950,925,-25,L,23,20,0,0,K,3,2,"5,Q,8","K,K"
f1a1105f,1326,3,25,925,925,0,P,20,20,0,0,Q,2,2,"A,9","Q,10"
f1a1105f,1326,4,25,925,950,25,W,18,25,0,0,5,3,3,"5,2,A","5,10,K"
f1a1105f,1326,5,75,950,875,-75,L,17,21,0,0,J,3,3,"5,5,7","J,6,5"
f1a1105f,1326,6,25,875,850,-25,L,16,21,0,1,A,2,2,"K,6","A,K"
f1a1105f,1326,7,25,850,875,25,W,20,18,0,0,6,2,3,"10,J","6,3,9"
f1a1105f,1326,8,75,875,1025,150,W,20,24,0,0,3,3,4,"5,5,Q","3,2,9,10"
f1a1105f,1326,9,50,1025,1075,50,W,20,25,0,0,J,2,4,"Q,Q","J,3,2,10"
f1a1105f,1326,10,150,1075,775,-300,L,18,20,0,0,4,3,3,"2,9,7","4,6,10"
f1a1105f,1326,11,25,775,800,25,W,18,22,0,0,K,4,3,"3,2,J,3","K,3,9"
f1a1105f,1326,12,75,800,725,-75,L,13,17,0,0,4,2,5,"7,6","4,2,3,7,A"
f1a1105f,1326,13,25,725,700,-25,L,17,21,0,1,A,2,2,"6,A","A,10"
f1a1105f,1326,14,25,700,725,25,W,18,22,0,0,7,3,3,"6,8,4","7,8,7"
f1a1105f,1326,15,75,725,650,-75,L,18,20,0,0,3,3,5,"4,4,Q","3,2,4,2,9"
f1a1105f,1326,16,25,650,625,-25,L,23,20,0,0,Q,3,2,"Q,3,J","Q,Q"
f1a1105f,1326,17,25,625,575,-50,L,15,20,0,0,4,3,3,"5,4,6","4,8,8"
f1a1105f,1326,18,25,575,612,37,W,21,10,1,0,8,2,2,"A,K","8,2"
a8489b4e,1326,1,25,1000,975,-25,L,25,20,0,0,10,3,2,"10,6,9","10,J"
a8489b4e,1326,2,25,975,950,-25,L,22,10,0,0,2,3,2,"10,2,Q","2,8"
a8489b4e,1326,3,25,950,925,-25,L,19,20,0,0,9,2,4,"9,K","9,2,4,5"
a8489b4e,1326,4,25,925,900,-25,L,23,20,0,0,10,4,2,"3,4,6,Q","10,10"
a8489b4e,1326,5,25,900,950,50,W,17,23,0,0,3,3,3,"4,6,7","3,Q,10"
a8489b4e,1326,6,75,950,1025,75,W,18,22,0,0,K,2,3,"9,9","K,2,K"
a8489b4e,1326,7,50,1025,1075,50,W,14,26,0,0,3,2,5,"K,4","3,2,A,J,K"
a8489b4e,1326,8,150,1075,925,-150,L,17,21,0,1,A,2,2,"A,6","A,J"
a8489b4e,1326,9,25,925,900,-25,L,17,21,0,0,7,3,3,"6,2,9","7,7,7"
a8489b4e,1326,10,25,900,900,0,P,21,21,1,1,Q,2,2,"A,10","Q,A"
a8489b4e,1326,11,25,900,950,50,W,21,26,0,0,9,3,3,"7,4,10","9,7,K"
a8489b4e,1326,12,75,950,875,-75,L,15,17,0,0,5,2,3,"K,5","5,J,2"
a8489b4e,1326,13,25,875,850,-25,L,19,20,0,0,Q,3,2,"2,8,9","Q,10"
a8489b4e,1326,14,25,850,825,-25,L,13,18,0,0,6,2,3,"3,10","6,8,4"
a8489b4e,1326,15,25,825,800,-25,L,14,17,0,0,5,2,3,"9,5","5,9,3"
a8489b4e,1326,16,25,800,775,-25,L,13,20,0,0,3,3,3,"10,2,A","3,9,8"
a8489b4e,1326,17,25,775,750,-25,L,23,12,0,0,10,3,2,"8,5,10","10,2"
a8489b4e,1326,18,25,750,775,25,W,20,24,0,0,5,2,3,"Q,J","5,9,K"
9d53d4a0,1326,1,25,1000,1025,25,W,18,17,0,0,6,2,2,"K,8","6,A"
9d53d4a0,1326,2,75,1025,1025,0,P,20,20,0,0,J,2,2,"Q,Q","J,K"
9d53d4a0,1326,3,25,1025,1000,-25,L,20,21,0,1,J,2,2,"K,J","J,A"
9d53d4a0,1326,4,25,1000,975,-25,L,14,17,0,0,2,3,3,"4,5,5","2,9,6"
9d53d4a0,1326,5,25,975,1000,25,W,20,23,0,0,J,3,3,"6,9,5","J,5,8"
9d53d4a0,1326,6,75,1000,1000,0,P,19,19,0,0,4,2,5,"9,Q","4,5,2,2,6"
9d53d4a0,1326,7,25,1000,1025,25,W,14,26,0,0,6,2,4,"10,4","6,6,4,10"
9d53d4a0,1326,8,75,1025,1100,75,W,14,23,0,0,3,2,3,"6,8","3,K,10"
9d53d4a0,1326,9,50,1100,1000,-100,L,15,19,0,0,9,3,2,"4,7,4","9,10"
9d53d4a0,1326,10,25,1000,1000,0,P,21,21,1,1,Q,2,2,"10,A","Q,A"
9d53d4a0,1326,11,25,1000,1025,25,W,19,23,0,0,A,3,5,"2,8,9","A,4,7,A,Q"
9d53d4a0,1326,12,75,1025,1100,75,W,21,17,0,0,7,3,2,"J,5,6","7,Q"
9d53d4a0,1326,13,50,1100,1050,-50,L,17,20,0,0,10,3,2,"7,6,4","10,J"
9d53d4a0,1326,14,25,1050,1025,-25,L,23,14,0,0,9,3,2,"3,10,K","9,5"
9d53d4a0,1326,15,25,1025,1000,-25,L,18,20,0,0,Q,2,2,"10,8","Q,10"
9d53d4a0,1326,16,25,1000,975,-25,L,16,17,0,0,5,3,4,"4,4,8","5,7,2,3"
9d53d4a0,1326,17,25,975,1012,37,W,21,19,1,0,K,2,2,"A,J","K,9"
9d53d4a0,1326,18,75,1012,937,-75,L,16,21,0,1,A,2,2,"8,8","A,Q"
76714bc6,1326,1,25,1000,1025,25,W,20,26,0,0,10,3,4,"A,5,4","10,4,2,10"
76714bc6,1326,2,75,1025,1100,75,W,19,18,0,0,A,3,2,"Q,3,6","A,7"
76714bc6,1326,3,50,1100,1175,75,W,21,16,1,0,A,2,2,"Q,A","A,5"
76714bc6,1326,4,150,1175,1025,-150,L,19,21,0,0,2,3,3,"J,2,7","2,10,9"
76714bc6,1326,5,25,1025,1062,37,W,21,10,1,0,4,2,2,"A,K","4,6"
76714bc6,1326,6,75,1062,1137,75,W,13,23,0,0,5,2,3,"K,3","5,8,K"
76714bc6,1326,7,50,1137,1037,-100,L,12,19,0,0,6,3,3,"8,2,2","6,4,9"
76714bc6,1326,8,25,1037,1012,-25,L,18,20,0,0,Q,2,4,"J,8","Q,3,2,5"
76714bc6,1326,9,25,1012,987,-25,L,25,18,0,0,9,3,2,"7,9,9","9,9"
76714bc6,1326,10,25,987,1012,25,W,19,22,0,0,J,4,3,"7,8,A,3","J,3,9"
76714bc6,1326,11,75,1012,937,-75,L,19,21,0,0,A,3,3,"4,5,Q","A,4,6"
76714bc6,1326,12,25,937,912,-25,L,15,20,0,0,4,2,4,"J,5","4,8,4,4"
76714bc6,1326,13,25,912,887,-25,L,17,20,0,0,10,3,2,"9,5,3","10,J"
76714bc6,1326,14,25,887,862,-25,L,26,12,0,0,8,3,2,"8,8,Q","8,4"
76714bc6,1326,15,25,862,887,25,W,20,17,0,0,Q,3,2,"J,2,8","Q,7"
76714bc6,1326,16,75,887,962,75,W,18,22,0,0,9,3,3,"10,5,3","9,4,9"
76714bc6,1326,17,50,962,1062,100,W,21,20,0,0,8,3,4,"3,8,10","8,5,2,5"
76714bc6,1326,18,150,1062,912,-150,L,23,20,0,0,Q,3,2,"K,6,7","Q,10"
26f640d0,1326,1,25,1000,975,-25,L,13,17,0,0,3,2,3,"A,2","3,Q,4"
26f640d0,1326,2,25,975,925,-50,L,17,20,0,0,6,3,3,"4,6,7","6,8,6"
26f640d0,1326,3,25,925,925,0,P,18,18,0,0,5,2,3,"J,8","5,4,9"
26f640d0,1326,4,25,925,900,-25,L,17,20,0,0,9,2,2,"10,7","9,A"
26f640d0,1326,5,25,900,925,25,W,19,17,0,0,8,2,3,"9,K","8,3,6"
26f640d0,1326,6,75,925,850,-75,L,17,19,0,0,4,2,3,"7,10","4,6,9"
26f640d0,1326,7,25,850,825,-25,L,17,20,0,0,5,2,3,"K,7","5,5,10"
26f640d0,1326,8,25,825,800,-25,L,17,19,0,0,8,3,3,"4,5,8","8,8,3"
26f640d0,1326,9,25,800,775,-25,L,25,13,0,0,10,3,2,"J,5,J","10,3"
26f640d0,1326,10,25,775,800,25,W,19,18,0,0,9,2,3,"Q,9","9,4,5"
26f640d0,1326,11,75,800,875,75,W,17,26,0,0,3,4,4,"3,4,4,6","3,5,8,J"
26f640d0,1326,12,50,875,875,0,P,21,21,1,1,J,2,2,"Q,A","J,A"
26f640d0,1326,13,25,875,850,-25,L,24,19,0,0,A,3,2,"Q,4,K","A,8"
26f640d0,1326,14,25,850,850,0,P,17,17,0,0,2,3,3,"5,6,6","2,8,7"
26f640d0,1326,15,25,850,875,25,W,19,17,0,0,7,4,2,"4,Q,2,3","7,K"
26f640d0,1326,16,75,875,950,75,W,18,17,0,0,10,2,2,"10,8","10,7"
26f640d0,1326,17,50,950,900,-50,L,23,18,0,0,J,3,2,"3,K,J","J,8"
26f640d0,1326,18,25,900,925,25,W,20,19,0,0,A,2,3,"Q,10","A,A,7"
2b77a83c,1326,1,25,1000,1025,25,W,19,22,0,0,J,3,3,"5,7,7","J,2,K"
2b77a83c,1326,2,75,1025,1137,112,W,21,16,1,0,8,2,2,"A,K","8,8"
2b77a83c,1326,3,50,1137,1087,-50,L,18,19,0,0,Q,3,2,"3,5,10","Q,9"
2b77a83c,1326,4,25,1087,1137,50,W,21,19,0,0,9,3,2,"2,8,A","9,10"
2b77a83c,1326,5,75,1137,1212,75,W,13,25,0,0,5,2,4,"3,Q","5,4,6,10"
2b77a83c,1326,6,50,1212,1162,-50,L,12,18,0,0,5,2,4,"2,Q","5,3,7,3"
2b77a83c,1326,7,25,1162,1199,37,W,21,12,1,0,J,2,2,"A,K","J,2"
2b77a83c,1326,8,75,1199,1124,-75,L,12,21,0,1,J,2,2,"4,8","J,A"
2b77a83c,1326,9,25,1124,1099,-25,L,12,21,0,1,A,2,2,"2,K","A,J"
2b77a83c,1326,10,25,1099,1074,-25,L,8,21,0,1,A,2,2,"4,4","A,10"
2b77a83c,1326,11,25,1074,1049,-25,L,22,17,0,0,7,3,2,"3,9,K","7,10"
2b77a83c,1326,12,25,1049,1024,-25,L,25,15,0,0,A,4,2,"3,J,2,Q","A,4"
2b77a83c,1326,13,25,1024,999,-25,L,23,20,0,0,K,3,2,"6,8,9","K,Q"
2b77a83c,1326,14,25,999,974,-25,L,12,18,0,0,6,2,3,"K,2","6,2,10"
2b77a83c,1326,15,25,974,999,25,W,18,22,0,0,9,2,4,"8,K","9,4,2,7"
2b77a83c,1326,16,75,999,1074,75,W,15,23,0,0,6,2,3,"9,6","6,7,10"
2b77a83c,1326,17,50,1074,1124,50,W,14,24,0,0,5,2,3,"3,A","5,10,9"
2b77a83c,1326,18,150,1124,974,-150,L,17,20,0,0,A,2,4,"K,7","A,4,10,5"
e03398b2,1326,1,25,1000,1050,50,W,14,23,0,0,J,3,3,"2,9,3","J,3,10"
e03398b2,1326,2,75,1050,1125,75,W,20,23,0,0,K,2,4,"Q,J","K,4,2,7"
e03398b2,1326,3,50,1125,1175,50,W,21,20,0,0,J,3,2,"6,9,6","J,Q"
e03398b2,1326,4,150,1175,1400,225,W,21,14,1,0,Q,2,2,"A,Q","Q,4"
e03398b2,1326,5,25,1400,1375,-25,L,14,19,0,0,2,2,3,"A,3","2,7,K"
e03398b2,1326,6,25,1375,1375,0,P,18,18,0,0,4,2,4,"8,10","4,9,3,2"
e03398b2,1326,7,25,1375,1400,25,W,20,19,0,0,6,2,3,"Q,Q","6,5,8"
e03398b2,1326,8,75,1400,1475,75,W,21,19,0,0,9,4,3,"2,6,7,6","9,5,5"
e03398b2,1326,9,50,1475,1525,50,W,16,24,0,0,6,2,4,"10,6","6,2,6,J"
e03398b2,1326,10,150,1525,1375,-150,L,19,21,0,0,K,2,3,"9,K","K,5,6"
e03398b2,1326,11,25,1375,1400,25,W,20,18,0,0,K,3,3,"7,3,10","K,4,4"
e03398b2,1326,12,75,1400,1475,75,W,19,25,0,0,3,2,4,"J,9","3,8,4,K"
e03398b2,1326,13,50,1475,1525,50,W,15,23,0,0,6,2,3,"4,A","6,7,Q"
e03398b2,1326,14,150,1525,1375,-150,L,18,19,0,0,4,3,4,"5,3,J","4,2,8,5"
e03398b2,1326,15,25,1375,1400,25,W,20,19,0,0,4,2,3,"10,J","4,7,8"
e03398b2,1326,16,75,1400,1325,-75,L,15,17,0,0,6,2,2,"8,7","6,A"
e03398b2,1326,17,25,1325,1350,25,W,21,18,0,0,K,3,2,"5,K,6","K,8"
e03398b2,1326,18,75,1350,1425,75,W,17,23,0,0,9,2,3,"9,8","9,4,J"
40f11c74,1326,1,25,1000,1000,0,P,20,20,0,0,9,3,2,"3,J,7","9,A"
40f11c74,1326,2,25,1000,975,-25,L,14,21,0,0,5,2,3,"9,5","5,10,6"
40f11c74,1326,3,25,975,975,0,P,20,20,0,0,7,2,3,"10,Q","7,9,4"
40f11c74,1326,4,25,975,1000,25,W,18,22,0,0,7,3,3,"J,2,6","7,6,9"
40f11c74,1326,5,75,1000,1000,0,P,20,20,0,0,K,2,2,"K,K","K,J"
40f11c74,1326,6,25,1000,950,-50,L,15,20,0,0,2,3,4,"4,6,5","2,4,J,4"
40f11c74,1326,7,25,950,925,-25,L,14,17,0,0,5,2,3,"7,7","5,5,7"
40f11c74,1326,8,25,925,950,25,W,20,23,0,0,J,2,3,"J,J","J,3,Q"
40f11c74,1326,9,75,950,875,-75,L,8,21,0,1,Q,2,2,"4,4","Q,A"
40f11c74,1326,10,25,875,850,-25,L,25,12,0,0,Q,4,2,"4,8,3,J","Q,2"
40f11c74,1326,11,25,850,825,-25,L,22,17,0,0,A,3,2,"3,Q,9","A,6"
40f11c74,1326,12,25,825,800,-25,L,12,18,0,0,4,2,3,"7,5","4,4,10"
40f11c74,1326,13,25,800,825,25,W,20,17,0,0,9,5,2,"2,A,Q,2,5","9,8"
40f11c74,1326,14,75,825,900,75,W,21,20,0,0,Q,4,2,"5,8,2,6","Q,K"
40f11c74,1326,15,50,900,950,50,W,17,23,0,0,K,3,3,"5,2,J","K,5,8"
40f11c74,1326,16,150,950,1100,150,W,20,19,0,0,J,2,3,"K,10","J,6,3"
40f11c74,1326,17,25,1100,1075,-25,L,19,21,0,0,8,4,3,"2,3,5,9","8,3,Q"
40f11c74,1326,18,25,1075,1025,-50,L,14,17,0,0,8,3,3,"2,9,3","8,4,5"
4281119f,1326,1,25,1000,1025,25,W,20,17,0,0,6,2,2,"10,10","6,A"
4281119f,1326,2,75,1025,1175,150,W,19,24,0,0,7,3,4,"7,3,9","7,4,4,9"
4281119f,1326,3,50,1175,1225,50,W,12,22,0,0,6,2,4,"4,8","6,3,7,6"
4281119f,1326,4,150,1225,1375,150,W,20,19,0,0,7,2,3,"K,10","7,2,K"
4281119f,1326,5,25,1375,1412,37,W,21,17,1,0,Q,2,2,"A,10","Q,7"
4281119f,1326,6,75,1412,1337,-75,L,13,18,0,0,2,2,4,"A,2","2,3,2,A"
4281119f,1326,7,25,1337,1312,-25,L,19,20,0,0,Q,2,2,"9,10","Q,10"
4281119f,1326,8,25,1312,1337,25,W,19,23,0,0,7,3,3,"A,3,5","7,9,7"
4281119f,1326,9,75,1337,1412,75,W,18,24,0,0,7,2,3,"J,8","7,7,J"
4281119f,1326,10,50,1412,1362,-50,L,23,15,0,0,Q,4,2,"6,3,6,8","Q,5"
4281119f,1326,11,25,1362,1387,25,W,20,18,0,0,Q,3,3,"2,K,8","Q,4,4"
4281119f,1326,12,75,1387,1462,75,W,21,20,0,0,Q,3,2,"6,J,5","Q,Q"
4281119f,1326,13,50,1462,1412,-50,L,14,20,0,0,4,2,5,"4,J","4,3,6,A,6"
4281119f,1326,14,25,1412,1412,0,P,20,20,0,0,10,2,2,"9,A","10,K"
4281119f,1326,15,25,1412,1387,-25,L,23,16,0,0,J,4,2,"A,2,K,Q","J,6"
4281119f,1326,16,25,1387,1412,25,W,17,24,0,0,2,3,4,"Q,2,5","2,7,5,Q"
4281119f,1326,17,75,1412,1337,-75,L,16,17,0,0,6,2,3,"J,6","6,10,A"
4281119f,1326,18,25,1337,1362,25,W,20,17,0,0,8,3,2,"K,5,5","8,9"
d7d7718d,1326,1,25,1000,975,-25,L,15,20,0,0,4,2,3,"8,7","4,K,6"
d7d7718d,1326,2,25,975,1025,50,W,13,22,0,0,4,3,4,"8,3,2","4,2,J,6"
d7d7718d,1326,3,75,1025,950,-75,L,14,21,0,1,A,2,2,"A,3","A,J"
d7d7718d,1326,4,25,950,925,-25,L,18,20,0,0,J,2,2,"7,A","J,J"
d7d7718d,1326,5,25,925,950,25,W,17,26,0,0,K,2,3,"Q,7","K,6,Q"
d7d7718d,1326,6,75,950,1025,75,W,20,25,0,0,6,2,4,"9,A","6,5,4,K"
d7d7718d,1326,7,50,1025,1025,0,P,18,18,0,0,10,3,2,"8,5,5","10,8"
d7d7718d,1326,8,25,1025,1050,25,W,20,19,0,0,Q,3,2,"3,K,7","Q,9"
d7d7718d,1326,9,75,1050,975,-75,L,13,17,0,0,2,3,3,"8,4,A","2,7,8"
d7d7718d,1326,10,25,975,950,-25,L,15,21,0,1,J,2,2,"5,K","J,A"
d7d7718d,1326,11,25,950,975,25,W,17,26,0,0,8,3,4,"5,10,2","8,7,A,K"
d7d7718d,1326,12,75,975,900,-75,L,25,20,0,0,K,3,2,"7,8,J","K,J"
d7d7718d,1326,13,25,900,900,0,P,20,20,0,0,3,2,3,"10,K","3,7,K"
d7d7718d,1326,14,25,900,875,-25,L,22,16,0,0,9,3,2,"7,5,K","9,7"
d7d7718d,1326,15,25,875,900,25,W,12,23,0,0,5,3,4,"5,2,5","5,5,4,9"
d7d7718d,1326,16,75,900,975,75,W,13,25,0,0,5,2,3,"5,8","5,10,Q"
d7d7718d,1326,17,50,975,925,-50,L,18,20,0,0,3,2,4,"8,10","3,3,9,5"
d7d7718d,1326,18,25,925,925,0,P,17,17,0,0,7,2,2,"6,A","7,J"
c90175a9,1326,1,25,1000,1025,25,W,12,24,0,0,4,2,5,"3,9","4,2,8,A,9"
c90175a9,1326,2,75,1025,1175,150,W,21,20,0,0,K,3,2,"2,9,K","K,K"
c90175a9,1326,3,50,1175,1175,0,P,21,21,0,0,A,3,3,"4,9,8","A,5,5"
c90175a9,1326,4,25,1175,1200,25,W,21,17,0,0,7,3,2,"6,10,5","7,10"
c90175a9,1326,5,75,1200,1125,-75,L,17,20,0,0,Q,3,2,"8,4,5","Q,K"
c90175a9,1326,6,25,1125,1125,0,P,18,18,0,0,7,3,2,"4,7,7","7,A"
c90175a9,1326,7,25,1125,1150,25,W,18,17,0,0,K,2,2,"Q,8","K,7"
c90175a9,1326,8,75,1150,1075,-75,L,17,20,0,0,A,3,4,"8,7,2","A,4,K,5"
c90175a9,1326,9,25,1075,1100,25,W,18,17,0,0,10,2,2,"7,A","10,7"
c90175a9,1326,10,75,1100,1025,-75,L,23,16,0,0,K,3,2,"3,J,K","K,6"
c90175a9,1326,11,25,1025,1050,25,W,21,24,0,0,8,3,5,"A,2,8","8,2,2,2,Q"
c90175a9,1326,12,75,1050,975,-75,L,25,14,0,0,Q,3,2,"6,10,9","Q,4"
c90175a9,1326,13,25,975,950,-25,L,26,18,0,0,10,3,2,"6,J,10","10,8"
c90175a9,1326,14,25,950,950,0,P,20,20,0,0,K,2,2,"10,J","K,J"
c90175a9,1326,15,25,950,925,-25,L,12,18,0,0,4,3,3,"4,3,5","4,10,4"
c90175a9,1326,16,25,925,900,-25,L,24,14,0,0,A,3,2,"6,9,9","A,3"
c90175a9,1326,17,25,900,875,-25,L,13,19,0,0,3,3,3,"2,6,5","3,8,8"
c90175a9,1326,18,25,875,900,25,W,15,23,0,0,4,2,4,"J,5","4,6,3,10"
b33331dc,1326,1,25,1000,975,-25,L,17,20,0,0,J,2,2,"Q,7","J,K"
b33331dc,1326,2,25,975,950,-25,L,13,21,0,0,6,3,3,"2,5,6","6,10,5"
b33331dc,1326,3,25,950,950,0,P,17,17,0,0,J,3,2,"5,4,8","J,7"
b33331dc,1326,4,25,950,950,0,P,20,20,0,0,3,2,3,"10,K","3,7,K"
b33331dc,1326,5,25,950,925,-25,L,25,14,0,0,A,4,2,"4,3,8,10","A,3"
b33331dc,1326,6,25,925,900,-25,L,24,17,0,0,7,3,2,"4,K,Q","7,10"
b33331dc,1326,7,25,900,925,25,W,20,17,0,0,7,2,4,"K,Q","7,7,A,2"
b33331dc,1326,8,75,925,1075,150,W,18,22,0,0,5,3,3,"8,3,7","5,8,9"
b33331dc,1326,9,50,1075,1075,0,P,19,19,0,0,5,2,3,"9,J","5,3,A"
b33331dc,1326,10,25,1075,1100,25,W,19,18,0,0,7,3,2,"3,6,Q","7,A"
b33331dc,1326,11,75,1100,1100,0,P,20,20,0,0,4,2,3,"K,Q","4,7,9"
b33331dc,1326,12,25,1100,1075,-25,L,17,19,0,0,K,2,2,"7,J","K,9"
b33331dc,1326,13,25,1075,1050,-25,L,18,21,0,0,10,2,3,"7,A","10,6,5"
b33331dc,1326,14,25,1050,1025,-25,L,23,16,0,0,10,3,2,"5,J,8","10,6"
b33331dc,1326,15,25,1025,1025,0,P,18,18,0,0,4,2,4,"8,Q","4,8,4,2"
b33331dc,1326,16,25,1025,1000,-25,L,22,12,0,0,A,4,2,"2,8,6,6","A,A"
b33331dc,1326,17,25,1000,1025,25,W,18,17,0,0,5,2,5,"Q,8","5,3,2,5,2"
b33331dc,1326,18,75,1025,950,-75,L,22,14,0,0,J,3,2,"Q,2,K","J,4"
7b1fdff9,1326,1,25,1000,1037,37,W,21,14,1,0,J,2,2,"A,J","J,4"
7b1fdff9,1326,2,75,1037,1112,75,W,20,19,0,0,9,2,2,"9,A","9,Q"
7b1fdff9,1326,3,50,1112,1187,75,W,21,20,1,0,Q,2,2,"Q,A","Q,J"
7b1fdff9,1326,4,150,1187,1337,150,W,18,17,0,0,3,2,3,"A,7","3,A,3"
7b1fdff9,1326,5,25,1337,1312,-25,L,18,20,0,0,4,4,3,"2,5,3,8","4,8,8"
7b1fdff9,1326,6,25,1312,1337,25,W,12,24,0,0,4,2,3,"7,5","4,K,Q"
7b1fdff9,1326,7,75,1337,1412,75,W,20,18,0,0,9,2,2,"J,K","9,9"
7b1fdff9,1326,8,50,1412,1362,-50,L,20,21,0,0,9,3,3,"K,5,5","9,7,5"
7b1fdff9,1326,9,25,1362,1337,-25,L,18,19,0,0,3,2,3,"J,8","3,10,6"
7b1fdff9,1326,10,25,1337,1312,-25,L,15,21,0,1,A,2,2,"5,Q","A,10"
7b1fdff9,1326,11,25,1312,1287,-25,L,22,20,0,0,Q,3,2,"K,5,7","Q,Q"
7b1fdff9,1326,12,25,1287,1312,25,W,16,26,0,0,6,2,3,"Q,6","6,K,J"
7b1fdff9,1326,13,75,1312,1387,75,W,16,22,0,0,4,2,4,"A,5","4,8,2,8"
7b1fdff9,1326,14,50,1387,1387,0,P,19,19,0,0,A,3,3,"A,3,5","A,3,5"
7b1fdff9,1326,15,25,1387,1412,25,W,17,26,0,0,9,4,3,"K,2,2,3","9,7,Q"
7b1fdff9,1326,16,75,1412,1337,-75,L,23,14,0,0,7,3,2,"10,4,9","7,7"
7b1fdff9,1326,17,25,1337,1362,25,W,18,25,0,0,2,2,4,"8,K","2,4,K,9"
7b1fdff9,1326,18,75,1362,1287,-75,L,17,21,0,0,5,2,3,"J,7","5,8,8"
c564ea95,1326,1,25,1000,1025,25,W,19,22,0,0,2,4,6,"3,4,2,Q","2,3,3,7,A,6"
c564ea95,1326,2,75,1025,1100,75,W,17,22,0,0,8,2,3,"J,7","8,4,10"
c564ea95,1326,3,50,1100,1050,-50,L,13,21,0,0,3,2,4,"A,2","3,J,A,7"
c564ea95,1326,4,25,1050,1025,-25,L,14,19,0,0,5,2,4,"6,8","5,5,3,6"
c564ea95,1326,5,25,1025,1025,0,P,18,18,0,0,10,3,2,"5,2,A","10,8"
c564ea95,1326,6,25,1025,1050,25,W,19,18,0,0,9,4,2,"3,5,7,4","9,9"
c564ea95,1326,7,75,1050,1125,75,W,20,17,0,0,4,2,4,"K,K","4,2,4,7"
c564ea95,1326,8,50,1125,1075,-50,L,23,20,0,0,J,3,2,"5,9,9","J,J"
c564ea95,1326,9,25,1075,1050,-25,L,19,21,0,0,J,2,3,"9,Q","J,2,9"
c564ea95,1326,10,25,1050,1025,-25,L,23,19,0,0,9,3,2,"5,8,J","9,K"
c564ea95,1326,11,25,1025,1025,0,P,19,19,0,0,A,4,2,"5,3,7,4","A,8"
c564ea95,1326,12,25,1025,1025,0,P,17,17,0,0,7,2,2,"Q,7","7,J"
c564ea95,1326,13,25,1025,1000,-25,L,17,20,0,0,8,3,3,"6,K,A","8,8,4"
c564ea95,1326,14,25,1000,1025,25,W,17,26,0,0,A,2,5,"Q,7","A,A,K,4,10"
c564ea95,1326,15,75,1025,1100,75,W,20,22,0,0,J,2,3,"10,10","J,2,Q"
c564ea95,1326,16,50,1100,1050,-50,L,18,19,0,0,A,2,3,"9,9","A,A,7"
c564ea95,1326,17,25,1050,1025,-25,L,17,19,0,0,10,2,2,"A,6","10,9"
c564ea95,1326,18,25,1025,1050,25,W,12,25,0,0,5,2,3,"2,10","5,10,Q"
344019a4,1326,1,25,1000,1025,25,W,20,17,0,0,7,3,2,"5,8,7","7,J"
344019a4,1326,2,75,1025,1100,75,W,18,25,0,0,2,2,4,"7,A","2,10,3,Q"
344019a4,1326,3,50,1100,1050,-50,L,17,18,0,0,8,2,2,"K,7","8,J"
344019a4,1326,4,25,1050,1025,-25,L,17,20,0,0,Q,3,2,"2,5,J","Q,10"
344019a4,1326,5,25,1025,1050,25,W,16,23,0,0,6,2,4,"A,5","6,9,A,7"
344019a4,1326,6,75,1050,975,-75,L,19,21,0,1,A,2,2,"10,9","A,K"
344019a4,1326,7,25,975,1000,25,W,19,25,0,0,4,2,4,"9,10","4,2,9,10"
344019a4,1326,8,75,1000,925,-75,L,19,20,0,0,4,2,4,"9,K","4,K,2,4"
344019a4,1326,9,25,925,900,-25,L,25,16,0,0,7,4,2,"3,3,9,K","7,9"
344019a4,1326,10,25,900,875,-25,L,17,19,0,0,3,2,6,"7,J","3,3,2,5,A,5"
344019a4,1326,11,25,875,900,25,W,12,23,0,0,6,2,3,"3,9","6,7,Q"
344019a4,1326,12,75,900,975,75,W,18,17,0,0,Q,2,3,"8,J","Q,6,A"
344019a4,1326,13,50,975,1025,50,W,16,24,0,0,4,2,4,"6,J","4,A,10,9"
344019a4,1326,14,150,1025,875,-150,L,17,20,0,0,K,4,2,"5,2,3,7","K,J"
344019a4,1326,15,25,875,875,0,P,19,19,0,0,8,2,3,"10,9","8,2,9"
344019a4,1326,16,25,875,900,25,W,19,17,0,0,7,3,2,"8,6,5","7,Q"
344019a4,1326,17,75,900,975,75,W,15,23,0,0,3,2,3,"8,7","3,J,K"
344019a4,1326,18,50,975,975,0,P,18,18,0,0,8,2,2,"K,8","8,10"
6004983b,1326,1,25,1000,1037,37,W,21,19,1,0,10,2,2,"Q,A","10,9"
6004983b,1326,2,75,1037,1037,0,P,19,19,0,0,A,3,2,"3,6,Q","A,8"
6004983b,1326,3,25,1037,1012,-25,L,25,17,0,0,A,3,2,"Q,5,Q","A,6"
6004983b,1326,4,25,1012,1062,50,W,15,24,0,0,5,3,3,"5,5,5","5,Q,9"
6004983b,1326,5,75,1062,1137,75,W,20,23,0,0,2,2,5,"Q,K","2,2,5,6,8"
6004983b,1326,6,50,1137,1187,50,W,19,23,0,0,5,2,4,"A,8","5,10,A,7"
6004983b,1326,7,150,1187,1037,-150,L,17,20,0,0,K,5,2,"2,2,6,3,4","K,K"
6004983b,1326,8,25,1037,1012,-25,L,14,20,0,0,2,2,4,"4,J","2,K,2,6"
6004983b,1326,9,25,1012,1037,25,W,13,25,0,0,5,2,3,"3,10","5,Q,J"
6004983b,1326,10,75,1037,962,-75,L,22,19,0,0,A,3,2,"9,5,8","A,8"
6004983b,1326,11,25,962,987,25,W,20,26,0,0,3,2,5,"K,Q","3,A,2,10,10"
6004983b,1326,12,75,987,912,-75,L,25,20,0,0,9,4,2,"2,3,J,J","9,A"
6004983b,1326,13,25,912,937,25,W,20,26,0,0,7,2,3,"10,K","7,9,K"
6004983b,1326,14,75,937,862,-75,L,17,18,0,0,9,2,2,"10,7","9,9"
6004983b,1326,15,25,862,837,-25,L,19,20,0,0,J,3,3,"J,4,5","J,4,6"
6004983b,1326,16,25,837,862,25,W,13,23,0,0,6,2,3,"3,10","6,9,8"
6004983b,1326,17,75,862,937,75,W,20,18,0,0,K,3,2,"2,K,8","K,8"
6004983b,1326,18,50,937,937,0,P,17,17,0,0,4,2,3,"K,7","4,J,3"
2527ee4e,1326,1,25,1000,1025,25,W,17,22,0,0,8,2,3,"A,6","8,4,K"
2527ee4e,1326,2,75,1025,950,-75,L,18,19,0,0,3,2,3,"10,8","3,K,6"
2527ee4e,1326,3,25,950,975,25,W,18,25,0,0,7,4,3,"A,2,J,5","7,8,K"
2527ee4e,1326,4,75,975,1087,112,W,21,20,1,0,J,2,2,"A,Q","J,K"
2527ee4e,1326,5,50,1087,1137,50,W,18,22,0,0,Q,3,3,"4,4,K","Q,5,7"
2527ee4e,1326,6,150,1137,987,-150,L,26,14,0,0,9,4,2,"10,2,4,K","9,5"
2527ee4e,1326,7,25,987,962,-25,L,17,20,0,0,J,2,2,"A,6","J,Q"
2527ee4e,1326,8,25,962,937,-25,L,8,21,0,1,J,2,2,"3,5","J,A"
2527ee4e,1326,9,25,937,937,0,P,19,19,0,0,8,2,2,"9,Q","8,A"
2527ee4e,1326,10,25,937,887,-50,L,17,21,0,0,2,3,3,"6,4,7","2,10,9"
2527ee4e,1326,11,25,887,862,-25,L,22,18,0,0,A,4,2,"4,10,2,6","A,7"
2527ee4e,1326,12,25,862,837,-25,L,8,21,0,1,Q,2,2,"6,2","Q,A"
2527ee4e,1326,13,25,837,837,0,P,18,18,0,0,10,3,3,"5,10,3","10,4,4"
2527ee4e,1326,14,25,837,812,-25,L,22,20,0,0,10,3,2,"J,3,9","10,J"
2527ee4e,1326,15,25,812,787,-25,L,17,20,0,0,5,2,4,"7,Q","5,A,7,7"
2527ee4e,1326,16,25,787,762,-25,L,8,21,0,1,J,2,2,"6,2","J,A"
2527ee4e,1326,17,25,762,737,-25,L,18,19,0,0,7,2,3,"8,J","7,4,8"
2527ee4e,1326,18,25,737,712,-25,L,23,16,0,0,9,4,2,"3,3,7,J","9,7"
77bda865,1326,1,25,1000,975,-25,L,19,21,0,1,K,2,2,"A,8","K,A"
77bda865,1326,2,25,975,950,-25,L,18,21,0,0,4,2,3,"7,A","4,6,A"
77bda865,1326,3,25,950,925,-25,L,25,20,0,0,10,4,2,"6,3,6,J","10,J"
77bda865,1326,4,25,925,900,-25,L,18,21,0,0,7,3,3,"6,2,Q","7,4,J"
77bda865,1326,5,25,900,950,50,W,21,18,0,0,9,3,2,"8,2,A","9,9"
77bda865,1326,6,75,950,1025,75,W,19,17,0,0,K,2,2,"9,K","K,7"
77bda865,1326,7,50,1025,1100,75,W,21,11,1,0,7,2,2,"A,10","7,4"
77bda865,1326,8,150,1100,1100,0,P,21,21,1,1,A,2,2,"Q,A","A,Q"
77bda865,1326,9,25,1100,1125,25,W,17,25,0,0,2,2,5,"8,9","2,3,5,5,Q"
77bda865,1326,10,75,1125,1050,-75,L,15,19,0,0,2,2,5,"K,5","2,2,2,10,3"
77bda865,1326,11,25,1050,1075,25,W,17,25,0,0,A,2,4,"9,8","A,4,K,Q"
77bda865,1326,12,75,1075,1075,0,P,19,19,0,0,K,3,3,"3,7,9","K,5,4"
77bda865,1326,13,25,1075,1050,-25,L,17,19,0,0,9,2,3,"10,7","9,2,8"
77bda865,1326,14,25,1050,1025,-25,L,23,15,0,0,A,3,2,"J,5,8","A,4"
77bda865,1326,15,25,1025,1050,25,W,20,24,0,0,A,2,4,"10,K","A,3,10,K"
77bda865,1326,16,75,1050,975,-75,L,13,18,0,0,2,3,4,"3,6,4","2,3,6,7"
77bda865,1326,17,25,975,950,-25,L,23,16,0,0,9,4,2,"2,K,3,8","9,7"
77bda865,1326,18,25,950,975,25,W,19,24,0,0,9,2,3,"J,9","9,5,10"
efaf3230,1326,1,25,1000,1025,25,W,17,22,0,0,7,2,3,"7,K","7,6,9"
efaf3230,1326,2,75,1025,1100,75,W,18,23,0,0,6,2,3,"K,8","6,7,10"
efaf3230,1326,3,50,1100,1050,-50,L,26,12,0,0,7,5,2,"A,3,Q,2,J","7,5"
efaf3230,1326,4,25,1050,1075,25,W,20,22,0,0,2,2,3,"10,K","2,J,J"
efaf3230,1326,5,75,1075,1150,75,W,17,24,0,0,2,2,4,"Q,7","2,9,5,8"
efaf3230,1326,6,50,1150,1150,0,P,19,19,0,0,Q,2,2,"8,A","Q,9"
efaf3230,1326,7,25,1150,1187,37,W,21,9,1,0,3,2,2,"Q,A","3,6"
efaf3230,1326,8,75,1187,1112,-75,L,26,17,0,0,10,4,2,"4,3,9,10","10,7"
efaf3230,1326,9,25,1112,1087,-25,L,23,20,0,0,J,3,2,"6,9,8","J,10"
efaf3230,1326,10,25,1087,1112,25,W,18,23,0,0,7,3,4,"2,10,6","7,3,4,9"
efaf3230,1326,11,75,1112,1112,0,P,20,20,0,0,A,3,4,"9,3,8","A,A,10,8"
efaf3230,1326,12,25,1112,1137,25,W,21,20,0,0,J,4,2,"3,7,4,7","J,J"
efaf3230,1326,13,75,1137,1062,-75,L,18,20,0,0,2,2,4,"8,10","2,2,10,6"
efaf3230,1326,14,25,1062,1087,25,W,17,26,0,0,J,4,3,"5,A,9,2","J,6,Q"
efaf3230,1326,15,75,1087,1012,-75,L,24,15,0,0,A,3,2,"4,10,J","A,4"
efaf3230,1326,16,25,1012,1037,25,W,20,22,0,0,J,2,3,"10,K","J,2,J"
efaf3230,1326,17,75,1037,1112,75,W,12,23,0,0,6,3,3,"4,3,5","6,7,Q"
efaf3230,1326,18,50,1112,1112,0,P,20,20,0,0,Q,2,2,"J,K","Q,J"
4f738057,1326,1,25,1000,975,-25,L,19,20,0,0,10,3,2,"6,3,10","10,K"
4f738057,1326,2,25,975,1012,37,W,21,14,1,0,9,2,2,"A,10","9,5"
4f738057,1326,3,75,1012,937,-75,L,14,20,0,0,5,2,3,"Q,4","5,7,8"
4f738057,1326,4,25,937,912,-25,L,23,16,0,0,Q,3,2,"10,4,9","Q,6"
4f738057,1326,5,25,912,937,25,W,21,25,0,0,3,3,4,"7,5,9","3,7,5,Q"
4f738057,1326,6,75,937,1012,75,W,21,18,0,0,8,3,2,"2,10,9","8,J"
4f738057,1326,7,50,1012,962,-50,L,17,21,0,0,Q,3,3,"A,4,2","Q,3,8"
4f738057,1326,8,25,962,999,37,W,21,14,1,0,4,2,2,"A,K","4,K"
4f738057,1326,9,75,999,1074,75,W,19,23,0,0,Q,3,3,"K,2,7","Q,3,K"
4f738057,1326,10,50,1074,1024,-50,L,26,12,0,0,10,4,2,"8,7,A,J","10,2"
4f738057,1326,11,25,1024,974,-50,L,18,19,0,0,3,3,3,"7,3,8","3,J,6"
4f738057,1326,12,25,974,1024,50,W,16,24,0,0,4,3,3,"2,9,5","4,K,J"
4f738057,1326,13,75,1024,1099,75,W,15,22,0,0,6,2,3,"4,A","6,Q,6"
4f738057,1326,14,50,1099,1049,-50,L,19,20,0,0,J,3,2,"7,2,J","J,J"
4f738057,1326,15,25,1049,1074,25,W,19,17,0,0,7,3,2,"J,5,4","7,10"
4f738057,1326,16,75,1074,999,-75,L,22,14,0,0,10,3,2,"10,2,10","10,4"
4f738057,1326,17,25,999,974,-25,L,17,19,0,0,7,3,3,"3,K,4","7,2,J"
4f738057,1326,18,25,974,949,-25,L,14,21,0,1,A,2,2,"8,6","A,J"
13017846,1326,1,25,1000,1000,0,P,19,19,0,0,A,3,2,"6,8,5","A,8"
13017846,1326,2,25,1000,1025,25,W,21,20,0,0,Q,3,2,"4,9,8","Q,J"
13017846,1326,3,75,1025,1100,75,W,21,20,0,0,7,3,5,"3,Q,8","7,2,4,2,5"
13017846,1326,4,50,1100,1150,50,W,21,23,0,0,J,3,3,"2,A,8","J,3,Q"
13017846,1326,5,150,1150,1300,150,W,15,22,0,0,5,2,3,"K,5","5,Q,7"
13017846,1326,6,25,1300,1275,-25,L,26,14,0,0,7,4,2,"4,5,7,K","7,7"
13017846,1326,7,25,1275,1300,25,W,17,25,0,0,6,2,3,"6,A","6,J,9"
13017846,1326,8,75,1300,1375,75,W,21,17,0,0,9,3,3,"2,10,9","9,4,4"
13017846,1326,9,50,1375,1325,-50,L,17,20,0,0,9,3,2,"4,K,3","9,A"
13017846,1326,10,25,1325,1300,-25,L,23,18,0,0,9,3,2,"J,6,7","9,9"
13017846,1326,11,25,1300,1300,0,P,20,20,0,0,K,2,2,"K,10","K,10"
13017846,1326,12,25,1300,1300,0,P,18,18,0,0,4,2,3,"8,K","4,4,K"
13017846,1326,13,25,1300,1275,-25,L,16,20,0,0,4,2,3,"6,J","4,A,5"
13017846,1326,14,25,1275,1275,0,P,18,18,0,0,9,4,4,"7,2,2,7","9,2,5,2"
13017846,1326,15,25,1275,1300,25,W,18,26,0,0,8,2,3,"8,J","8,8,K"
13017846,1326,16,75,1300,1225,-75,L,16,17,0,0,3,2,4,"5,A","3,2,3,9"
13017846,1326,17,25,1225,1250,25,W,20,18,0,0,10,2,2,"Q,J","10,8"
13017846,1326,18,75,1250,1325,75,W,20,26,0,0,10,2,3,"9,A","10,6,J"
a59cab34,1326,1,25,1000,1037,37,W,21,17,1,0,7,2,2,"A,K","7,Q"
a59cab34,1326,2,75,1037,962,-75,L,18,20,0,0,J,2,2,"9,9","J,10"
a59cab34,1326,3,25,962,987,25,W,20,23,0,0,6,2,6,"10,J","6,5,A,A,2,8"
a59cab34,1326,4,75,987,912,-75,L,20,21,0,0,6,2,4,"J,Q","6,4,4,7"
a59cab34,1326,5,25,912,912,0,P,20,20,0,0,Q,2,2,"Q,Q","Q,K"
a59cab34,1326,6,25,912,937,25,W,19,18,0,0,2,2,4,"8,A","2,6,5,5"
a59cab34,1326,7,75,937,862,-75,L,23,16,0,0,10,3,2,"3,Q,K","10,6"
a59cab34,1326,8,25,862,887,25,W,19,18,0,0,K,4,2,"7,8,A,3","K,8"
a59cab34,1326,9,75,887,737,-150,L,12,18,0,0,7,3,2,"7,3,2","7,A"
a59cab34,1326,10,25,737,762,25,W,21,17,0,0,7,3,2,"J,6,5","7,10"
a59cab34,1326,11,75,762,837,75,W,18,24,0,0,A,4,5,"2,A,J,5","A,2,J,A,J"
a59cab34,1326,12,50,837,787,-50,L,13,17,0,0,5,2,3,"Q,3","5,5,7"
a59cab34,1326,13,25,787,762,-25,L,14,20,0,0,5,3,3,"3,3,8","5,5,K"
a59cab34,1326,14,25,762,737,-25,L,15,19,0,0,2,2,3,"Q,5","2,9,8"
a59cab34,1326,15,25,737,712,-25,L,18,19,0,0,6,2,6,"10,8","6,3,2,2,2,4"
a59cab34,1326,16,25,712,687,-25,L,12,21,0,1,A,2,2,"K,2","A,K"
a59cab34,1326,17,25,687,662,-25,L,18,21,0,0,4,4,3,"3,3,4,8","4,9,8"
a59cab34,1326,18,25,662,687,25,W,20,22,0,0,Q,4,3,"4,5,4,7","Q,2,Q"
7d29429f,1326,1,25,1000,975,-25,L,25,18,0,0,K,3,2,"K,5,J","K,8"
7d29429f,1326,2,25,975,1000,25,W,13,24,0,0,6,2,3,"3,K","6,8,J"
7d29429f,1326,3,75,1000,850,-150,L,18,20,0,0,2,3,3,"8,2,8","2,Q,8"
7d29429f,1326,4,25,850,887,37,W,21,19,1,0,A,2,2,"A,10","A,8"
7d29429f,1326,5,75,887,887,0,P,17,17,0,0,5,2,3,"10,7","5,7,5"
7d29429f,1326,6,25,887,912,25,W,17,23,0,0,4,2,3,"7,Q","4,9,Q"
7d29429f,1326,7,75,912,837,-75,L,18,20,0,0,7,2,4,"J,8","7,3,4,6"
7d29429f,1326,8,25,837,812,-25,L,25,15,0,0,9,6,2,"2,2,7,A,3,10","9,6"
7d29429f,1326,9,25,812,787,-25,L,19,20,0,0,6,2,3,"9,K","6,Q,4"
7d29429f,1326,10,25,787,812,25,W,17,24,0,0,10,2,3,"7,K","10,4,10"
7d29429f,1326,11,75,812,812,0,P,19,19,0,0,8,3,2,"3,6,Q","8,A"
7d29429f,1326,12,25,812,787,-25,L,26,12,0,0,J,5,2,"2,K,A,3,K","J,2"
7d29429f,1326,13,25,787,762,-25,L,13,20,0,0,5,3,4,"3,5,5","5,A,9,5"
7d29429f,1326,14,25,762,787,25,W,17,25,0,0,5,2,3,"7,Q","5,Q,Q"
7d29429f,1326,15,75,787,712,-75,L,24,17,0,0,10,3,2,"Q,4,J","10,7"
7d29429f,1326,16,25,712,737,25,W,18,23,0,0,7,2,3,"8,Q","7,6,K"
7d29429f,1326,17,75,737,587,-150,L,15,17,0,0,4,3,3,"8,3,4","4,3,K"
7d29429f,1326,18,25,587,562,-25,L,17,20,0,0,A,2,3,"9,8","A,4,5"
ff4f493c,1326,1,25,1000,1025,25,W,18,17,0,0,Q,4,3,"Q,2,3,3","Q,6,A"
ff4f493c,1326,2,75,1025,950,-75,L,24,18,0,0,8,3,2,"7,9,8","8,K"
ff4f493c,1326,3,25,950,925,-25,L,13,21,0,0,6,2,4,"4,9","6,9,A,5"
ff4f493c,1326,4,25,925,900,-25,L,17,20,0,0,4,2,4,"10,7","4,5,2,9"
ff4f493c,1326,5,25,900,875,-25,L,24,17,0,0,Q,3,2,"Q,4,K","Q,7"
ff4f493c,1326,6,25,875,925,50,W,20,17,0,0,5,3,4,"3,6,A","5,2,4,6"
ff4f493c,1326,7,75,925,850,-75,L,26,10,0,0,7,4,2,"10,4,2,J","7,3"
ff4f493c,1326,8,25,850,825,-25,L,17,19,0,0,9,2,3,"7,J","9,5,5"
ff4f493c,1326,9,25,825,850,25,W,18,26,0,0,6,2,3,"9,9","6,K,Q"
ff4f493c,1326,10,75,850,925,75,W,21,20,0,0,K,3,2,"2,8,A","K,10"
ff4f493c,1326,11,50,925,975,50,W,20,17,0,0,3,2,3,"J,K","3,K,4"
ff4f493c,1326,12,150,975,1125,150,W,21,19,0,0,4,4,5,"3,5,2,A","4,3,2,6,4"
ff4f493c,1326,13,25,1125,1100,-25,L,14,19,0,0,3,2,5,"5,9","3,A,9,3,3"
ff4f493c,1326,14,25,1100,1100,0,P,17,17,0,0,8,2,3,"9,8","8,3,6"
ff4f493c,1326,15,25,1100,1075,-25,L,19,20,0,0,K,4,2,"4,2,3,J","K,K"
ff4f493c,1326,16,25,1075,1100,25,W,12,23,0,0,5,2,4,"J,2","5,4,6,8"
ff4f493c,1326,17,75,1100,1175,75,W,18,22,0,0,2,2,4,"7,A","2,K,3,7"
ff4f493c,1326,18,50,1175,1125,-50,L,17,18,0,0,J,3,2,"K,6,A","J,8"
90816944,1326,1,25,1000,975,-25,L,18,19,0,0,A,3,4,"4,K,4","A,2,9,7"
90816944,1326,2,25,975,975,0,P,20,20,0,0,J,3,2,"J,5,5","J,K"
90816944,1326,3,25,975,950,-25,L,14,18,0,0,4,2,3,"9,5","4,10,4"
90816944,1326,4,25,950,950,0,P,20,20,0,0,2,2,3,"J,J","2,8,10"
90816944,1326,5,25,950,975,25,W,19,17,0,0,7,5,2,"4,4,5,3,3","7,J"
90816944,1326,6,75,975,1050,75,W,20,17,0,0,7,3,3,"3,J,7","7,9,A"
90816944,1326,7,50,1050,1000,-50,L,13,21,0,0,5,2,3,"8,5","5,7,9"
90816944,1326,8,25,1000,975,-25,L,24,18,0,0,9,4,2,"2,3,9,J","9,9"
90816944,1326,9,25,975,950,-25,L,17,18,0,0,9,2,4,"10,7","9,4,2,3"
90816944,1326,10,25,950,925,-25,L,17,20,0,0,J,2,2,"7,10","J,J"
90816944,1326,11,25,925,900,-25,L,25,15,0,0,7,3,2,"Q,5,10","7,8"
90816944,1326,12,25,900,937,37,W,21,9,1,0,6,2,2,"A,K","6,3"
90816944,1326,13,75,937,862,-75,L,13,20,0,0,2,2,4,"6,7","2,4,3,A"
90816944,1326,14,25,862,862,0,P,20,20,0,0,J,2,2,"10,10","J,Q"
90816944,1326,15,25,862,837,-25,L,25,20,0,0,K,5,2,"8,5,A,A,Q","K,10"
90816944,1326,16,25,837,812,-25,L,17,19,0,0,5,2,3,"10,7","5,J,4"
90816944,1326,17,25,812,787,-25,L,15,21,0,1,A,2,2,"5,10","A,10"
90816944,1326,18,25,787,762,-25,L,24,15,0,0,9,3,2,"6,K,8","9,6"
719fef46,1326,1,25,1000,1025,25,W,16,25,0,0,5,3,5,"3,3,10","5,8,A,A,J"
719fef46,1326,2,75,1025,950,-75,L,13,21,0,0,2,2,3,"A,2","2,A,8"
719fef46,1326,3,25,950,925,-25,L,14,21,0,0,2,3,3,"3,2,9","2,J,9"
719fef46,1326,4,25,925,925,0,P,20,20,0,0,J,2,2,"Q,Q","J,K"
719fef46,1326,5,25,925,925,0,P,20,20,0,0,10,2,2,"K,K","10,K"
719fef46,1326,6,25,925,925,0,P,20,20,0,0,J,2,3,"K,10","J,6,4"
719fef46,1326,7,25,925,900,-25,L,13,21,0,0,4,2,3,"A,2","4,J,7"
719fef46,1326,8,25,900,875,-25,L,25,18,0,0,K,4,2,"A,4,10,10","K,8"
719fef46,1326,9,25,875,850,-25,L,23,12,0,0,Q,3,2,"5,8,10","Q,2"
719fef46,1326,10,25,850,825,-25,L,22,14,0,0,7,3,2,"3,9,Q","7,7"
719fef46,1326,11,25,825,800,-25,L,16,21,0,0,3,2,3,"Q,6","3,J,8"
719fef46,1326,12,25,800,775,-25,L,26,10,0,0,7,4,2,"5,8,3,10","7,3"
719fef46,1326,13,25,775,750,-25,L,26,10,0,0,8,4,2,"J,4,2,10","8,2"
719fef46,1326,14,25,750,725,-25,L,15,18,0,0,5,2,3,"A,4","5,Q,3"
719fef46,1326,15,25,725,700,-25,L,15,19,0,0,5,2,3,"4,A","5,4,10"
719fef46,1326,16,25,700,725,25,W,20,22,0,0,5,2,3,"Q,K","5,8,9"
719fef46,1326,17,75,725,650,-75,L,16,20,0,0,4,2,3,"6,J","4,K,6"
719fef46,1326,18,25,650,675,25,W,20,19,0,0,Q,2,2,"A,9","Q,9"
cb85bf2b,1326,1,25,1000,1025,25,W,18,17,0,0,7,3,2,"6,2,J","7,K"
cb85bf2b,1326,2,75,1025,1100,75,W,17,24,0,0,5,3,4,"4,4,9","5,6,3,J"
cb85bf2b,1326,3,50,1100,1050,-50,L,22,20,0,0,Q,3,2,"K,2,10","Q,K"
cb85bf2b,1326,4,25,1050,1025,-25,L,18,19,0,0,A,2,2,"Q,8","A,8"
cb85bf2b,1326,5,25,1025,1050,25,W,18,17,0,0,Q,3,3,"5,J,3","Q,2,5"
cb85bf2b,1326,6,75,1050,900,-150,L,19,21,0,0,4,3,3,"2,7,K","4,7,J"
cb85bf2b,1326,7,25,900,875,-25,L,19,20,0,0,K,4,3,"A,2,Q,6","K,6,4"
cb85bf2b,1326,8,25,875,850,-25,L,18,19,0,0,9,2,2,"9,9","9,10"
cb85bf2b,1326,9,25,850,825,-25,L,22,7,0,0,3,3,2,"2,Q,10","3,4"
cb85bf2b,1326,10,25,825,850,25,W,12,22,0,0,4,3,3,"4,3,5","4,8,J"
cb85bf2b,1326,11,75,850,700,-150,L,12,17,0,0,5,3,3,"7,2,3","5,A,A"
cb85bf2b,1326,12,25,700,725,25,W,20,22,0,0,K,2,3,"J,Q","K,2,K"
cb85bf2b,1326,13,75,725,650,-75,L,8,21,0,1,10,2,2,"4,4","10,A"
cb85bf2b,1326,14,25,650,625,-25,L,26,18,0,0,A,3,2,"J,6,Q","A,7"
cb85bf2b,1326,15,25,625,600,-25,L,16,18,0,0,2,2,4,"10,6","2,3,3,K"
cb85bf2b,1326,16,25,600,625,25,W,19,18,0,0,8,3,2,"7,8,4","8,J"
cb85bf2b,1326,17,75,625,625,0,P,18,18,0,0,9,3,4,"10,2,6","9,2,A,6"
cb85bf2b,1326,18,25,625,650,25,W,20,19,0,0,5,2,3,"J,Q","5,3,A"
92ee1049,1326,1,25,1000,975,-25,L,18,20,0,0,K,3,2,"5,Q,3","K,K"
92ee1049,1326,2,25,975,950,-25,L,15,17,0,0,4,2,4,"6,9","4,3,6,4"
92ee1049,1326,3,25,950,925,-25,L,16,21,0,0,4,2,5,"J,6","4,6,2,4,5"
92ee1049,1326,4,25,925,900,-25,L,23,12,0,0,J,3,2,"9,4,Q","J,2"
92ee1049,1326,5,25,900,925,25,W,15,25,0,0,6,2,3,"8,7","6,9,J"
92ee1049,1326,6,75,925,850,-75,L,20,21,0,0,A,2,3,"J,K","A,4,6"
92ee1049,1326,7,25,850,900,50,W,19,22,0,0,4,3,3,"4,5,K","4,8,J"
92ee1049,1326,8,75,900,1012,112,W,21,12,1,0,2,2,2,"10,A","2,Q"
92ee1049,1326,9,50,1012,962,-50,L,17,20,0,0,10,2,2,"7,J","10,Q"
92ee1049,1326,10,25,962,912,-50,L,11,19,0,0,3,3,4,"5,4,2","3,6,4,6"
92ee1049,1326,11,25,912,962,50,W,21,20,0,0,2,3,3,"4,7,10","2,Q,8"
92ee1049,1326,12,75,962,887,-75,L,13,20,0,0,2,2,3,"3,Q","2,Q,8"
92ee1049,1326,13,25,887,912,25,W,13,25,0,0,3,2,4,"5,8","3,2,J,Q"
92ee1049,1326,14,75,912,837,-75,L,23,20,0,0,9,4,2,"2,A,K,Q","9,A"
92ee1049,1326,15,25,837,837,0,P,18,18,0,0,J,3,2,"6,3,9","J,8"
92ee1049,1326,16,25,837,862,25,W,20,19,0,0,5,2,4,"K,10","5,6,2,6"
92ee1049,1326,17,75,862,862,0,P,18,18,0,0,4,2,3,"8,Q","4,3,A"
92ee1049,1326,18,25,862,887,25,W,20,18,0,0,3,2,4,"J,J","3,6,4,5"
878020f7,1326,1,25,1000,975,-25,L,15,21,0,1,Q,2,2,"9,6","Q,A"
878020f7,1326,2,25,975,925,-50,L,16,17,0,0,7,3,2,"8,3,5","7,10"
878020f7,1326,3,25,925,950,25,W,20,23,0,0,2,2,4,"Q,J","2,A,10,10"
878020f7,1326,4,75,950,1100,150,W,20,19,0,0,9,3,3,"4,7,9","9,2,8"
878020f7,1326,5,50,1100,1150,50,W,20,24,0,0,8,2,4,"K,J","8,4,2,10"
878020f7,1326,6,150,1150,1000,-150,L,20,21,0,1,Q,2,2,"J,Q","Q,A"
878020f7,1326,7,25,1000,975,-25,L,14,19,0,0,6,2,3,"4,10","6,2,A"
878020f7,1326,8,25,975,950,-25,L,12,20,0,0,4,2,3,"6,6","4,K,6"
878020f7,1326,9,25,950,925,-25,L,22,16,0,0,7,3,2,"2,J,Q","7,9"
878020f7,1326,10,25,925,900,-25,L,17,20,0,0,K,3,2,"5,Q,2","K,10"
878020f7,1326,11,25,900,925,25,W,19,22,0,0,A,3,4,"6,8,5","A,4,9,8"
878020f7,1326,12,75,925,850,-75,L,17,19,0,0,A,3,2,"8,5,4","A,8"
878020f7,1326,13,25,850,800,-50,L,16,20,0,0,Q,3,2,"7,4,5","Q,J"
878020f7,1326,14,25,800,825,25,W,18,17,0,0,10,2,2,"8,Q","10,7"
878020f7,1326,15,75,825,675,-150,L,17,20,0,0,K,3,2,"6,5,6","K,K"
878020f7,1326,16,25,675,700,25,W,21,17,0,0,J,3,2,"7,3,A","J,7"
878020f7,1326,17,75,700,625,-75,L,14,17,0,0,3,2,3,"5,9","3,Q,4"
878020f7,1326,18,25,625,650,25,W,21,24,0,0,K,4,3,"5,3,4,9","K,4,10"
a9666c90,1326,1,25,1000,1025,25,W,20,22,0,0,2,2,3,"J,10","2,K,Q"
a9666c90,1326,2,75,1025,950,-75,L,17,21,0,0,2,2,4,"7,10","2,8,2,9"
a9666c90,1326,3,25,950,950,0,P,20,20,0,0,Q,2,2,"10,J","Q,10"
a9666c90,1326,4,25,950,975,25,W,17,23,0,0,6,2,3,"7,J","6,7,10"
a9666c90,1326,5,75,975,900,-75,L,19,20,0,0,8,3,3,"5,J,4","8,2,Q"
a9666c90,1326,6,25,900,925,25,W,20,18,0,0,8,3,2,"5,4,A","8,J"
a9666c90,1326,7,75,925,1000,75,W,20,18,0,0,Q,4,4,"4,2,4,J","Q,3,3,2"
a9666c90,1326,8,50,1000,1050,50,W,19,17,0,0,Q,3,2,"9,5,5","Q,7"
a9666c90,1326,9,150,1050,1200,150,W,20,17,0,0,7,3,2,"J,4,6","7,10"
a9666c90,1326,10,25,1200,1175,-25,L,18,20,0,0,J,3,2,"10,2,6","J,J"
a9666c90,1326,11,25,1175,1212,37,W,21,7,1,0,3,2,2,"K,A","3,4"
a9666c90,1326,12,75,1212,1287,75,W,18,23,0,0,10,2,3,"10,8","10,6,7"
a9666c90,1326,13,50,1287,1237,-50,L,17,20,0,0,10,2,2,"7,Q","10,J"
a9666c90,1326,14,25,1237,1262,25,W,19,22,0,0,3,2,3,"J,9","3,9,K"
a9666c90,1326,15,75,1262,1112,-150,L,12,20,0,0,9,3,2,"6,5,A","9,A"
a9666c90,1326,16,25,1112,1149,37,W,21,18,1,0,8,2,2,"K,A","8,K"
a9666c90,1326,17,75,1149,1224,75,W,19,24,0,0,6,2,3,"9,J","6,Q,8"
a9666c90,1326,18,50,1224,1324,100,W,21,20,0,0,Q,3,2,"3,8,10","Q,J"
2d8399c1,1326,1,25,1000,975,-25,L,19,20,0,0,Q,2,2,"J,9","Q,Q"
2d8399c1,1326,2,25,975,950,-25,L,25,19,0,0,A,3,2,"6,9,K","A,8"
2d8399c1,1326,3,25,950,975,25,W,20,25,0,0,8,2,3,"K,10","8,7,Q"
2d8399c1,1326,4,75,975,1050,75,W,20,23,0,0,3,2,4,"Q,K","3,3,K,7"
2d8399c1,1326,5,50,1050,1100,50,W,18,17,0,0,6,2,2,"10,8","6,A"
2d8399c1,1326,6,150,1100,1250,150,W,19,17,0,0,7,4,2,"7,5,A,6","7,J"
2d8399c1,1326,7,25,1250,1225,-25,L,22,20,0,0,J,3,2,"10,3,9","J,Q"
2d8399c1,1326,8,25,1225,1250,25,W,19,24,0,0,7,2,4,"9,K","7,3,4,Q"
2d8399c1,1326,9,75,1250,1175,-75,L,8,21,0,1,A,2,2,"5,3","A,10"
2d8399c1,1326,10,25,1175,1200,25,W,20,18,0,0,Q,3,2,"8,6,6","Q,8"
2d8399c1,1326,11,75,1200,1125,-75,L,17,18,0,0,7,4,2,"7,2,3,5","7,A"
2d8399c1,1326,12,25,1125,1150,25,W,19,25,0,0,5,2,3,"10,9","5,K,K"
2d8399c1,1326,13,75,1150,1225,75,W,20,26,0,0,8,4,3,"6,3,2,9","8,8,K"
2d8399c1,1326,14,50,1225,1300,75,W,21,19,1,0,9,2,2,"J,A","9,J"
2d8399c1,1326,15,150,1300,1300,0,P,17,17,0,0,8,4,3,"4,2,2,9","8,2,7"
2d8399c1,1326,16,25,1300,1275,-25,L,17,20,0,0,10,4,2,"3,A,A,2","10,Q"
2d8399c1,1326,17,25,1275,1300,25,W,18,22,0,0,9,3,3,"8,8,2","9,3,Q"
2d8399c1,1326,18,75,1300,1225,-75,L,17,20,0,0,8,3,3,"K,3,4","8,8,4"
26e11aa4,1326,1,25,1000,1025,25,W,16,24,0,0,3,2,4,"9,7","3,3,8,Q"
26e11aa4,1326,2,75,1025,950,-75,L,12,21,0,1,10,2,2,"9,3","10,A"
26e11aa4,1326,3,25,950,975,25,W,20,19,0,0,10,2,2,"J,10","10,9"
26e11aa4,1326,4,75,975,1050,75,W,12,25,0,0,6,2,3,"7,5","6,9,10"
26e11aa4,1326,5,50,1050,1000,-50,L,22,19,0,0,Q,3,2,"2,J,J","Q,9"
26e11aa4,1326,6,25,1000,1025,25,W,19,17,0,0,4,2,3,"9,10","4,8,5"
26e11aa4,1326,7,75,1025,950,-75,L,25,18,0,0,9,3,2,"6,10,9","9,9"
26e11aa4,1326,8,25,950,1000,50,W,18,24,0,0,J,3,3,"6,5,7","J,4,J"
26e11aa4,1326,9,75,1000,1075,75,W,20,17,0,0,2,2,4,"Q,K","2,J,4,A"
26e11aa4,1326,10,50,1075,1025,-50,L,18,20,0,0,9,3,3,"J,6,2","9,7,4"
26e11aa4,1326,11,25,1025,1025,0,P,20,20,0,0,J,2,2,"K,Q","J,K"
26e11aa4,1326,12,25,1025,1062,37,W,21,15,1,0,8,2,2,"A,10","8,7"
26e11aa4,1326,13,75,1062,987,-75,L,12,19,0,0,6,2,3,"2,Q","6,10,3"
26e11aa4,1326,14,25,987,1012,25,W,21,20,0,0,J,3,2,"J,4,7","J,J"
26e11aa4,1326,15,75,1012,1124,112,W,21,4,1,0,2,2,2,"A,K","2,2"
26e11aa4,1326,16,50,1124,1174,50,W,18,26,0,0,2,2,4,"7,A","2,4,J,J"
26e11aa4,1326,17,150,1174,1024,-150,L,16,21,0,1,A,2,2,"10,6","A,J"
26e11aa4,1326,18,25,1024,999,-25,L,26,19,0,0,8,3,2,"7,9,10","8,A"
8aaee4e2,1326,1,25,1000,1050,50,W,21,19,0,0,K,3,2,"8,3,K","K,9"
8aaee4e2,1326,2,75,1050,1125,75,W,20,19,0,0,8,2,3,"J,K","8,7,4"
8aaee4e2,1326,3,50,1125,1075,-50,L,17,19,0,0,9,3,2,"6,7,4","9,J"
8aaee4e2,1326,4,25,1075,1050,-25,L,14,21,0,1,10,2,2,"4,J","10,A"
8aaee4e2,1326,5,25,1050,1075,25,W,20,26,0,0,2,2,4,"J,Q","2,4,K,K"
8aaee4e2,1326,6,75,1075,1150,75,W,20,19,0,0,6,2,3,"10,10","6,3,J"
8aaee4e2,1326,7,50,1150,1100,-50,L,18,19,0,0,9,3,2,"2,Q,6","9,10"
8aaee4e2,1326,8,25,1100,1075,-25,L,22,13,0,0,Q,3,2,"2,K,Q","Q,3"
8aaee4e2,1326,9,25,1075,1050,-25,L,26,12,0,0,8,3,2,"6,K,K","8,4"
8aaee4e2,1326,10,25,1050,1075,25,W,21,20,0,0,K,3,2,"7,6,8","K,10"
8aaee4e2,1326,11,75,1075,1150,75,W,21,17,0,0,7,5,2,"2,2,5,3,9","7,Q"
8aaee4e2,1326,12,50,1150,1100,-50,L,17,18,0,0,3,3,3,"6,2,9","3,A,4"
8aaee4e2,1326,13,25,1100,1125,25,W,18,23,0,0,2,2,4,"8,10","2,2,9,10"
8aaee4e2,1326,14,75,1125,1050,-75,L,16,19,0,0,5,2,3,"8,8","5,10,4"
8aaee4e2,1326,15,25,1050,1087,37,W,21,10,1,0,3,2,2,"A,10","3,7"
8aaee4e2,1326,16,75,1087,1087,0,P,20,20,0,0,10,4,3,"3,3,4,J","10,6,4"
8aaee4e2,1326,17,25,1087,1037,-50,L,17,19,0,0,2,3,3,"5,6,6","2,8,9"
8aaee4e2,1326,18,25,1037,1074,37,W,21,8,1,0,2,2,2,"A,10","2,6"
3aeb7825,1326,1,25,1000,975,-25,L,14,17,0,0,6,2,3,"4,J","6,Q,A"
3aeb7825,1326,2,25,975,1000,25,W,20,25,0,0,5,2,5,"K,10","5,4,2,4,J"
3aeb7825,1326,3,75,1000,925,-75,L,13,17,0,0,5,3,3,"5,3,5","5,4,8"
3aeb7825,1326,4,25,925,975,50,W,12,24,0,0,8,3,3,"3,7,2","8,7,9"
3aeb7825,1326,5,75,975,900,-75,L,26,18,0,0,9,4,2,"5,K,A,10","9,9"
3aeb7825,1326,6,25,900,900,0,P,20,20,0,0,J,2,2,"10,K","J,J"
3aeb7825,1326,7,25,900,850,-50,L,15,20,0,0,7,3,3,"4,7,4","7,7,6"
3aeb7825,1326,8,25,850,825,-25,L,25,13,0,0,7,3,2,"6,9,10","7,6"
3aeb7825,1326,9,25,825,850,25,W,19,18,0,0,8,3,2,"10,2,7","8,10"
3aeb7825,1326,10,75,850,925,75,W,18,17,0,0,K,4,3,"A,2,Q,5","K,2,5"
3aeb7825,1326,11,50,925,975,50,W,18,23,0,0,4,3,6,"5,3,10","4,5,2,A,A,J"
3aeb7825,1326,12,150,975,825,-150,L,22,12,0,0,2,3,2,"Q,2,10","2,K"
3aeb7825,1326,13,25,825,850,25,W,19,17,0,0,Q,3,2,"3,Q,6","Q,7"
3aeb7825,1326,14,75,850,775,-75,L,14,17,0,0,3,2,3,"Q,4","3,4,Q"
3aeb7825,1326,15,25,775,800,25,W,19,23,0,0,8,4,3,"3,2,3,A","8,5,K"
3aeb7825,1326,16,75,800,875,75,W,18,26,0,0,2,2,5,"8,10","2,J,A,3,10"
3aeb7825,1326,17,50,875,775,-100,L,20,21,0,0,2,3,3,"8,3,9","2,9,10"
3aeb7825,1326,18,25,775,775,0,P,17,17,0,0,5,2,3,"7,Q","5,2,K"
f72e3ddb,1326,1,25,1000,1050,50,W,21,18,0,0,5,3,4,"6,5,K","5,2,5,6"
f72e3ddb,1326,2,75,1050,1050,0,P,20,20,0,0,3,2,3,"J,K","3,Q,7"
f72e3ddb,1326,3,25,1050,1075,25,W,21,23,0,0,9,3,3,"Q,2,9","9,4,J"
f72e3ddb,1326,4,75,1075,1000,-75,L,18,20,0,0,Q,2,2,"8,J","Q,10"
f72e3ddb,1326,5,25,1000,975,-25,L,26,20,0,0,Q,3,2,"6,J,K","Q,K"
f72e3ddb,1326,6,25,975,950,-25,L,23,10,0,0,8,4,2,"9,3,A,10","8,2"
f72e3ddb,1326,7,25,950,925,-25,L,18,21,0,0,10,3,4,"3,5,10","10,2,4,5"
f72e3ddb,1326,8,25,925,962,37,W,21,18,1,0,7,2,2,"10,A","7,A"
f72e3ddb,1326,9,75,962,812,-150,L,19,20,0,0,5,3,3,"4,5,Q","5,J,5"
f72e3ddb,1326,10,25,812,837,25,W,21,24,0,0,A,3,4,"Q,5,6","A,3,10,K"
f72e3ddb,1326,11,75,837,912,75,W,20,25,0,0,A,4,5,"3,3,4,J","A,4,Q,A,9"
f72e3ddb,1326,12,50,912,1012,100,W,19,25,0,0,4,3,4,"5,6,8","4,J,A,Q"
f72e3ddb,1326,13,150,1012,1162,150,W,17,24,0,0,9,2,3,"K,7","9,7,8"
f72e3ddb,1326,14,25,1162,1137,-25,L,23,17,0,0,A,3,2,"Q,3,Q","A,6"
f72e3ddb,1326,15,25,1137,1137,0,P,20,20,0,0,J,2,2,"Q,J","J,K"
f72e3ddb,1326,16,25,1137,1112,-25,L,13,21,0,0,3,2,3,"2,A","3,7,A"
f72e3ddb,1326,17,25,1112,1137,25,W,19,17,0,0,J,2,3,"K,9","J,4,3"
f72e3ddb,1326,18,75,1137,1137,0,P,20,20,0,0,Q,3,2,"7,3,Q","Q,Q"
df963192,1326,1,25,1000,975,-25,L,19,20,0,0,10,4,3,"K,2,A,6","10,3,7"
df963192,1326,2,25,975,1000,25,W,13,24,0,0,4,2,3,"2,A","4,10,K"
df963192,1326,3,75,1000,925,-75,L,18,19,0,0,8,2,3,"8,J","8,6,5"
df963192,1326,4,25,925,900,-25,L,26,14,0,0,A,3,2,"J,6,J","A,3"
df963192,1326,5,25,900,875,-25,L,14,19,0,0,6,2,5,"7,7","6,3,4,2,4"
df963192,1326,6,25,875,850,-25,L,13,21,0,0,5,2,3,"9,4","5,10,6"
df963192,1326,7,25,850,875,25,W,20,19,0,0,10,2,3,"10,10","10,3,6"
df963192,1326,8,75,875,800,-75,L,17,19,0,0,3,2,4,"9,8","3,A,K,5"
df963192,1326,9,25,800,837,37,W,21,10,1,0,2,2,2,"J,A","2,8"
df963192,1326,10,75,837,912,75,W,20,24,0,0,J,2,4,"Q,K","J,4,A,9"
df963192,1326,11,50,912,862,-50,L,14,17,0,0,3,2,3,"4,Q","3,4,J"
df963192,1326,12,25,862,837,-25,L,25,18,0,0,8,3,2,"5,K,Q","8,10"
df963192,1326,13,25,837,787,-50,L,15,20,0,0,7,3,3,"3,7,5","7,3,Q"
df963192,1326,14,25,787,762,-25,L,15,17,0,0,6,4,3,"2,2,5,6","6,6,5"
df963192,1326,15,25,762,799,37,W,21,12,1,0,2,2,2,"Q,A","2,J"
df963192,1326,16,75,799,724,-75,L,24,14,0,0,8,3,2,"5,J,9","8,6"
df963192,1326,17,25,724,749,25,W,21,20,0,0,10,3,3,"6,J,5","10,3,7"
df963192,1326,18,75,749,861,112,W,21,12,1,0,2,2,2,"K,A","2,10"
219296ae,1326,1,25,1000,1025,25,W,18,24,0,0,K,2,3,"10,8","K,4,10"
219296ae,1326,2,75,1025,1175,150,W,21,22,0,0,4,3,3,"7,4,10","4,8,10"
219296ae,1326,3,50,1175,1125,-50,L,16,18,0,0,5,2,3,"6,10","5,J,3"
219296ae,1326,4,25,1125,1150,25,W,20,17,0,0,3,3,4,"2,Q,8","3,7,2,5"
219296ae,1326,5,75,1150,1075,-75,L,19,20,0,0,K,4,2,"2,6,6,5","K,J"
219296ae,1326,6,25,1075,1050,-25,L,18,21,0,0,10,3,3,"2,10,6","10,6,5"
219296ae,1326,7,25,1050,1025,-25,L,26,20,0,0,J,3,2,"9,7,J","J,Q"
219296ae,1326,8,25,1025,1000,-25,L,12,17,0,0,6,2,3,"4,8","6,Q,A"
219296ae,1326,9,25,1000,1000,0,P,20,20,0,0,A,2,2,"Q,K","A,9"
219296ae,1326,10,25,1000,1050,50,W,20,23,0,0,3,3,4,"2,8,K","3,7,3,J"
219296ae,1326,11,75,1050,975,-75,L,14,21,0,1,K,2,2,"9,5","K,A"
219296ae,1326,12,25,975,950,-25,L,14,18,0,0,6,2,3,"4,Q","6,9,3"
219296ae,1326,13,25,950,975,25,W,19,23,0,0,6,2,3,"K,9","6,8,9"
219296ae,1326,14,75,975,900,-75,L,15,21,0,0,2,2,4,"5,K","2,3,10,6"
219296ae,1326,15,25,900,900,0,P,20,20,0,0,10,2,2,"Q,Q","10,10"
219296ae,1326,16,25,900,925,25,W,15,24,0,0,4,3,3,"3,2,J","4,J,Q"
219296ae,1326,17,75,925,775,-150,L,14,20,0,0,K,3,2,"9,2,3","K,Q"
219296ae,1326,18,25,775,750,-25,L,22,16,0,0,J,4,2,"A,2,10,9","J,6"
a6413d4a,1326,1,25,1000,1000,0,P,18,18,0,0,8,3,2,"7,8,3","8,10"
a6413d4a,1326,2,25,1000,975,-25,L,18,19,0,0,9,2,2,"Q,8","9,10"
a6413d4a,1326,3,25,975,1012,37,W,21,20,1,0,10,2,2,"A,K","10,K"
a6413d4a,1326,4,75,1012,937,-75,L,14,21,0,0,6,3,4,"2,2,Q","6,9,A,5"
a6413d4a,1326,5,25,937,912,-25,L,26,17,0,0,7,3,2,"K,6,10","7,Q"
a6413d4a,1326,6,25,912,912,0,P,21,21,1,1,A,2,2,"A,K","A,J"
a6413d4a,1326,7,25,912,937,25,W,17,22,0,0,10,3,3,"5,3,9","10,2,Q"
a6413d4a,1326,8,75,937,862,-75,L,22,4,0,0,2,3,2,"3,9,Q","2,2"
a6413d4a,1326,9,25,862,887,25,W,18,22,0,0,9,2,3,"K,8","9,3,K"
a6413d4a,1326,10,75,887,812,-75,L,26,20,0,0,J,3,2,"9,7,Q","J,Q"
a6413d4a,1326,11,25,812,837,25,W,18,23,0,0,10,3,3,"9,5,4","10,3,10"
a6413d4a,1326,12,75,837,987,150,W,12,23,0,0,6,3,3,"7,4,A","6,7,Q"
a6413d4a,1326,13,50,987,937,-50,L,15,18,0,0,4,2,3,"5,J","4,4,K"
a6413d4a,1326,14,25,937,962,25,W,18,24,0,0,7,3,4,"K,4,4","7,6,2,9"
a6413d4a,1326,15,75,962,1037,75,W,21,20,0,0,K,3,2,"9,6,6","K,10"
a6413d4a,1326,16,50,1037,1087,50,W,20,25,0,0,10,3,3,"5,A,4","10,5,10"
a6413d4a,1326,17,150,1087,1087,0,P,20,20,0,0,10,2,2,"Q,J","10,Q"
a6413d4a,1326,18,25,1087,1062,-25,L,15,18,0,0,5,2,4,"8,7","5,5,3,5"
da14734e,1326,1,25,1000,1000,0,P,21,21,1,1,A,2,2,"A,K","A,J"
da14734e,1326,2,25,1000,975,-25,L,23,15,0,0,J,3,2,"7,6,K","J,5"
da14734e,1326,3,25,975,1000,25,W,19,18,0,0,8,3,2,"4,5,K","8,Q"
da14734e,1326,4,75,1000,925,-75,L,6,21,0,1,Q,2,2,"3,3","Q,A"
da14734e,1326,5,25,925,925,0,P,20,20,0,0,10,3,2,"3,8,9","10,Q"
da14734e,1326,6,25,925,900,-25,L,24,16,0,0,K,3,2,"Q,4,Q","K,6"
da14734e,1326,7,25,900,925,25,W,18,23,0,0,10,2,3,"A,7","10,3,10"
da14734e,1326,8,75,925,1075,150,W,16,25,0,0,2,3,4,"2,9,5","2,4,Q,9"
da14734e,1326,9,50,1075,1025,-50,L,13,17,0,0,3,2,4,"5,8","3,A,8,5"
da14734e,1326,10,25,1025,1000,-25,L,17,19,0,0,10,3,2,"6,J,A","10,9"
da14734e,1326,11,25,1000,975,-25,L,17,18,0,0,2,3,3,"3,4,10","2,6,10"
da14734e,1326,12,25,975,1025,50,W,18,17,0,0,6,3,3,"2,7,9","6,2,9"
da14734e,1326,13,75,1025,1025,0,P,18,18,0,0,7,2,4,"J,8","7,7,2,2"
da14734e,1326,14,25,1025,1000,-25,L,19,20,0,0,K,2,2,"10,9","K,10"
da14734e,1326,15,25,1000,1000,0,P,17,17,0,0,A,2,3,"7,K","A,A,5"
da14734e,1326,16,25,1000,1050,50,W,19,26,0,0,3,3,5,"4,5,10","3,2,9,2,J"
da14734e,1326,17,75,1050,1125,75,W,21,22,0,0,10,3,3,"7,6,8","10,2,10"
da14734e,1326,18,50,1125,1200,75,W,21,13,1,0,10,2,2,"A,Q","10,3"
2241c254,1326,1,25,1000,1025,25,W,18,25,0,0,7,2,3,"8,J","7,8,K"
2241c254,1326,2,75,1025,1100,75,W,19,26,0,0,7,3,4,"A,3,5","7,5,4,Q"
2241c254,1326,3,50,1100,1000,-100,L,15,17,0,0,8,3,2,"8,2,5","8,9"
2241c254,1326,4,25,1000,1025,25,W,20,24,0,0,5,2,4,"J,J","5,2,7,K"
2241c254,1326,5,75,1025,950,-75,L,24,17,0,0,7,5,2,"2,2,A,9,J","7,10"
2241c254,1326,6,25,950,925,-25,L,26,19,0,0,J,4,2,"4,Q,2,K","J,9"
2241c254,1326,7,25,925,900,-25,L,20,21,0,0,7,2,3,"K,10","7,9,5"
2241c254,1326,8,25,900,875,-25,L,15,21,0,0,6,2,3,"Q,5","6,7,8"
2241c254,1326,9,25,875,850,-25,L,22,17,0,0,7,3,2,"K,6,6","7,K"
2241c254,1326,10,25,850,875,25,W,20,19,0,0,9,2,2,"A,9","9,J"
2241c254,1326,11,75,875,800,-75,L,18,21,0,0,A,5,6,"4,3,3,4,4","A,A,2,A,8,8"
2241c254,1326,12,25,800,775,-25,L,18,20,0,0,K,4,2,"6,8,A,3","K,Q"
2241c254,1326,13,25,775,800,25,W,20,17,0,0,7,3,2,"5,J,5","7,K"
2241c254,1326,14,75,800,950,150,W,20,22,0,0,2,3,4,"5,5,Q","2,9,4,7"
2241c254,1326,15,50,950,900,-50,L,16,17,0,0,6,2,3,"7,9","6,3,8"
2241c254,1326,16,25,900,937,37,W,21,15,1,0,5,2,2,"A,Q","5,K"
2241c254,1326,17,75,937,862,-75,L,24,18,0,0,8,4,2,"2,2,K,10","8,J"
2241c254,1326,18,25,862,862,0,P,19,19,0,0,10,2,2,"Q,9","10,9"
4542cab8,1326,1,25,1000,975,-25,L,23,20,0,0,J,3,2,"6,8,9","J,K"
4542cab8,1326,2,25,975,950,-25,L,17,19,0,0,8,3,2,"3,4,Q","8,A"
4542cab8,1326,3,25,950,950,0,P,21,21,0,0,Q,3,3,"5,6,J","Q,3,8"
4542cab8,1326,4,25,950,975,25,W,21,19,0,0,K,3,2,"K,6,5","K,9"
4542cab8,1326,5,75,975,1050,75,W,20,19,0,0,9,3,2,"10,4,6","9,10"
4542cab8,1326,6,50,1050,1100,50,W,17,26,0,0,A,3,5,"2,10,5","A,4,K,A,Q"
4542cab8,1326,7,150,1100,1250,150,W,20,23,0,0,3,2,3,"10,K","3,J,J"
4542cab8,1326,8,25,1250,1287,37,W,21,13,1,0,5,2,2,"J,A","5,8"
4542cab8,1326,9,75,1287,1362,75,W,13,26,0,0,3,3,5,"9,3,A","3,2,7,4,10"
4542cab8,1326,10,50,1362,1312,-50,L,17,18,0,0,9,2,3,"9,8","9,3,6"
4542cab8,1326,11,25,1312,1337,25,W,12,25,0,0,5,2,3,"6,6","5,K,J"
4542cab8,1326,12,75,1337,1262,-75,L,15,21,0,1,J,2,2,"6,9","J,A"
4542cab8,1326,13,25,1262,1312,50,W,21,18,0,0,2,3,3,"7,4,Q","2,Q,6"
4542cab8,1326,14,75,1312,1237,-75,L,24,17,0,0,Q,3,2,"4,J,J","Q,7"
4542cab8,1326,15,25,1237,1262,25,W,18,24,0,0,8,2,4,"8,K","8,5,2,9"
4542cab8,1326,16,75,1262,1412,150,W,19,25,0,0,6,3,4,"2,7,K","6,5,4,Q"
4542cab8,1326,17,50,1412,1362,-50,L,17,19,0,0,J,2,2,"7,Q","J,9"
4542cab8,1326,18,25,1362,1387,25,W,15,26,0,0,4,2,5,"9,6","4,2,8,2,Q"
9fc58a63,1326,1,25,1000,1025,25,W,17,25,0,0,7,2,3,"10,7","7,8,Q"
9fc58a63,1326,2,75,1025,950,-75,L,23,20,0,0,Q,3,2,"4,9,J","Q,K"
9fc58a63,1326,3,25,950,925,-25,L,19,21,0,0,7,3,3,"6,3,Q","7,4,J"
9fc58a63,1326,4,25,925,900,-25,L,17,19,0,0,6,3,3,"2,5,Q","6,5,8"
9fc58a63,1326,5,25,900,875,-25,L,19,20,0,0,Q,4,2,"A,4,Q,4","Q,10"
9fc58a63,1326,6,25,875,850,-25,L,22,17,0,0,7,3,2,"2,J,10","7,Q"
9fc58a63,1326,7,25,850,825,-25,L,25,17,0,0,7,3,2,"5,J,K","7,K"
9fc58a63,1326,8,25,825,850,25,W,21,24,0,0,10,3,3,"5,K,6","10,4,10"
9fc58a63,1326,9,75,850,775,-75,L,26,11,0,0,9,3,2,"J,6,K","9,2"
9fc58a63,1326,10,25,775,750,-25,L,16,18,0,0,5,2,3,"6,10","5,10,3"
9fc58a63,1326,11,25,750,787,37,W,21,17,1,0,10,2,2,"J,A","10,7"
9fc58a63,1326,12,75,787,862,75,W,13,24,0,0,4,2,4,"2,A","4,10,2,8"
9fc58a63,1326,13,50,862,937,75,W,21,12,1,0,10,2,2,"Q,A","10,2"
9fc58a63,1326,14,150,937,1087,150,W,14,23,0,0,3,2,4,"9,5","3,Q,A,9"
9fc58a63,1326,15,25,1087,1112,25,W,18,24,0,0,3,2,4,"K,8","3,5,6,Q"
9fc58a63,1326,16,75,1112,1187,75,W,21,19,0,0,K,3,2,"2,K,9","K,9"
9fc58a63,1326,17,50,1187,1137,-50,L,14,17,0,0,5,2,3,"6,8","5,K,2"
9fc58a63,1326,18,25,1137,1162,25,W,19,22,0,0,9,4,3,"A,5,Q,3","9,4,9"
7355791d,1326,1,25,1000,1037,37,W,21,11,1,0,8,2,2,"J,A","8,3"
7355791d,1326,2,75,1037,962,-75,L,15,18,0,0,4,2,3,"9,6","4,J,4"
7355791d,1326,3,25,962,937,-25,L,19,20,0,0,Q,3,2,"5,4,J","Q,Q"
7355791d,1326,4,25,937,962,25,W,14,22,0,0,5,4,3,"4,2,5,3","5,7,K"
7355791d,1326,5,75,962,887,-75,L,25,12,0,0,Q,4,2,"3,5,7,K","Q,2"
7355791d,1326,6,25,887,862,-25,L,5,21,0,1,10,2,2,"3,2","10,A"
7355791d,1326,7,25,862,899,37,W,21,18,1,0,10,2,2,"Q,A","10,8"
7355791d,1326,8,75,899,974,75,W,16,26,0,0,4,2,4,"6,K","4,8,4,K"
7355791d,1326,9,50,974,974,0,P,17,17,0,0,7,2,2,"7,Q","7,J"
7355791d,1326,10,25,974,999,25,W,19,17,0,0,3,2,5,"8,A","3,2,4,7,A"
7355791d,1326,11,75,999,924,-75,L,23,12,0,0,K,4,2,"Q,4,A,8","K,2"
7355791d,1326,12,25,924,899,-25,L,13,17,0,0,5,2,4,"3,J","5,5,6,A"
7355791d,1326,13,25,899,924,25,W,19,22,0,0,2,2,4,"K,9","2,A,9,J"
7355791d,1326,14,75,924,849,-75,L,22,20,0,0,10,3,2,"6,6,K","10,10"
7355791d,1326,15,25,849,824,-25,L,17,20,0,0,10,3,2,"4,9,4","10,Q"
7355791d,1326,16,25,824,799,-25,L,22,12,0,0,7,4,2,"2,10,4,6","7,5"
7355791d,1326,17,25,799,824,25,W,17,22,0,0,Q,4,3,"3,3,K,A","Q,2,K"
7355791d,1326,18,75,824,899,75,W,15,26,0,0,5,2,4,"5,J","5,8,3,Q"
dc836c98,1326,1,25,1000,975,-25,L,15,20,0,0,4,2,3,"5,K","4,A,5"
dc836c98,1326,2,25,975,950,-25,L,14,20,0,0,2,2,5,"4,10","2,5,2,7,4"
dc836c98,1326,3,25,950,975,25,W,19,24,0,0,J,2,4,"10,9","J,5,A,8"
dc836c98,1326,4,75,975,1087,112,W,21,15,1,0,A,2,2,"10,A","A,4"
dc836c98,1326,5,50,1087,1037,-50,L,16,21,0,0,2,2,4,"9,7","2,7,5,7"
dc836c98,1326,6,25,1037,1062,25,W,20,19,0,0,9,2,2,"9,A","9,Q"
dc836c98,1326,7,75,1062,987,-75,L,17,19,0,0,6,2,4,"9,8","6,4,3,6"
dc836c98,1326,8,25,987,1012,25,W,19,17,0,0,J,3,2,"A,A,7","J,7"
dc836c98,1326,9,75,1012,937,-75,L,17,19,0,0,9,3,2,"5,4,8","9,J"
dc836c98,1326,10,25,937,937,0,P,20,20,0,0,J,3,2,"4,J,6","J,Q"
dc836c98,1326,11,25,937,937,0,P,18,18,0,0,7,4,3,"9,3,2,4","7,4,7"
dc836c98,1326,12,25,937,962,25,W,18,17,0,0,5,3,3,"6,2,10","5,J,2"
dc836c98,1326,13,75,962,1037,75,W,20,17,0,0,7,2,3,"J,Q","7,4,6"
dc836c98,1326,14,50,1037,937,-100,L,13,17,0,0,2,3,3,"8,2,3","2,J,5"
dc836c98,1326,15,25,937,912,-25,L,23,16,0,0,J,3,2,"10,4,9","J,6"
dc836c98,1326,16,25,912,887,-25,L,16,18,0,0,3,3,3,"3,3,J","3,8,7"
dc836c98,1326,17,25,887,862,-25,L,12,18,0,0,6,2,3,"9,3","6,4,8"
dc836c98,1326,18,25,862,837,-25,L,17,18,0,0,7,2,2,"9,8","7,A"
263df551,1326,1,25,1000,1025,25,W,20,17,0,0,Q,5,2,"J,2,2,2,4","Q,7"
263df551,1326,2,75,1025,1100,75,W,19,26,0,0,10,2,4,"K,9","10,5,A,10"
263df551,1326,3,50,1100,1050,-50,L,17,18,0,0,7,2,2,"K,7","7,A"
263df551,1326,4,25,1050,1075,25,W,18,25,0,0,10,2,3,"Q,8","10,5,K"
263df551,1326,5,75,1075,1150,75,W,14,23,0,0,5,2,3,"K,4","5,Q,8"
263df551,1326,6,50,1150,1250,100,W,21,23,0,0,9,3,3,"3,8,Q","9,4,K"
263df551,1326,7,150,1250,1400,150,W,12,26,0,0,5,2,4,"Q,2","5,A,J,Q"
263df551,1326,8,25,1400,1350,-50,L,20,21,0,0,3,3,4,"3,7,K","3,4,9,5"
263df551,1326,9,25,1350,1375,25,W,14,26,0,0,3,2,4,"6,8","3,J,3,K"
263df551,1326,10,75,1375,1525,150,W,14,25,0,0,2,3,4,"7,3,4","2,9,4,Q"
263df551,1326,11,50,1525,1525,0,P,19,19,0,0,A,3,2,"4,Q,5","A,8"
263df551,1326,12,25,1525,1550,25,W,13,23,0,0,4,2,4,"Q,3","4,6,3,J"
263df551,1326,13,75,1550,1625,75,W,20,18,0,0,Q,3,2,"6,Q,4","Q,8"
263df551,1326,14,50,1625,1525,-100,L,17,18,0,0,4,3,3,"2,8,7","4,9,5"
263df551,1326,15,25,1525,1500,-25,L,22,19,0,0,K,3,2,"8,7,7","K,9"
263df551,1326,16,25,1500,1475,-25,L,25,13,0,0,Q,3,2,"7,8,10","Q,3"
263df551,1326,17,25,1475,1500,25,W,21,26,0,0,7,3,5,"J,4,7","7,4,A,4,J"
263df551,1326,18,75,1500,1575,75,W,20,18,0,0,9,2,2,"K,10","9,9"
b46339a4,1326,1,25,1000,975,-25,L,22,14,0,0,J,3,2,"8,4,10","J,4"
b46339a4,1326,2,25,975,1000,25,W,20,18,0,0,9,2,2,"10,K","9,9"
b46339a4,1326,3,75,1000,925,-75,L,22,19,0,0,K,3,2,"5,7,Q","K,9"
b46339a4,1326,4,25,925,950,25,W,20,19,0,0,4,2,3,"J,J","4,9,6"
b46339a4,1326,5,75,950,950,0,P,20,20,0,0,Q,2,2,"Q,Q","Q,J"
b46339a4,1326,6,25,950,950,0,P,17,17,0,0,7,2,2,"Q,7","7,J"
b46339a4,1326,7,25,950,950,0,P,21,21,0,0,5,3,3,"6,5,Q","5,J,6"
b46339a4,1326,8,25,950,987,37,W,21,14,1,0,K,2,2,"A,Q","K,4"
b46339a4,1326,9,75,987,1062,75,W,20,23,0,0,10,3,3,"2,8,K","10,6,7"
b46339a4,1326,10,50,1062,1012,-50,L,15,19,0,0,4,2,3,"8,7","4,6,9"
b46339a4,1326,11,25,1012,987,-25,L,17,19,0,0,2,2,4,"7,Q","2,8,6,3"
b46339a4,1326,12,25,987,1012,25,W,20,18,0,0,5,2,3,"10,10","5,3,10"
b46339a4,1326,13,75,1012,1087,75,W,19,25,0,0,K,2,4,"9,J","K,3,2,Q"
b46339a4,1326,14,50,1087,1037,-50,L,16,17,0,0,3,2,3,"7,9","3,Q,4"
b46339a4,1326,15,25,1037,1012,-25,L,22,20,0,0,K,6,2,"2,4,2,4,A,9","K,K"
b46339a4,1326,16,25,1012,987,-25,L,25,20,0,0,Q,3,2,"J,5,10","Q,K"
b46339a4,1326,17,25,987,1012,25,W,18,25,0,0,Q,2,3,"8,10","Q,5,Q"
b46339a4,1326,18,75,1012,937,-75,L,19,21,0,1,Q,2,2,"9,J","Q,A"
b0acffeb,1326,1,25,1000,975,-25,L,22,17,0,0,7,4,2,"4,J,2,6","7,J"
b0acffeb,1326,2,25,975,950,-25,L,22,17,0,0,A,3,2,"4,8,K","A,6"
b0acffeb,1326,3,25,950,975,25,W,13,26,0,0,6,2,3,"3,K","6,J,Q"
b0acffeb,1326,4,75,975,975,0,P,18,18,0,0,K,3,2,"5,6,7","K,8"
b0acffeb,1326,5,25,975,1000,25,W,19,23,0,0,10,2,3,"J,9","10,3,10"
b0acffeb,1326,6,75,1000,925,-75,L,18,20,0,0,K,2,2,"10,8","K,K"
b0acffeb,1326,7,25,925,900,-25,L,17,20,0,0,10,2,2,"7,10","10,K"
b0acffeb,1326,8,25,900,875,-25,L,16,19,0,0,4,2,3,"6,J","4,5,K"
b0acffeb,1326,9,25,875,850,-25,L,18,21,0,1,A,2,2,"A,7","A,K"
b0acffeb,1326,10,25,850,825,-25,L,19,21,0,0,K,3,4,"10,5,4","K,4,A,6"
b0acffeb,1326,11,25,825,800,-25,L,20,21,0,0,2,2,4,"K,J","2,3,K,6"
b0acffeb,1326,12,25,800,775,-25,L,18,19,0,0,6,2,4,"A,7","6,2,2,9"
b0acffeb,1326,13,25,775,800,25,W,18,24,0,0,Q,2,3,"A,7","Q,4,10"
b0acffeb,1326,14,75,800,875,75,W,19,22,0,0,2,2,3,"9,K","2,10,Q"
b0acffeb,1326,15,50,875,925,50,W,21,19,0,0,9,4,2,"5,2,3,A","9,10"
b0acffeb,1326,16,150,925,775,-150,L,26,17,0,0,9,3,2,"10,6,10","9,8"
b0acffeb,1326,17,25,775,775,0,P,20,20,0,0,7,2,4,"K,K","7,5,3,5"
b0acffeb,1326,18,25,775,800,25,W,16,23,0,0,5,2,3,"6,Q","5,Q,8"
0d3c658b,1326,1,25,1000,1025,25,W,20,25,0,0,5,2,3,"Q,J","5,Q,J"
0d3c658b,1326,2,75,1025,950,-75,L,14,21,0,1,A,2,2,"A,3","A,Q"
0d3c658b,1326,3,25,950,925,-25,L,13,21,0,1,Q,2,2,"3,K","Q,A"
0d3c658b,1326,4,25,925,950,25,W,19,17,0,0,3,2,3,"A,8","3,J,4"
0d3c658b,1326,5,75,950,875,-75,L,14,17,0,0,2,2,3,"4,Q","2,5,Q"
0d3c658b,1326,6,25,875,900,25,W,18,22,0,0,9,3,3,"6,7,5","9,7,6"
0d3c658b,1326,7,75,900,975,75,W,19,26,0,0,Q,2,4,"Q,9","Q,2,4,10"
0d3c658b,1326,8,50,975,1050,75,W,21,20,1,0,J,2,2,"A,Q","J,J"
0d3c658b,1326,9,150,1050,1350,300,W,17,22,0,0,6,3,3,"6,3,8","6,6,Q"
0d3c658b,1326,10,25,1350,1325,-25,L,15,19,0,0,5,2,3,"J,5","5,9,5"
0d3c658b,1326,11,25,1325,1300,-25,L,12,21,0,0,6,2,3,"J,2","6,7,8"
0d3c658b,1326,12,25,1300,1275,-25,L,17,19,0,0,9,2,2,"7,Q","9,Q"
0d3c658b,1326,13,25,1275,1250,-25,L,24,20,0,0,10,4,2,"5,3,6,K","10,10"
0d3c658b,1326,14,25,1250,1225,-25,L,18,20,0,0,9,2,2,"9,9","9,A"
0d3c658b,1326,15,25,1225,1225,0,P,20,20,0,0,J,3,2,"10,6,4","J,K"
0d3c658b,1326,16,25,1225,1225,0,P,19,19,0,0,8,2,2,"9,K","8,A"
0d3c658b,1326,17,25,1225,1250,25,W,17,25,0,0,6,2,3,"10,7","6,9,10"
0d3c658b,1326,18,75,1250,1175,-75,L,18,20,0,0,7,3,3,"K,2,6","7,8,5"
f56f0d85,1326,1,25,1000,975,-25,L,22,15,0,0,J,3,2,"8,7,7","J,5"
f56f0d85,1326,2,25,975,950,-25,L,17,20,0,0,9,4,2,"5,A,K,A","9,A"
f56f0d85,1326,3,25,950,975,25,W,17,23,0,0,9,3,4,"Q,6,A","9,3,A,J"
f56f0d85,1326,4,75,975,900,-75,L,12,17,0,0,4,2,3,"2,K","4,10,3"
f56f0d85,1326,5,25,900,925,25,W,13,22,0,0,3,2,4,"3,J","3,10,3,6"
f56f0d85,1326,6,75,925,1037,112,W,21,17,1,0,A,2,2,"Q,A","A,6"
f56f0d85,1326,7,50,1037,1087,50,W,21,24,0,0,7,3,3,"4,9,8","7,7,Q"
f56f0d85,1326,8,150,1087,1237,150,W,20,22,0,0,7,2,3,"K,Q","7,5,J"
f56f0d85,1326,9,25,1237,1287,50,W,14,22,0,0,4,3,3,"3,8,3","4,10,8"
f56f0d85,1326,10,75,1287,1362,75,W,18,17,0,0,3,2,3,"8,J","3,9,5"
f56f0d85,1326,11,50,1362,1412,50,W,17,26,0,0,9,3,4,"6,6,5","9,3,4,J"
f56f0d85,1326,12,150,1412,1262,-150,L,17,20,0,0,A,4,2,"2,A,2,2","A,9"
f56f0d85,1326,13,25,1262,1287,25,W,13,22,0,0,5,2,3,"8,5","5,7,10"
f56f0d85,1326,14,75,1287,1437,150,W,20,22,0,0,4,3,3,"2,8,K","4,8,K"
f56f0d85,1326,15,50,1437,1487,50,W,19,24,0,0,10,3,4,"8,7,4","10,4,A,9"
f56f0d85,1326,16,150,1487,1337,-150,L,17,20,0,0,10,2,3,"7,J","10,6,4"
f56f0d85,1326,17,25,1337,1312,-25,L,18,19,0,0,4,2,3,"Q,8","4,5,Q"
f56f0d85,1326,18,25,1312,1287,-25,L,26,20,0,0,J,3,2,"Q,6,J","J,J"
959e3db2,1326,1,25,1000,975,-25,L,19,20,0,0,Q,3,2,"7,2,J","Q,K"
959e3db2,1326,2,25,975,1000,25,W,19,17,0,0,J,3,3,"J,6,3","J,6,A"
959e3db2,1326,3,75,1000,925,-75,L,15,18,0,0,3,3,3,"3,2,Q","3,7,8"
959e3db2,1326,4,25,925,900,-25,L,13,19,0,0,6,3,3,"4,4,5","6,3,J"
959e3db2,1326,5,25,900,925,25,W,20,19,0,0,Q,2,2,"9,A","Q,9"
959e3db2,1326,6,75,925,850,-75,L,18,19,0,0,2,2,4,"8,K","2,2,5,K"
959e3db2,1326,7,25,850,825,-25,L,25,20,0,0,9,3,2,"10,5,J","9,A"
959e3db2,1326,8,25,825,800,-25,L,20,21,0,0,7,2,4,"Q,K","7,4,5,5"
959e3db2,1326,9,25,800,825,25,W,19,17,0,0,7,3,2,"2,6,A","7,10"
959e3db2,1326,10,75,825,750,-75,L,19,20,0,0,10,3,2,"2,10,7","10,J"
959e3db2,1326,11,25,750,775,25,W,21,19,0,0,10,4,2,"A,A,2,7","10,9"
959e3db2,1326,12,75,775,700,-75,L,19,21,0,0,8,2,3,"9,Q","8,5,8"
959e3db2,1326,13,25,700,700,0,P,18,18,0,0,8,2,3,"8,Q","8,6,4"
959e3db2,1326,14,25,700,675,-25,L,17,19,0,0,8,3,2,"3,9,5","8,A"
959e3db2,1326,15,25,675,700,25,W,16,24,0,0,4,2,3,"9,7","4,Q,J"
959e3db2,1326,16,75,700,625,-75,L,23,18,0,0,7,3,2,"9,4,K","7,A"
959e3db2,1326,17,25,625,600,-25,L,22,19,0,0,10,3,2,"9,3,10","10,9"
959e3db2,1326,18,25,600,575,-25,L,18,20,0,0,K,2,2,"8,K","K,Q"
f7cd2ae4,1326,1,25,1000,1025,25,W,20,19,0,0,3,2,4,"K,K","3,3,K,3"
f7cd2ae4,1326,2,75,1025,950,-75,L,11,21,0,1,10,2,2,"3,8","10,A"
f7cd2ae4,1326,3,25,950,975,25,W,19,25,0,0,5,2,3,"9,K","5,Q,Q"
f7cd2ae4,1326,4,75,975,1125,150,W,21,20,0,0,J,3,2,"4,7,K","J,J"
f7cd2ae4,1326,5,50,1125,1075,-50,L,13,21,0,0,6,2,4,"6,7","6,3,2,10"
f7cd2ae4,1326,6,25,1075,1050,-25,L,12,17,0,0,4,2,3,"2,K","4,2,A"
f7cd2ae4,1326,7,25,1050,1000,-50,L,15,19,0,0,6,3,4,"3,6,6","6,8,A,4"
f7cd2ae4,1326,8,25,1000,1025,25,W,12,24,0,0,4,2,3,"A,A","4,Q,K"
f7cd2ae4,1326,9,75,1025,950,-75,L,18,20,0,0,J,3,2,"7,8,3","J,Q"
f7cd2ae4,1326,10,25,950,925,-25,L,22,13,0,0,K,3,2,"8,5,9","K,3"
f7cd2ae4,1326,11,25,925,975,50,W,20,18,0,0,2,3,3,"7,3,K","2,6,J"
f7cd2ae4,1326,12,75,975,900,-75,L,26,20,0,0,10,3,2,"K,6,Q","10,K"
f7cd2ae4,1326,13,25,900,875,-25,L,25,11,0,0,9,3,2,"10,5,Q","9,2"
f7cd2ae4,1326,14,25,875,850,-25,L,22,18,0,0,A,3,2,"2,Q,J","A,7"
f7cd2ae4,1326,15,25,850,825,-25,L,24,19,0,0,J,4,2,"3,J,A,J","J,9"
f7cd2ae4,1326,16,25,825,850,25,W,19,18,0,0,7,3,3,"Q,5,4","7,6,5"
f7cd2ae4,1326,17,75,850,775,-75,L,13,21,0,0,5,2,3,"J,3","5,Q,6"
f7cd2ae4,1326,18,25,775,775,0,P,19,19,0,0,K,4,2,"2,6,3,8","K,9"
90612e28,1326,1,25,1000,1000,0,P,20,20,0,0,J,2,2,"A,9","J,J"
90612e28,1326,2,25,1000,1025,25,W,13,24,0,0,3,2,4,"9,4","3,9,4,8"
90612e28,1326,3,75,1025,1100,75,W,14,24,0,0,5,2,3,"6,8","5,Q,9"
90612e28,1326,4,50,1100,1050,-50,L,25,16,0,0,9,3,2,"K,5,10","9,7"
90612e28,1326,5,25,1050,1075,25,W,20,18,0,0,7,3,3,"7,2,A","7,3,8"
90612e28,1326,6,75,1075,1150,75,W,14,26,0,0,4,2,4,"10,4","4,10,2,K"
90612e28,1326,7,50,1150,1100,-50,L,17,21,0,0,K,2,3,"10,7","K,3,8"
90612e28,1326,8,25,1100,1075,-25,L,23,12,0,0,J,3,2,"9,5,9","J,2"
90612e28,1326,9,25,1075,1050,-25,L,25,20,0,0,10,5,2,"5,7,A,3,9","10,K"
90612e28,1326,10,25,1050,1025,-25,L,19,20,0,0,J,3,2,"4,K,5","J,10"
90612e28,1326,11,25,1025,1050,25,W,19,17,0,0,10,3,2,"3,10,6","10,7"
90612e28,1326,12,75,1050,975,-75,L,22,9,0,0,2,3,2,"4,8,10","2,7"
90612e28,1326,13,25,975,950,-25,L,24,17,0,0,9,3,2,"Q,6,8","9,8"
90612e28,1326,14,25,950,925,-25,L,26,17,0,0,7,3,2,"8,8,Q","7,10"
90612e28,1326,15,25,925,900,-25,L,14,21,0,0,5,3,3,"2,5,7","5,6,J"
90612e28,1326,16,25,900,925,25,W,20,17,0,0,2,2,6,"10,Q","2,5,6,A,2,A"
90612e28,1326,17,75,925,850,-75,L,22,19,0,0,9,4,2,"2,5,8,7","9,J"
90612e28,1326,18,25,850,875,25,W,20,17,0,0,Q,2,2,"Q,10","Q,7"
68494965,1326,1,25,1000,1025,25,W,14,22,0,0,5,2,3,"4,J","5,J,7"
68494965,1326,2,75,1025,950,-75,L,17,18,0,0,7,4,3,"5,A,10,A","7,6,5"
68494965,1326,3,25,950,925,-25,L,20,21,0,1,A,2,2,"Q,Q","A,K"
68494965,1326,4,25,925,925,0,P,20,20,0,0,5,2,3,"K,K","5,6,9"
68494965,1326,5,25,925,950,25,W,17,22,0,0,Q,3,3,"6,3,8","Q,2,J"
68494965,1326,6,75,950,1025,75,W,19,24,0,0,4,2,3,"K,9","4,10,10"
68494965,1326,7,50,1025,1075,50,W,20,18,0,0,J,2,3,"J,K","J,2,6"
68494965,1326,8,150,1075,1075,0,P,17,17,0,0,4,2,4,"7,J","4,6,6,A"
68494965,1326,9,25,1075,1100,25,W,15,23,0,0,5,2,3,"5,10","5,8,10"
68494965,1326,10,75,1100,1025,-75,L,6,21,0,1,Q,2,2,"3,3","Q,A"
68494965,1326,11,25,1025,1050,25,W,14,23,0,0,4,2,5,"6,8","4,2,9,A,7"
68494965,1326,12,75,1050,1125,75,W,20,19,0,0,9,3,2,"5,K,5","9,K"
68494965,1326,13,50,1125,1075,-50,L,19,20,0,0,4,2,3,"9,J","4,K,6"
68494965,1326,14,25,1075,1075,0,P,19,19,0,0,A,3,2,"3,A,5","A,8"
68494965,1326,15,25,1075,1112,37,W,21,20,1,0,J,2,2,"K,A","J,J"
68494965,1326,16,75,1112,1037,-75,L,24,18,0,0,J,3,2,"Q,4,K","J,8"
68494965,1326,17,25,1037,1012,-25,L,16,19,0,0,6,2,3,"10,6","6,3,K"
68494965,1326,18,25,1012,1012,0,P,17,17,0,0,J,2,2,"7,Q","J,7"
cccbd5c7,1326,1,25,1000,1025,25,W,17,22,0,0,6,2,3,"A,6","6,9,7"
cccbd5c7,1326,2,75,1025,1100,75,W,20,26,0,0,8,4,3,"3,4,3,K","8,8,J"
cccbd5c7,1326,3,50,1100,1175,75,W,21,15,1,0,10,2,2,"10,A","10,5"
cccbd5c7,1326,4,150,1175,1175,0,P,19,19,0,0,2,2,4,"9,K","2,K,3,4"
cccbd5c7,1326,5,25,1175,1150,-25,L,9,21,0,1,A,2,2,"4,5","A,10"
cccbd5c7,1326,6,25,1150,1175,25,W,19,25,0,0,8,3,5,"J,4,5","8,5,A,A,Q"
cccbd5c7,1326,7,75,1175,1250,75,W,17,24,0,0,6,2,3,"7,10","6,8,K"
cccbd5c7,1326,8,50,1250,1200,-50,L,22,17,0,0,K,3,2,"6,Q,6","K,7"
cccbd5c7,1326,9,25,1200,1175,-25,L,24,12,0,0,A,4,2,"5,9,2,8","A,A"
cccbd5c7,1326,10,25,1175,1200,25,W,19,18,0,0,8,3,2,"6,K,3","8,10"
cccbd5c7,1326,11,75,1200,1350,150,W,21,18,0,0,6,3,3,"4,7,J","6,2,Q"
cccbd5c7,1326,12,50,1350,1400,50,W,12,26,0,0,6,2,3,"2,J","6,J,Q"
cccbd5c7,1326,13,150,1400,1550,150,W,19,18,0,0,8,3,2,"3,Q,6","8,J"
cccbd5c7,1326,14,25,1550,1550,0,P,20,20,0,0,J,4,2,"2,5,6,7","J,10"
cccbd5c7,1326,15,25,1550,1575,25,W,18,24,0,0,10,4,3,"2,K,4,2","10,5,9"
cccbd5c7,1326,16,75,1575,1725,150,W,18,17,0,0,J,3,3,"8,3,7","J,6,A"
cccbd5c7,1326,17,50,1725,1675,-50,L,18,19,0,0,10,4,2,"3,5,8,2","10,9"
cccbd5c7,1326,18,25,1675,1700,25,W,18,17,0,0,7,3,2,"4,10,4","7,K"
6fbbbee2,1326,1,25,1000,975,-25,L,8,21,0,1,Q,2,2,"3,5","Q,A"
6fbbbee2,1326,2,25,975,950,-25,L,17,19,0,0,3,2,3,"7,K","3,5,A"
6fbbbee2,1326,3,25,950,975,25,W,16,23,0,0,6,2,3,"9,7","6,J,7"
6fbbbee2,1326,4,75,975,1050,75,W,17,25,0,0,7,2,3,"7,Q","7,8,J"
6fbbbee2,1326,5,50,1050,1100,50,W,20,17,0,0,Q,2,2,"10,Q","Q,7"
6fbbbee2,1326,6,150,1100,800,-300,L,14,19,0,0,7,3,5,"3,7,4","7,4,3,A,4"
6fbbbee2,1326,7,25,800,775,-25,L,15,20,0,0,5,2,3,"J,5","5,7,8"
6fbbbee2,1326,8,25,775,800,25,W,20,18,0,0,2,2,3,"K,J","2,10,6"
6fbbbee2,1326,9,75,800,725,-75,L,8,21,0,1,Q,2,2,"6,2","Q,A"
6fbbbee2,1326,10,25,725,700,-25,L,25,16,0,0,K,4,2,"5,2,8,10","K,6"
6fbbbee2,1326,11,25,700,675,-25,L,18,19,0,0,9,3,2,"3,10,5","9,Q"
6fbbbee2,1326,12,25,675,650,-25,L,15,21,0,0,6,2,3,"10,5","6,10,5"
6fbbbee2,1326,13,25,650,600,-50,L,13,17,0,0,K,3,2,"2,9,2","K,7"
6fbbbee2,1326,14,25,600,575,-25,L,17,19,0,0,7,2,3,"6,A","7,3,9"
6fbbbee2,1326,15,25,575,600,25,W,20,17,0,0,7,2,2,"J,Q","7,Q"
6fbbbee2,1326,16,75,600,675,75,W,19,18,0,0,4,2,3,"8,A","4,5,9"
6fbbbee2,1326,17,50,675,725,50,W,20,17,0,0,A,5,2,"9,3,2,2,4","A,6"
6fbbbee2,1326,18,150,725,575,-150,L,22,13,0,0,J,3,2,"6,6,10","J,3"
2fc1eada,1326,1,25,1000,975,-25,L,18,21,0,0,K,3,3,"A,3,4","K,6,5"
2fc1eada,1326,2,25,975,950,-25,L,17,20,0,0,J,2,2,"7,J","J,J"
2fc1eada,1326,3,25,950,975,25,W,14,22,0,0,2,2,3,"4,10","2,J,J"
2fc1eada,1326,4,75,975,1050,75,W,20,17,0,0,7,4,2,"3,3,4,K","7,10"
2fc1eada,1326,5,50,1050,1000,-50,L,22,17,0,0,9,5,2,"3,2,A,6,10","9,8"
2fc1eada,1326,6,25,1000,1025,25,W,17,25,0,0,6,2,3,"7,Q","6,9,Q"
2fc1eada,1326,7,75,1025,950,-75,L,13,20,0,0,2,2,3,"2,A","2,9,9"
2fc1eada,1326,8,25,950,925,-25,L,17,18,0,0,10,2,2,"7,J","10,8"
2fc1eada,1326,9,25,925,875,-50,L,13,18,0,0,2,3,4,"5,6,2","2,K,4,2"
2fc1eada,1326,10,25,875,900,25,W,13,23,0,0,3,2,3,"5,8","3,Q,K"
2fc1eada,1326,11,75,900,1012,112,W,21,20,1,0,Q,2,2,"A,10","Q,J"
2fc1eada,1326,12,50,1012,1012,0,P,20,20,0,0,4,2,3,"10,K","4,6,Q"
2fc1eada,1326,13,25,1012,1012,0,P,18,18,0,0,8,3,2,"6,7,5","8,K"
2fc1eada,1326,14,25,1012,987,-25,L,23,19,0,0,Q,4,2,"4,5,4,Q","Q,9"
2fc1eada,1326,15,25,987,962,-25,L,18,20,0,0,K,3,2,"5,5,8","K,J"
2fc1eada,1326,16,25,962,987,25,W,13,22,0,0,4,2,5,"2,A","4,A,10,A,6"
2fc1eada,1326,17,75,987,1137,150,W,13,22,0,0,3,3,3,"4,7,2","3,Q,9"
2fc1eada,1326,18,50,1137,1087,-50,L,23,14,0,0,J,3,2,"5,Q,8","J,4"
88fe5375,1326,1,25,1000,975,-25,L,12,17,0,0,6,2,3,"10,2","6,Q,A"
88fe5375,1326,2,25,975,1000,25,W,19,17,0,0,9,4,2,"2,4,4,9","9,8"
88fe5375,1326,3,75,1000,925,-75,L,14,17,0,0,5,2,3,"8,6","5,7,5"
88fe5375,1326,4,25,925,900,-25,L,19,20,0,0,10,2,3,"10,9","10,5,5"
88fe5375,1326,5,25,900,925,25,W,19,24,0,0,Q,4,3,"3,2,K,4","Q,4,Q"
88fe5375,1326,6,75,925,850,-75,L,23,17,0,0,7,3,2,"7,6,Q","7,J"
88fe5375,1326,7,25,850,850,0,P,19,19,0,0,5,3,3,"6,3,Q","5,J,4"
88fe5375,1326,8,25,850,825,-25,L,17,18,0,0,7,3,2,"5,10,2","7,A"
88fe5375,1326,9,25,825,800,-25,L,22,13,0,0,9,3,2,"2,J,Q","9,4"
88fe5375,1326,10,25,800,825,25,W,18,24,0,0,7,2,3,"10,8","7,7,10"
88fe5375,1326,11,75,825,750,-75,L,18,21,0,0,Q,2,4,"8,10","Q,5,A,5"
88fe5375,1326,12,25,750,725,-25,L,14,18,0,0,4,2,3,"4,K","4,K,4"
88fe5375,1326,13,25,725,700,-25,L,23,19,0,0,9,3,2,"3,10,K","9,J"
88fe5375,1326,14,25,700,725,25,W,20,18,0,0,3,2,3,"Q,10","3,5,K"
88fe5375,1326,15,75,725,650,-75,L,17,21,0,0,4,2,4,"Q,7","4,3,7,7"
88fe5375,1326,16,25,650,625,-25,L,22,19,0,0,8,3,2,"K,3,9","8,A"
88fe5375,1326,17,25,625,650,25,W,20,18,0,0,2,2,4,"K,K","2,2,7,7"
88fe5375,1326,18,75,650,650,0,P,18,18,0,0,9,3,2,"3,6,9","9,9"
f8bf7b9d,1326,1,25,1000,1025,25,W,20,22,0,0,Q,2,3,"A,9","Q,2,K"
f8bf7b9d,1326,2,75,1025,1175,150,W,20,17,0,0,4,3,3,"5,5,K","4,A,2"
f8bf7b9d,1326,3,50,1175,1075,-100,L,12,17,0,0,6,3,3,"3,7,2","6,9,2"
f8bf7b9d,1326,4,25,1075,1050,-25,L,15,21,0,0,2,2,3,"5,J","2,9,Q"
f8bf7b9d,1326,5,25,1050,1025,-25,L,17,19,0,0,10,2,2,"8,9","10,9"
f8bf7b9d,1326,6,25,1025,1000,-25,L,22,18,0,0,K,3,2,"5,K,7","K,8"
f8bf7b9d,1326,7,25,1000,975,-25,L,22,18,0,0,K,3,2,"2,10,Q","K,8"
f8bf7b9d,1326,8,25,975,950,-25,L,17,18,0,0,9,2,3,"10,7","9,2,7"
f8bf7b9d,1326,9,25,950,925,-25,L,23,18,0,0,8,3,2,"3,10,J","8,K"
f8bf7b9d,1326,10,25,925,900,-25,L,24,20,0,0,J,3,2,"6,Q,8","J,J"
f8bf7b9d,1326,11,25,900,875,-25,L,14,17,0,0,3,2,3,"4,Q","3,3,A"
f8bf7b9d,1326,12,25,875,850,-25,L,24,16,0,0,10,3,2,"5,Q,9","10,6"
f8bf7b9d,1326,13,25,850,875,25,W,18,25,0,0,J,2,3,"K,8","J,5,J"
f8bf7b9d,1326,14,75,875,950,75,W,20,22,0,0,Q,2,4,"Q,10","Q,2,2,8"
f8bf7b9d,1326,15,50,950,900,-50,L,17,20,0,0,K,3,2,"4,3,10","K,10"
f8bf7b9d,1326,16,25,900,875,-25,L,17,19,0,0,9,3,2,"2,Q,5","9,J"
f8bf7b9d,1326,17,25,875,850,-25,L,17,19,0,0,10,2,2,"J,7","10,9"
f8bf7b9d,1326,18,25,850,875,25,W,20,18,0,0,6,2,5,"K,10","6,2,4,A,5"
75ac2b07,1326,1,25,1000,975,-25,L,17,20,0,0,Q,3,2,"5,7,5","Q,Q"
75ac2b07,1326,2,25,975,1025,50,W,21,20,0,0,2,3,3,"4,7,J","2,Q,8"
75ac2b07,1326,3,75,1025,950,-75,L,23,12,0,0,J,4,2,"10,4,A,8","J,2"
75ac2b07,1326,4,25,950,975,25,W,13,23,0,0,5,3,3,"6,2,5","5,9,9"
75ac2b07,1326,5,75,975,900,-75,L,13,19,0,0,3,2,4,"3,K","3,3,3,K"
75ac2b07,1326,6,25,900,875,-25,L,23,13,0,0,7,3,2,"3,J,J","7,6"
75ac2b07,1326,7,25,875,900,25,W,20,17,0,0,10,2,3,"Q,10","10,5,2"
75ac2b07,1326,8,75,900,975,75,W,19,17,0,0,10,2,3,"Q,9","10,3,4"
75ac2b07,1326,9,50,975,1025,50,W,18,17,0,0,10,3,2,"6,10,2","10,7"
75ac2b07,1326,10,150,1025,1325,300,W,21,19,0,0,5,3,5,"3,8,Q","5,6,2,2,4"
75ac2b07,1326,11,25,1325,1325,0,P,20,20,0,0,K,4,3,"5,2,3,J","K,4,6"
75ac2b07,1326,12,25,1325,1350,25,W,14,24,0,0,2,2,4,"4,Q","2,9,3,Q"
75ac2b07,1326,13,75,1350,1425,75,W,19,26,0,0,9,2,4,"J,9","9,2,5,10"
75ac2b07,1326,14,50,1425,1375,-50,L,26,19,0,0,9,3,2,"9,7,K","9,Q"
75ac2b07,1326,15,25,1375,1350,-25,L,24,18,0,0,8,3,2,"4,J,J","8,J"
75ac2b07,1326,16,25,1350,1387,37,W,21,7,1,0,4,2,2,"10,A","4,3"
75ac2b07,1326,17,75,1387,1312,-75,L,24,18,0,0,7,4,2,"4,10,2,8","7,A"
75ac2b07,1326,18,25,1312,1337,25,W,12,25,0,0,5,2,3,"K,2","5,K,Q"
e8e1b571,1326,1,25,1000,1025,25,W,20,18,0,0,2,2,3,"K,Q","2,7,9"
e8e1b571,1326,2,75,1025,1100,75,W,19,23,0,0,K,4,3,"3,4,8,4","K,3,10"
e8e1b571,1326,3,50,1100,1050,-50,L,19,21,0,0,9,3,3,"3,A,5","9,2,Q"
e8e1b571,1326,4,25,1050,1025,-25,L,19,20,0,0,Q,5,2,"3,K,A,2,3","Q,K"
e8e1b571,1326,5,25,1025,1000,-25,L,16,17,0,0,4,2,3,"A,5","4,2,A"
e8e1b571,1326,6,25,1000,1000,0,P,20,20,0,0,2,2,4,"Q,K","2,7,5,6"
e8e1b571,1326,7,25,1000,975,-25,L,24,20,0,0,J,3,2,"7,7,K","J,K"
e8e1b571,1326,8,25,975,950,-25,L,22,18,0,0,8,3,2,"K,6,6","8,K"
e8e1b571,1326,9,25,950,975,25,W,19,18,0,0,3,2,4,"J,9","3,4,7,4"
e8e1b571,1326,10,75,975,900,-75,L,15,21,0,1,J,2,2,"5,J","J,A"
e8e1b571,1326,11,25,900,900,0,P,17,17,0,0,8,2,4,"7,J","8,5,A,3"
e8e1b571,1326,12,25,900,875,-25,L,24,16,0,0,10,3,2,"4,10,10","10,6"
e8e1b571,1326,13,25,875,875,0,P,19,19,0,0,9,3,2,"2,7,J","9,Q"
e8e1b571,1326,14,25,875,912,37,W,21,14,1,0,J,2,2,"A,K","J,4"
e8e1b571,1326,15,75,912,987,75,W,13,23,0,0,6,2,3,"2,A","6,7,10"
e8e1b571,1326,16,50,987,937,-50,L,19,21,0,1,J,2,2,"8,A","J,A"
e8e1b571,1326,17,25,937,962,25,W,18,26,0,0,8,2,4,"10,8","8,4,4,K"
e8e1b571,1326,18,75,962,887,-75,L,15,19,0,0,5,2,4,"J,5","5,A,7,6"
2db22061,1326,1,25,1000,1025,25,W,20,23,0,0,K,2,3,"J,K","K,3,J"
2db22061,1326,2,75,1025,1100,75,W,15,23,0,0,3,2,3,"5,Q","3,K,Q"
2db22061,1326,3,50,1100,1200,100,W,15,23,0,0,4,3,3,"5,5,5","4,9,10"
2db22061,1326,4,150,1200,1050,-150,L,12,18,0,0,4,2,3,"7,5","4,6,8"
2db22061,1326,5,25,1050,1075,25,W,18,17,0,0,7,4,2,"5,3,4,6","7,Q"
2db22061,1326,6,75,1075,1150,75,W,19,17,0,0,4,2,5,"Q,9","4,4,4,3,2"
2db22061,1326,7,50,1150,1100,-50,L,13,20,0,0,4,2,3,"5,8","4,7,9"
2db22061,1326,8,25,1100,1075,-25,L,18,21,0,0,10,3,3,"6,3,9","10,3,8"
2db22061,1326,9,25,1075,1112,37,W,21,16,1,0,8,2,2,"A,Q","8,8"
2db22061,1326,10,75,1112,1224,112,W,21,4,1,0,2,2,2,"J,A","2,2"
2db22061,1326,11,50,1224,1274,50,W,17,25,0,0,K,3,4,"3,Q,4","K,4,A,K"
2db22061,1326,12,150,1274,1424,150,W,17,25,0,0,2,2,4,"K,7","2,3,K,J"
2db22061,1326,13,25,1424,1449,25,W,20,19,0,0,9,2,2,"K,K","9,J"
2db22061,1326,14,75,1449,1449,0,P,17,17,0,0,6,2,2,"J,7","6,A"
2db22061,1326,15,25,1449,1424,-25,L,18,20,0,0,J,2,2,"Q,8","J,10"
2db22061,1326,16,25,1424,1461,37,W,21,14,1,0,K,2,2,"A,K","K,4"
2db22061,1326,17,75,1461,1536,75,W,19,25,0,0,9,3,4,"A,4,4","9,5,A,K"
2db22061,1326,18,50,1536,1486,-50,L,22,17,0,0,K,3,2,"Q,2,10","K,7"
7c3dd1b4,1326,1,25,1000,1037,37,W,21,5,1,0,2,2,2,"K,A","2,3"
7c3dd1b4,1326,2,75,1037,962,-75,L,22,19,0,0,J,3,2,"4,8,Q","J,9"
7c3dd1b4,1326,3,25,962,987,25,W,18,17,0,0,9,2,3,"A,7","9,2,6"
7c3dd1b4,1326,4,75,987,912,-75,L,17,18,0,0,8,2,2,"J,7","8,K"
7c3dd1b4,1326,5,25,912,937,25,W,20,25,0,0,5,2,3,"10,J","5,J,Q"
7c3dd1b4,1326,6,75,937,862,-75,L,17,21,0,0,4,2,4,"7,Q","4,3,4,K"
7c3dd1b4,1326,7,25,862,837,-25,L,26,20,0,0,Q,4,2,"7,6,3,K","Q,10"
7c3dd1b4,1326,8,25,837,862,25,W,20,22,0,0,5,2,3,"10,J","5,7,K"
7c3dd1b4,1326,9,75,862,862,0,P,18,18,0,0,8,3,2,"4,3,A","8,Q"
7c3dd1b4,1326,10,25,862,899,37,W,21,13,1,0,10,2,2,"A,K","10,3"
7c3dd1b4,1326,11,75,899,824,-75,L,24,12,0,0,Q,4,2,"2,4,9,9","Q,2"
7c3dd1b4,1326,12,25,824,824,0,P,20,20,0,0,2,2,4,"J,10","2,J,A,7"
7c3dd1b4,1326,13,25,824,849,25,W,19,22,0,0,8,4,4,"4,5,4,6","8,3,A,J"
7c3dd1b4,1326,14,75,849,924,75,W,20,17,0,0,8,2,2,"Q,K","8,9"
7c3dd1b4,1326,15,50,924,824,-100,L,18,21,0,0,3,3,3,"4,7,7","3,A,7"
7c3dd1b4,1326,16,25,824,874,50,W,16,25,0,0,5,3,3,"8,2,6","5,J,10"
7c3dd1b4,1326,17,75,874,799,-75,L,26,18,0,0,9,5,2,"4,A,A,K,K","9,9"
7c3dd1b4,1326,18,25,799,836,37,W,21,11,1,0,7,2,2,"A,Q","7,4"
e0a2597c,1326,1,25,1000,975,-25,L,22,18,0,0,8,3,2,"K,2,10","8,10"
e0a2597c,1326,2,25,975,950,-25,L,15,21,0,0,2,2,4,"J,5","2,6,8,5"
e0a2597c,1326,3,25,950,925,-25,L,15,17,0,0,6,2,2,"9,6","6,A"
e0a2597c,1326,4,25,925,950,25,W,17,25,0,0,6,2,3,"Q,7","6,Q,9"
e0a2597c,1326,5,75,950,1062,112,W,21,7,1,0,2,2,2,"A,J","2,5"
e0a2597c,1326,6,50,1062,1112,50,W,19,22,0,0,10,4,3,"3,7,2,7","10,2,K"
e0a2597c,1326,7,150,1112,1262,150,W,19,22,0,0,7,3,3,"4,K,5","7,5,J"
e0a2597c,1326,8,25,1262,1237,-25,L,17,19,0,0,9,4,2,"6,2,6,3","9,10"
e0a2597c,1326,9,25,1237,1287,50,W,21,19,0,0,J,3,4,"8,3,K","J,2,2,5"
e0a2597c,1326,10,75,1287,1212,-75,L,26,13,0,0,Q,3,2,"10,6,Q","Q,3"
e0a2597c,1326,11,25,1212,1212,0,P,20,20,0,0,Q,3,2,"5,5,Q","Q,Q"
e0a2597c,1326,12,25,1212,1249,37,W,21,20,1,0,10,2,2,"J,A","10,10"
e0a2597c,1326,13,75,1249,1174,-75,L,14,21,0,0,6,2,3,"9,5","6,5,K"
e0a2597c,1326,14,25,1174,1149,-25,L,24,20,0,0,Q,4,2,"Q,3,A,K","Q,Q"
e0a2597c,1326,15,25,1149,1174,25,W,21,18,0,0,7,3,3,"3,Q,8","7,3,8"
e0a2597c,1326,16,75,1174,1286,112,W,21,13,1,0,J,2,2,"A,K","J,3"
e0a2597c,1326,17,50,1286,1236,-50,L,17,18,0,0,8,4,2,"2,5,3,7","8,J"
e0a2597c,1326,18,25,1236,1211,-25,L,25,17,0,0,7,4,2,"3,9,3,10","7,J"
742d8da6,1326,1,25,1000,1025,25,W,21,17,0,0,J,3,2,"2,J,9","J,7"
742d8da6,1326,2,75,1025,1100,75,W,15,26,0,0,3,2,4,"9,6","3,J,3,10"
742d8da6,1326,3,50,1100,1050,-50,L,23,12,0,0,K,4,2,"3,4,6,10","K,2"
742d8da6,1326,4,25,1050,1050,0,P,19,19,0,0,4,3,3,"5,3,A","4,4,A"
742d8da6,1326,5,25,1050,1075,25,W,17,23,0,0,3,2,4,"7,Q","3,2,K,8"
742d8da6,1326,6,75,1075,1187,112,W,21,15,1,0,5,2,2,"A,10","5,K"
742d8da6,1326,7,50,1187,1237,50,W,15,25,0,0,2,3,4,"2,3,Q","2,8,5,J"
742d8da6,1326,8,150,1237,1087,-150,L,15,19,0,0,3,2,3,"K,5","3,6,Q"
742d8da6,1326,9,25,1087,1112,25,W,20,17,0,0,7,3,2,"8,6,6","7,Q"
742d8da6,1326,10,75,1112,1037,-75,L,17,18,0,0,7,2,2,"8,9","7,A"
742d8da6,1326,11,25,1037,1012,-25,L,19,20,0,0,Q,2,2,"10,9","Q,J"
742d8da6,1326,12,25,1012,1037,25,W,20,17,0,0,7,2,3,"Q,10","7,5,5"
742d8da6,1326,13,75,1037,962,-75,L,17,21,0,0,4,2,3,"9,8","4,10,7"
742d8da6,1326,14,25,962,987,25,W,20,19,0,0,2,2,3,"K,10","2,6,A"
742d8da6,1326,15,75,987,1062,75,W,20,17,0,0,Q,3,2,"K,6,4","Q,7"
742d8da6,1326,16,50,1062,1112,50,W,12,24,0,0,4,2,3,"3,9","4,K,Q"
742d8da6,1326,17,150,1112,1262,150,W,18,17,0,0,A,3,2,"A,4,3","A,6"
742d8da6,1326,18,25,1262,1237,-25,L,18,19,0,0,Q,2,2,"8,J","Q,9"
3f7898ff,1326,1,25,1000,1037,37,W,21,11,1,0,7,2,2,"K,A","7,4"
3f7898ff,1326,2,75,1037,962,-75,L,17,19,0,0,9,3,2,"7,8,2","9,Q"
3f7898ff,1326,3,25,962,987,25,W,18,17,0,0,2,2,5,"8,10","2,J,A,3,A"
3f7898ff,1326,4,75,987,1062,75,W,19,18,0,0,8,2,2,"9,Q","8,K"
3f7898ff,1326,5,50,1062,1012,-50,L,25,20,0,0,Q,3,2,"7,8,J","Q,Q"
3f7898ff,1326,6,25,1012,987,-25,L,15,18,0,0,5,2,3,"5,J","5,4,9"
3f7898ff,1326,7,25,987,962,-25,L,18,19,0,0,10,2,2,"8,K","10,9"
3f7898ff,1326,8,25,962,962,0,P,19,19,0,0,J,3,2,"3,6,J","J,9"
3f7898ff,1326,9,25,962,987,25,W,19,17,0,0,A,3,3,"10,4,5","A,3,3"
3f7898ff,1326,10,75,987,912,-75,L,15,21,0,0,4,2,3,"5,10","4,A,6"
3f7898ff,1326,11,25,912,887,-25,L,19,21,0,1,A,2,2,"8,A","A,10"
3f7898ff,1326,12,25,887,862,-25,L,18,20,0,0,10,3,2,"J,5,3","10,J"
3f7898ff,1326,13,25,862,887,25,W,21,19,0,0,5,4,3,"5,2,4,K","5,K,4"
3f7898ff,1326,14,75,887,962,75,W,21,20,0,0,J,3,3,"2,Q,9","J,3,7"
3f7898ff,1326,15,50,962,1012,50,W,20,23,0,0,7,5,3,"8,4,A,A,6","7,7,9"
3f7898ff,1326,16,150,1012,862,-150,L,22,17,0,0,7,3,2,"K,3,9","7,10"
3f7898ff,1326,17,25,862,837,-25,L,17,21,0,0,4,2,5,"6,A","4,8,A,2,6"
3f7898ff,1326,18,25,837,874,37,W,21,14,1,0,4,2,2,"Q,A","4,K"
f54defb1,1326,1,25,1000,1025,25,W,20,19,0,0,10,2,2,"10,K","10,9"
f54defb1,1326,2,75,1025,1100,75,W,20,25,0,0,8,2,3,"J,10","8,7,10"
f54defb1,1326,3,50,1100,1150,50,W,16,24,0,0,5,2,3,"6,Q","5,9,K"
f54defb1,1326,4,150,1150,1000,-150,L,26,15,0,0,K,4,2,"7,8,A,K","K,5"
f54defb1,1326,5,25,1000,975,-25,L,25,16,0,0,Q,4,2,"3,2,J,J","Q,6"
f54defb1,1326,6,25,975,950,-25,L,23,13,0,0,Q,4,2,"2,10,A,K","Q,3"
f54defb1,1326,7,25,950,987,37,W,21,10,1,0,7,2,2,"A,J","7,3"
f54defb1,1326,8,75,987,912,-75,L,25,11,0,0,7,3,2,"9,7,9","7,4"
f54defb1,1326,9,25,912,949,37,W,21,6,1,0,2,2,2,"A,K","2,4"
f54defb1,1326,10,75,949,874,-75,L,22,10,0,0,8,3,2,"2,10,K","8,2"
f54defb1,1326,11,25,874,824,-50,L,13,20,0,0,Q,3,2,"4,7,2","Q,10"
f54defb1,1326,12,25,824,799,-25,L,13,21,0,0,4,2,3,"K,3","4,9,8"
f54defb1,1326,13,25,799,774,-25,L,14,17,0,0,4,2,3,"6,8","4,J,3"
f54defb1,1326,14,25,774,799,25,W,19,22,0,0,J,2,3,"9,J","J,6,6"
f54defb1,1326,15,75,799,724,-75,L,24,20,0,0,Q,3,2,"4,K,K","Q,Q"
f54defb1,1326,16,25,724,749,25,W,16,22,0,0,3,2,3,"K,6","3,10,9"
f54defb1,1326,17,75,749,674,-75,L,18,20,0,0,3,2,3,"7,A","3,A,6"
f54defb1,1326,18,25,674,649,-25,L,24,18,0,0,9,3,2,"J,4,K","9,9"
fbea4316,1326,1,25,1000,1025,25,W,20,17,0,0,7,2,2,"9,A","7,J"
fbea4316,1326,2,75,1025,1137,112,W,21,10,1,0,5,2,2,"10,A","5,5"
fbea4316,1326,3,50,1137,1087,-50,L,13,17,0,0,2,2,3,"A,2","2,5,J"
fbea4316,1326,4,25,1087,1112,25,W,19,22,0,0,9,3,3,"K,5,4","9,3,J"
fbea4316,1326,5,75,1112,1187,75,W,17,26,0,0,2,2,4,"10,7","2,K,4,10"
fbea4316,1326,6,50,1187,1187,0,P,20,20,0,0,J,2,2,"J,Q","J,10"
fbea4316,1326,7,25,1187,1162,-25,L,13,21,0,0,3,3,4,"4,8,A","3,A,8,9"
fbea4316,1326,8,25,1162,1112,-50,L,15,20,0,0,4,3,3,"9,2,4","4,9,7"
fbea4316,1326,9,25,1112,1137,25,W,14,22,0,0,5,2,4,"6,8","5,A,9,7"
fbea4316,1326,10,75,1137,1062,-75,L,12,17,0,0,4,2,3,"A,A","4,6,7"
fbea4316,1326,11,25,1062,1062,0,P,17,17,0,0,Q,3,2,"4,6,7","Q,7"
fbea4316,1326,12,25,1062,1062,0,P,17,17,0,0,7,2,2,"A,6","7,Q"
fbea4316,1326,13,25,1062,1087,25,W,13,24,0,0,2,2,4,"K,3","2,3,9,Q"
fbea4316,1326,14,75,1087,1087,0,P,20,20,0,0,Q,3,2,"2,8,K","Q,J"
fbea4316,1326,15,25,1087,1087,0,P,19,19,0,0,2,2,4,"8,A","2,5,4,8"
fbea4316,1326,16,25,1087,1062,-25,L,19,21,0,0,J,3,4,"7,2,K","J,3,3,5"
fbea4316,1326,17,25,1062,1037,-25,L,24,19,0,0,9,3,2,"Q,4,J","9,J"
fbea4316,1326,18,25,1037,1012,-25,L,22,13,0,0,Q,4,2,"A,A,10,K","Q,3"
52237e34,1326,1,25,1000,1000,0,P,17,17,0,0,6,3,2,"2,9,6","6,A"
52237e34,1326,2,25,1000,1050,50,W,17,23,0,0,J,3,3,"8,3,6","J,5,8"
52237e34,1326,3,75,1050,1162,112,W,21,18,1,0,10,2,2,"A,10","10,8"
52237e34,1326,4,50,1162,1212,50,W,20,18,0,0,3,2,4,"K,10","3,5,4,6"
52237e34,1326,5,150,1212,1062,-150,L,11,21,0,1,10,2,2,"3,8","10,A"
52237e34,1326,6,25,1062,1037,-25,L,18,21,0,0,10,3,3,"K,4,4","10,4,7"
52237e34,1326,7,25,1037,1012,-25,L,19,21,0,0,2,2,5,"8,A","2,2,2,7,8"
52237e34,1326,8,25,1012,987,-25,L,18,20,0,0,10,2,2,"8,10","10,J"
52237e34,1326,9,25,987,1012,25,W,20,18,0,0,7,2,2,"J,Q","7,A"
52237e34,1326,10,75,1012,1087,75,W,18,22,0,0,4,2,4,"7,A","4,6,5,7"
52237e34,1326,11,50,1087,1087,0,P,17,17,0,0,2,2,4,"7,J","2,5,3,7"
52237e34,1326,12,25,1087,1112,25,W,20,17,0,0,2,2,3,"Q,K","2,6,9"
52237e34,1326,13,75,1112,1037,-75,L,22,12,0,0,J,3,2,"J,2,J","J,2"
52237e34,1326,14,25,1037,1087,50,W,16,23,0,0,3,3,3,"6,3,7","3,Q,Q"
52237e34,1326,15,75,1087,1162,75,W,20,17,0,0,9,3,2,"Q,5,5","9,8"
52237e34,1326,16,50,1162,1112,-50,L,16,21,0,0,4,2,3,"6,10","4,7,K"
52237e34,1326,17,25,1112,1087,-25,L,24,14,0,0,K,4,2,"K,5,A,8","K,4"
52237e34,1326,18,25,1087,1087,0,P,19,19,0,0,9,4,2,"3,9,A,6","9,J"
80c9e9ce,1326,1,25,1000,975,-25,L,17,18,0,0,Q,2,4,"10,7","Q,3,A,4"
80c9e9ce,1326,2,25,975,1025,50,W,18,26,0,0,5,3,4,"3,7,8","5,5,6,J"
80c9e9ce,1326,3,75,1025,950,-75,L,24,19,0,0,9,3,2,"6,J,8","9,K"
80c9e9ce,1326,4,25,950,975,25,W,19,17,0,0,6,2,3,"9,J","6,2,9"
80c9e9ce,1326,5,75,975,900,-75,L,23,14,0,0,K,3,2,"7,6,J","K,4"
80c9e9ce,1326,6,25,900,875,-25,L,18,19,0,0,A,2,2,"J,8","A,8"
80c9e9ce,1326,7,25,875,825,-50,L,14,18,0,0,8,3,2,"4,7,3","8,K"
80c9e9ce,1326,8,25,825,850,25,W,18,22,0,0,10,3,3,"A,A,6","10,2,K"
80c9e9ce,1326,9,75,850,775,-75,L,17,20,0,0,9,2,2,"7,Q","9,A"
80c9e9ce,1326,10,25,775,800,25,W,15,22,0,0,6,2,3,"9,6","6,Q,6"
80c9e9ce,1326,11,75,800,875,75,W,20,19,0,0,8,2,3,"J,Q","8,8,3"
80c9e9ce,1326,12,50,875,975,100,W,21,25,0,0,2,3,4,"9,2,10","2,3,10,10"
80c9e9ce,1326,13,150,975,825,-150,L,14,18,0,0,3,2,3,"6,8","3,10,5"
80c9e9ce,1326,14,25,825,800,-25,L,15,17,0,0,2,2,4,"Q,5","2,2,A,2"
80c9e9ce,1326,15,25,800,837,37,W,21,14,1,0,4,2,2,"A,K","4,Q"
80c9e9ce,1326,16,75,837,762,-75,L,16,21,0,0,2,2,3,"8,8","2,J,9"
80c9e9ce,1326,17,25,762,737,-25,L,26,17,0,0,Q,5,2,"4,6,5,A,K","Q,7"
80c9e9ce,1326,18,25,737,762,25,W,19,18,0,0,A,3,3,"5,8,6","A,4,3"
165fcbda,1326,1,25,1000,975,-25,L,16,19,0,0,3,2,4,"10,6","3,4,8,4"
165fcbda,1326,2,25,975,1000,25,W,20,24,0,0,8,3,3,"J,6,4","8,6,Q"
165fcbda,1326,3,75,1000,1150,150,W,20,18,0,0,4,3,5,"8,2,K","4,2,4,3,5"
165fcbda,1326,4,50,1150,1200,50,W,20,17,0,0,10,2,2,"10,K","10,7"
165fcbda,1326,5,150,1200,1350,150,W,20,17,0,0,A,2,2,"Q,J","A,6"
165fcbda,1326,6,25,1350,1325,-25,L,18,20,0,0,K,3,2,"7,7,4","K,Q"
165fcbda,1326,7,25,1325,1350,25,W,18,22,0,0,5,3,4,"2,5,A","5,6,3,8"
165fcbda,1326,8,75,1350,1425,75,W,19,18,0,0,8,5,2,"A,A,2,Q,5","8,K"
165fcbda,1326,9,50,1425,1475,50,W,19,17,0,0,2,2,3,"9,Q","2,Q,5"
165fcbda,1326,10,150,1475,1625,150,W,19,24,0,0,Q,3,3,"8,5,6","Q,4,K"
165fcbda,1326,11,25,1625,1600,-25,L,22,11,0,0,8,4,2,"6,3,3,Q","8,3"
165fcbda,1326,12,25,1600,1575,-25,L,12,19,0,0,6,2,3,"2,J","6,3,10"
165fcbda,1326,13,25,1575,1612,37,W,21,18,1,0,8,2,2,"Q,A","8,10"
165fcbda,1326,14,75,1612,1537,-75,L,13,20,0,0,2,3,4,"2,2,9","2,4,3,A"
165fcbda,1326,15,25,1537,1574,37,W,21,19,1,0,9,2,2,"J,A","9,K"
165fcbda,1326,16,75,1574,1649,75,W,18,23,0,0,K,2,3,"8,10","K,5,8"
165fcbda,1326,17,50,1649,1549,-100,L,13,20,0,0,J,3,2,"6,5,2","J,10"
165fcbda,1326,18,25,1549,1524,-25,L,25,19,0,0,J,3,2,"K,5,J","J,9"
8388fcd6,1326,1,25,1000,975,-25,L,22,13,0,0,3,3,2,"2,K,K","3,10"
8388fcd6,1326,2,25,975,1000,25,W,21,23,0,0,Q,3,3,"Q,4,7","Q,4,9"
8388fcd6,1326,3,75,1000,925,-75,L,11,21,0,1,A,2,2,"4,7","A,10"
8388fcd6,1326,4,25,925,950,25,W,15,22,0,0,6,2,3,"A,4","6,Q,6"
8388fcd6,1326,5,75,950,875,-75,L,24,18,0,0,8,4,2,"7,2,5,10","8,10"
8388fcd6,1326,6,25,875,900,25,W,14,22,0,0,3,2,4,"9,5","3,K,A,8"
8388fcd6,1326,7,75,900,975,75,W,20,18,0,0,8,2,2,"K,10","8,10"
8388fcd6,1326,8,50,975,1025,50,W,18,24,0,0,4,2,3,"9,9","4,J,K"
8388fcd6,1326,9,150,1025,875,-150,L,18,21,0,0,6,2,3,"10,8","6,5,Q"
8388fcd6,1326,10,25,875,850,-25,L,15,19,0,0,3,2,4,"7,8","3,2,4,J"
8388fcd6,1326,11,25,850,875,25,W,15,23,0,0,3,2,3,"5,J","3,K,K"
8388fcd6,1326,12,75,875,800,-75,L,18,21,0,0,6,2,4,"10,8","6,5,2,8"
8388fcd6,1326,13,25,800,775,-25,L,17,18,0,0,A,3,3,"2,5,J","A,A,6"
8388fcd6,1326,14,25,775,750,-25,L,14,21,0,1,A,2,2,"4,10","A,Q"
8388fcd6,1326,15,25,750,775,25,W,16,23,0,0,5,2,3,"K,6","5,Q,8"
8388fcd6,1326,16,75,775,850,75,W,17,25,0,0,Q,3,3,"5,8,4","Q,5,K"
8388fcd6,1326,17,50,850,800,-50,L,24,10,0,0,8,3,2,"Q,5,9","8,2"
8388fcd6,1326,18,25,800,775,-25,L,16,20,0,0,4,2,4,"5,A","4,6,2,8"
bc0132e4,1326,1,25,1000,1050,50,W,21,17,0,0,2,3,3,"2,9,10","2,8,7"
bc0132e4,1326,2,75,1050,1200,150,W,18,22,0,0,2,3,4,"6,5,7","2,4,7,9"
bc0132e4,1326,3,50,1200,1250,50,W,20,18,0,0,A,2,2,"K,10","A,7"
bc0132e4,1326,4,150,1250,1100,-150,L,23,18,0,0,A,3,2,"K,5,8","A,7"
bc0132e4,1326,5,25,1100,1075,-25,L,23,20,0,0,10,4,2,"5,A,10,7","10,J"
bc0132e4,1326,6,25,1075,1050,-25,L,22,15,0,0,7,3,2,"4,K,8","7,8"
bc0132e4,1326,7,25,1050,1050,0,P,18,18,0,0,8,2,2,"Q,8","8,10"
bc0132e4,1326,8,25,1050,1075,25,W,20,18,0,0,6,2,4,"K,J","6,5,5,2"
bc0132e4,1326,9,75,1075,1150,75,W,21,23,0,0,8,5,3,"A,A,3,7,9","8,5,J"
bc0132e4,1326,10,50,1150,1200,50,W,20,19,0,0,Q,2,2,"Q,10","Q,9"
bc0132e4,1326,11,150,1200,1050,-150,L,18,21,0,0,10,3,3,"A,3,4","10,6,5"
bc0132e4,1326,12,25,1050,1025,-25,L,22,4,0,0,2,3,2,"2,10,K","2,2"
bc0132e4,1326,13,25,1025,1000,-25,L,19,20,0,0,Q,2,2,"A,8","Q,J"
bc0132e4,1326,14,25,1000,1025,25,W,14,22,0,0,2,2,5,"4,Q","2,2,2,J,6"
bc0132e4,1326,15,75,1025,1137,112,W,21,13,1,0,9,2,2,"A,J","9,4"
bc0132e4,1326,16,50,1137,1087,-50,L,25,20,0,0,K,6,2,"2,3,5,5,A,9","K,K"
bc0132e4,1326,17,25,1087,1062,-25,L,17,20,0,0,J,3,2,"4,3,10","J,10"
bc0132e4,1326,18,25,1062,1062,0,P,21,21,0,0,8,3,3,"3,9,9","8,6,7"
32ff7315,1326,1,25,1000,1025,25,W,20,18,0,0,K,3,2,"J,4,6","K,8"
32ff7315,1326,2,75,1025,950,-75,L,20,21,0,0,6,2,3,"Q,Q","6,6,9"
32ff7315,1326,3,25,950,975,25,W,17,22,0,0,Q,4,3,"2,J,A,4","Q,3,9"
32ff7315,1326,4,75,975,900,-75,L,18,20,0,0,K,2,2,"8,J","K,Q"
32ff7315,1326,5,25,900,925,25,W,20,18,0,0,2,2,4,"Q,K","2,A,10,5"
32ff7315,1326,6,75,925,850,-75,L,15,21,0,0,4,2,3,"Q,5","4,9,8"
32ff7315,1326,7,25,850,887,37,W,21,18,1,0,K,2,2,"J,A","K,8"
32ff7315,1326,8,75,887,812,-75,L,14,21,0,1,A,2,2,"5,9","A,K"
32ff7315,1326,9,25,812,849,37,W,21,9,1,0,7,2,2,"K,A","7,2"
32ff7315,1326,10,75,849,774,-75,L,17,20,0,0,10,2,2,"A,6","10,10"
32ff7315,1326,11,25,774,749,-25,L,22,13,0,0,K,4,2,"A,5,6,J","K,3"
32ff7315,1326,12,25,749,699,-50,L,18,20,0,0,5,3,3,"4,5,9","5,4,A"
32ff7315,1326,13,25,699,724,25,W,20,17,0,0,J,2,2,"Q,10","J,7"
32ff7315,1326,14,75,724,799,75,W,19,18,0,0,3,2,4,"9,10","3,8,3,4"
32ff7315,1326,15,50,799,899,100,W,21,20,0,0,4,3,3,"8,3,Q","4,10,6"
32ff7315,1326,16,150,899,749,-150,L,12,20,0,0,4,2,4,"K,2","4,8,3,5"
32ff7315,1326,17,25,749,724,-25,L,22,18,0,0,8,4,2,"A,A,J,10","8,K"
32ff7315,1326,18,25,724,724,0,P,20,20,0,0,4,2,4,"K,K","4,7,3,6"
e5b0f584,1326,1,25,1000,1025,25,W,19,18,0,0,J,2,3,"A,8","J,3,5"
e5b0f584,1326,2,75,1025,950,-75,L,13,19,0,0,5,2,3,"3,Q","5,Q,4"
e5b0f584,1326,3,25,950,975,25,W,19,17,0,0,Q,3,2,"6,8,5","Q,7"
e5b0f584,1326,4,75,975,1050,75,W,13,23,0,0,2,2,4,"3,J","2,Q,A,10"
e5b0f584,1326,5,50,1050,1000,-50,L,17,19,0,0,9,2,2,"8,9","9,J"
e5b0f584,1326,6,25,1000,1037,37,W,21,16,1,0,9,2,2,"A,K","9,7"
e5b0f584,1326,7,75,1037,962,-75,L,16,21,0,1,10,2,2,"A,5","10,A"
e5b0f584,1326,8,25,962,987,25,W,20,18,0,0,8,2,2,"K,Q","8,10"
e5b0f584,1326,9,75,987,1099,112,W,21,13,1,0,7,2,2,"A,J","7,6"
e5b0f584,1326,10,50,1099,1049,-50,L,17,19,0,0,A,3,2,"5,9,3","A,8"
e5b0f584,1326,11,25,1049,1024,-25,L,16,18,0,0,4,2,3,"8,8","4,A,3"
e5b0f584,1326,12,25,1024,1049,25,W,20,26,0,0,6,2,3,"K,10","6,Q,Q"
e5b0f584,1326,13,75,1049,974,-75,L,24,20,0,0,J,4,2,"2,8,6,8","J,Q"
e5b0f584,1326,14,25,974,949,-25,L,20,21,0,1,A,2,2,"K,J","A,K"
e5b0f584,1326,15,25,949,949,0,P,20,20,0,0,A,2,2,"K,Q","A,9"
e5b0f584,1326,16,25,949,949,0,P,18,18,0,0,2,2,3,"J,8","2,8,8"
e5b0f584,1326,17,25,949,974,25,W,19,25,0,0,K,2,3,"J,9","K,5,J"
e5b0f584,1326,18,75,974,899,-75,L,17,21,0,0,2,3,4,"5,3,9","2,K,2,7"
020f1446,1326,1,25,1000,1000,0,P,20,20,0,0,10,2,2,"J,Q","10,J"
020f1446,1326,2,25,1000,1000,0,P,17,17,0,0,K,2,3,"7,Q","K,4,3"
020f1446,1326,3,25,1000,975,-25,L,18,19,0,0,8,2,2,"9,9","8,A"
020f1446,1326,4,25,975,1000,25,W,20,17,0,0,7,2,3,"10,J","7,2,8"
020f1446,1326,5,75,1000,1075,75,W,20,17,0,0,A,2,2,"K,K","A,6"
020f1446,1326,6,50,1075,1025,-50,L,13,20,0,0,2,2,3,"3,Q","2,8,K"
020f1446,1326,7,25,1025,1050,25,W,21,17,0,0,9,3,2,"6,J,5","9,8"
020f1446,1326,8,75,1050,1125,75,W,20,18,0,0,Q,2,3,"Q,Q","Q,4,4"
020f1446,1326,9,50,1125,1175,50,W,21,18,0,0,8,4,2,"4,2,9,6","8,10"
020f1446,1326,10,150,1175,1025,-150,L,12,17,0,0,6,2,2,"6,6","6,A"
020f1446,1326,11,25,1025,1000,-25,L,25,18,0,0,J,3,2,"5,10,Q","J,8"
020f1446,1326,12,25,1000,975,-25,L,22,20,0,0,Q,3,2,"2,K,J","Q,Q"
020f1446,1326,13,25,975,950,-25,L,11,21,0,1,A,2,2,"4,7","A,Q"
020f1446,1326,14,25,950,1000,50,W,21,19,0,0,7,3,3,"9,2,K","7,7,5"
020f1446,1326,15,75,1000,1075,75,W,17,22,0,0,9,4,3,"2,5,6,4","9,3,Q"
020f1446,1326,16,50,1075,975,-100,L,16,19,0,0,7,3,3,"8,2,6","7,7,5"
020f1446,1326,17,25,975,1000,25,W,18,23,0,0,A,3,5,"6,2,J","A,A,Q,A,10"
020f1446,1326,18,75,1000,1112,112,W,21,15,1,0,5,2,2,"10,A","5,Q"
db3f73b2,1326,1,25,1000,1025,25,W,18,24,0,0,10,3,3,"4,9,5","10,4,K"
db3f73b2,1326,2,75,1025,950,-75,L,26,15,0,0,A,3,2,"6,10,K","A,4"
db3f73b2,1326,3,25,950,950,0,P,17,17,0,0,7,2,3,"9,8","7,9,A"
db3f73b2,1326,4,25,950,925,-25,L,19,20,0,0,K,2,2,"8,A","K,J"
db3f73b2,1326,5,25,925,900,-25,L,19,21,0,0,Q,2,3,"J,9","Q,5,6"
db3f73b2,1326,6,25,900,900,0,P,18,18,0,0,9,4,3,"J,4,2,2","9,7,2"
db3f73b2,1326,7,25,900,875,-25,L,24,16,0,0,8,4,2,"4,A,9,K","8,8"
db3f73b2,1326,8,25,875,850,-25,L,22,15,0,0,10,4,2,"4,5,7,6","10,5"
db3f73b2,1326,9,25,850,825,-25,L,22,10,0,0,8,3,2,"3,10,9","8,2"
db3f73b2,1326,10,25,825,800,-25,L,22,15,0,0,K,3,2,"8,4,K","K,5"
db3f73b2,1326,11,25,800,775,-25,L,19,20,0,0,10,2,3,"8,A","10,3,7"
db3f73b2,1326,12,25,775,725,-50,L,17,18,0,0,4,3,3,"2,7,8","4,3,A"
db3f73b2,1326,13,25,725,725,0,P,20,20,0,0,10,2,2,"K,J","10,10"
db3f73b2,1326,14,25,725,700,-25,L,16,21,0,0,3,2,3,"J,6","3,7,A"
db3f73b2,1326,15,25,700,675,-25,L,12,20,0,0,4,2,3,"8,4","4,6,10"
db3f73b2,1326,16,25,675,700,25,W,20,26,0,0,8,2,3,"K,10","8,8,J"
db3f73b2,1326,17,75,700,775,75,W,16,22,0,0,6,2,3,"5,A","6,6,J"
db3f73b2,1326,18,50,775,725,-50,L,12,21,0,1,A,2,2,"3,9","A,Q"
9d0a4385,1326,1,25,1000,1025,25,W,21,20,0,0,J,4,2,"2,4,K,5","J,Q"
9d0a4385,1326,2,75,1025,1100,75,W,20,17,0,0,Q,4,2,"3,A,2,4","Q,7"
9d0a4385,1326,3,50,1100,1150,50,W,20,17,0,0,K,3,3,"10,6,4","K,4,3"
9d0a4385,1326,4,150,1150,1000,-150,L,14,18,0,0,3,3,3,"2,5,7","3,5,J"
9d0a4385,1326,5,25,1000,975,-25,L,24,19,0,0,9,3,2,"7,7,K","9,J"
9d0a4385,1326,6,25,975,950,-25,L,6,21,0,1,Q,2,2,"3,3","Q,A"
9d0a4385,1326,7,25,950,975,25,W,18,17,0,0,A,2,2,"10,8","A,6"
9d0a4385,1326,8,75,975,900,-75,L,18,19,0,0,2,2,4,"A,7","2,4,7,6"
9d0a4385,1326,9,25,900,937,37,W,21,12,1,0,6,2,2,"A,Q","6,6"
9d0a4385,1326,10,75,937,1012,75,W,15,22,0,0,3,3,3,"3,5,7","3,9,K"
9d0a4385,1326,11,50,1012,962,-50,L,22,13,0,0,7,4,2,"5,A,6,Q","7,6"
9d0a4385,1326,12,25,962,987,25,W,20,26,0,0,J,2,3,"J,10","J,6,J"
9d0a4385,1326,13,75,987,912,-75,L,16,17,0,0,6,2,3,"J,6","6,K,A"
9d0a4385,1326,14,25,912,949,37,W,21,13,1,0,5,2,2,"A,10","5,8"
9d0a4385,1326,15,75,949,1024,75,W,20,26,0,0,K,2,3,"J,K","K,6,J"
9d0a4385,1326,16,50,1024,974,-50,L,23,14,0,0,7,3,2,"9,4,J","7,7"
9d0a4385,1326,17,25,974,999,25,W,14,24,0,0,2,3,4,"4,5,5","2,8,6,8"
9d0a4385,1326,18,75,999,924,-75,L,23,17,0,0,7,3,2,"4,K,9","7,J"
ebb81511,1326,1,25,1000,975,-25,L,18,20,0,0,K,2,2,"7,A","K,J"
ebb81511,1326,2,25,975,1000,25,W,17,22,0,0,2,2,4,"10,7","2,3,Q,7"
ebb81511,1326,3,75,1000,1075,75,W,18,26,0,0,6,3,3,"6,2,Q","6,10,Q"
ebb81511,1326,4,50,1075,975,-100,L,18,20,0,0,6,3,3,"6,4,8","6,K,4"
ebb81511,1326,5,25,975,1000,25,W,13,23,0,0,4,2,3,"5,8","4,10,9"
ebb81511,1326,6,75,1000,1112,112,W,21,12,1,0,9,2,2,"10,A","9,3"
ebb81511,1326,7,50,1112,1162,50,W,20,19,0,0,A,2,3,"10,K","A,4,4"
ebb81511,1326,8,150,1162,1162,0,P,17,17,0,0,4,2,3,"6,A","4,J,3"
ebb81511,1326,9,25,1162,1137,-25,L,16,20,0,0,5,2,6,"J,6","5,A,6,3,A,4"
ebb81511,1326,10,25,1137,1087,-50,L,12,19,0,0,5,3,4,"7,2,3","5,2,3,9"
ebb81511,1326,11,25,1087,1087,0,P,18,18,0,0,8,2,2,"A,7","8,Q"
ebb81511,1326,12,25,1087,1112,25,W,20,19,0,0,8,2,2,"J,Q","8,A"
ebb81511,1326,13,75,1112,1037,-75,L,19,20,0,0,7,2,3,"K,9","7,3,J"
ebb81511,1326,14,25,1037,1037,0,P,17,17,0,0,10,2,3,"K,7","10,6,A"
ebb81511,1326,15,25,1037,1062,25,W,17,24,0,0,2,2,4,"K,7","2,10,3,9"
ebb81511,1326,16,75,1062,987,-75,L,23,19,0,0,K,4,2,"9,4,A,9","K,9"
ebb81511,1326,17,25,987,962,-25,L,12,18,0,0,6,3,3,"3,3,6","6,K,2"
ebb81511,1326,18,25,962,937,-25,L,18,21,0,1,A,2,2,"10,8","A,10"
9f93d5af,1326,1,25,1000,975,-25,L,18,19,0,0,2,2,5,"A,7","2,5,2,4,6"
9f93d5af,1326,2,25,975,1000,25,W,18,17,0,0,J,2,2,"J,8","J,7"
9f93d5af,1326,3,75,1000,1075,75,W,20,25,0,0,10,2,3,"9,A","10,5,Q"
9f93d5af,1326,4,50,1075,1125,50,W,19,17,0,0,6,4,4,"2,3,4,Q","6,3,3,5"
9f93d5af,1326,5,150,1125,975,-150,L,17,19,0,0,9,4,2,"2,6,8,A","9,10"
9f93d5af,1326,6,25,975,950,-25,L,17,21,0,0,5,2,3,"7,J","5,A,5"
9f93d5af,1326,7,25,950,925,-25,L,22,12,0,0,8,3,2,"2,10,Q","8,4"
9f93d5af,1326,8,25,925,962,37,W,21,9,1,0,4,2,2,"A,Q","4,5"
9f93d5af,1326,9,75,962,1037,75,W,21,19,0,0,3,3,3,"Q,2,9","3,Q,6"
9f93d5af,1326,10,50,1037,1112,75,W,21,16,1,0,K,2,2,"A,K","K,6"
9f93d5af,1326,11,150,1112,1262,150,W,20,18,0,0,9,2,3,"J,J","9,3,6"
9f93d5af,1326,12,25,1262,1287,25,W,20,18,0,0,8,2,2,"K,10","8,Q"
9f93d5af,1326,13,75,1287,1212,-75,L,8,21,0,1,10,2,2,"6,2","10,A"
9f93d5af,1326,14,25,1212,1187,-25,L,17,19,0,0,A,2,2,"7,Q","A,8"
9f93d5af,1326,15,25,1187,1212,25,W,15,22,0,0,2,2,4,"5,J","2,A,10,9"
9f93d5af,1326,16,75,1212,1287,75,W,19,22,0,0,8,4,3,"3,J,2,4","8,4,10"
9f93d5af,1326,17,50,1287,1237,-50,L,26,19,0,0,10,3,2,"6,Q,K","10,9"
9f93d5af,1326,18,25,1237,1212,-25,L,25,20,0,0,Q,3,2,"Q,5,10","Q,J"
99091d8a,1326,1,25,1000,1025,25,W,19,18,0,0,A,3,4,"10,4,5","A,5,8,4"
99091d8a,1326,2,75,1025,1100,75,W,20,17,0,0,3,2,4,"K,J","3,2,Q,2"
99091d8a,1326,3,50,1100,1050,-50,L,17,18,0,0,8,3,2,"5,Q,2","8,J"
99091d8a,1326,4,25,1050,1075,25,W,15,23,0,0,6,2,3,"9,6","6,K,7"
99091d8a,1326,5,75,1075,1187,112,W,21,14,1,0,4,2,2,"A,Q","4,K"
99091d8a,1326,6,50,1187,1137,-50,L,23,16,0,0,K,3,2,"7,6,10","K,6"
99091d8a,1326,7,25,1137,1112,-25,L,19,20,0,0,A,3,5,"6,10,3","A,2,3,7,7"
99091d8a,1326,8,25,1112,1087,-25,L,22,12,0,0,2,3,2,"Q,2,K","2,J"
99091d8a,1326,9,25,1087,1062,-25,L,24,20,0,0,K,3,2,"10,4,10","K,J"
99091d8a,1326,10,25,1062,1112,50,W,21,20,0,0,7,3,4,"9,2,Q","7,4,A,8"
99091d8a,1326,11,75,1112,1187,75,W,14,26,0,0,6,2,3,"9,5","6,Q,J"
99091d8a,1326,12,50,1187,1137,-50,L,14,19,0,0,3,2,3,"3,A","3,6,J"
99091d8a,1326,13,25,1137,1162,25,W,20,24,0,0,Q,2,3,"K,K","Q,4,J"
99091d8a,1326,14,75,1162,1087,-75,L,25,13,0,0,J,3,2,"5,K,Q","J,3"
99091d8a,1326,15,25,1087,1062,-25,L,15,17,0,0,6,2,3,"6,9","6,J,A"
99091d8a,1326,16,25,1062,1037,-25,L,23,17,0,0,8,3,2,"J,6,7","8,9"
99091d8a,1326,17,25,1037,1087,50,W,21,24,0,0,J,3,4,"2,9,K","J,3,A,J"
99091d8a,1326,18,75,1087,1162,75,W,20,22,0,0,7,2,3,"K,Q","7,5,10"
03d68feb,1326,1,25,1000,1025,25,W,20,18,0,0,3,2,3,"J,10","3,5,J"
03d68feb,1326,2,75,1025,1100,75,W,20,19,0,0,10,3,2,"2,10,8","10,9"
03d68feb,1326,3,50,1100,1100,0,P,18,18,0,0,3,3,4,"2,6,Q","3,6,2,7"
03d68feb,1326,4,25,1100,1125,25,W,19,23,0,0,J,2,3,"Q,9","J,6,7"
03d68feb,1326,5,75,1125,1050,-75,L,24,13,0,0,9,3,2,"6,8,10","9,4"
03d68feb,1326,6,25,1050,1075,25,W,19,26,0,0,6,2,3,"9,J","6,10,10"
03d68feb,1326,7,75,1075,1000,-75,L,16,20,0,0,3,3,3,"3,4,9","3,10,7"
03d68feb,1326,8,25,1000,1025,25,W,20,26,0,0,K,3,3,"4,A,5","K,6,Q"
03d68feb,1326,9,75,1025,1100,75,W,20,19,0,0,4,2,3,"9,A","4,4,A"
03d68feb,1326,10,50,1100,1100,0,P,19,19,0,0,9,2,2,"9,J","9,Q"
03d68feb,1326,11,25,1100,1075,-25,L,18,21,0,1,A,2,2,"J,8","A,10"
03d68feb,1326,12,25,1075,1050,-25,L,15,18,0,0,4,2,4,"9,6","4,10,2,2"
03d68feb,1326,13,25,1050,1075,25,W,21,25,0,0,6,4,3,"2,5,4,Q","6,Q,9"
03d68feb,1326,14,75,1075,1000,-75,L,14,17,0,0,5,2,3,"3,A","5,K,2"
03d68feb,1326,15,25,1000,975,-25,L,22,17,0,0,7,3,2,"4,K,8","7,Q"
03d68feb,1326,16,25,975,1000,25,W,12,22,0,0,6,2,3,"9,3","6,6,10"
03d68feb,1326,17,75,1000,1075,75,W,20,17,0,0,9,2,2,"K,Q","9,8"
03d68feb,1326,18,50,1075,1125,50,W,17,23,0,0,J,2,3,"10,7","J,3,K"
3ed885ae,oscars_grind,1,25,1000,975,-25,L,17,18,0,0,3,2,4,"J,7","3,5,4,6"
3ed885ae,oscars_grind,2,25,975,1000,25,W,20,18,0,0,2,2,4,"K,Q","2,6,4,6"
3ed885ae,oscars_grind,3,50,1000,950,-50,L,19,20,0,0,5,3,3,"3,5,A","5,K,5"
3ed885ae,oscars_grind,4,50,950,900,-50,L,17,19,0,0,8,3,2,"K,3,4","8,A"
3ed885ae,oscars_grind,5,50,900,1000,100,W,21,17,0,0,7,3,2,"2,9,Q","7,J"
3ed885ae,oscars_grind,6,75,1000,1150,150,W,17,26,0,0,6,3,3,"8,3,6","6,10,K"
3ed885ae,oscars_grind,7,25,1150,1125,-25,L,19,20,0,0,J,2,2,"A,8","J,J"
3ed885ae,oscars_grind,8,25,1125,1150,25,W,19,26,0,0,7,3,3,"7,8,4","7,9,J"
3ed885ae,oscars_grind,9,50,1150,1100,-50,L,19,20,0,0,Q,2,2,"9,K","Q,K"
3ed885ae,oscars_grind,10,50,1100,1150,50,W,18,17,0,0,10,3,2,"5,K,3","10,7"
3ed885ae,oscars_grind,11,75,1150,1075,-75,L,13,21,0,1,J,2,2,"6,7","J,A"
3ed885ae,oscars_grind,12,75,1075,1150,75,W,13,25,0,0,2,2,4,"3,Q","2,3,Q,Q"
3ed885ae,oscars_grind,13,100,1150,950,-200,L,18,21,0,0,J,3,3,"5,6,7","J,2,9"
3ed885ae,oscars_grind,14,100,950,850,-100,L,17,21,0,0,7,2,3,"6,A","7,4,K"
3ed885ae,oscars_grind,15,100,850,750,-100,L,23,20,0,0,Q,3,2,"9,4,Q","Q,10"
3ed885ae,oscars_grind,16,100,750,950,200,W,14,25,0,0,5,3,3,"6,3,5","5,K,K"
3ed885ae,oscars_grind,17,125,950,825,-125,L,22,9,0,0,3,3,2,"9,3,Q","3,6"
3ed885ae,oscars_grind,18,125,825,950,125,W,20,24,0,0,Q,4,3,"3,2,4,A","Q,5,9"
32971bb1,oscars_grind,1,25,1000,1025,25,W,16,26,0,0,6,2,3,"7,9","6,Q,10"
32971bb1,oscars_grind,2,25,1025,1050,25,W,21,19,0,0,A,4,2,"K,4,2,5","A,8"
32971bb1,oscars_grind,3,25,1050,1025,-25,L,22,20,0,0,10,3,2,"7,5,K","10,10"
32971bb1,oscars_grind,4,25,1025,1000,-25,L,24,19,0,0,J,4,2,"2,4,J,8","J,9"
32971bb1,oscars_grind,5,25,1000,975,-25,L,17,19,0,0,K,3,2,"2,K,5","K,9"
32971bb1,oscars_grind,6,25,975,950,-25,L,20,21,0,1,Q,2,2,"10,Q","Q,A"
32971bb1,oscars_grind,7,25,950,925,-25,L,17,19,0,0,9,2,2,"8,9","9,10"
32971bb1,oscars_grind,8,25,925,950,25,W,20,26,0,0,Q,2,3,"10,K","Q,6,J"
32971bb1,oscars_grind,9,50,950,900,-50,L,18,21,0,0,J,3,3,"2,5,A","J,3,8"
32971bb1,oscars_grind,10,50,900,950,50,W,16,23,0,0,5,2,4,"6,10","5,3,5,Q"
32971bb1,oscars_grind,11,75,950,875,-75,L,20,21,0,0,3,2,4,"10,10","3,6,6,6"
32971bb1,oscars_grind,12,75,875,950,75,W,20,17,0,0,A,2,2,"Q,J","A,6"
32971bb1,oscars_grind,13,100,950,850,-100,L,15,20,0,0,3,2,3,"8,7","3,10,7"
32971bb1,oscars_grind,14,100,850,750,-100,L,18,19,0,0,Q,2,2,"Q,8","Q,9"
32971bb1,oscars_grind,15,100,750,850,100,W,16,22,0,0,3,3,4,"6,2,8","3,4,8,7"
32971bb1,oscars_grind,16,125,850,600,-250,L,16,21,0,0,J,3,3,"4,7,5","J,6,5"
32971bb1,oscars_grind,17,125,600,600,0,P,21,21,0,0,9,3,3,"A,A,9","9,4,8"
32971bb1,oscars_grind,18,125,600,475,-125,L,17,18,0,0,7,3,2,"3,4,K","7,A"
52322067,oscars_grind,1,25,1000,1000,0,P,19,19,0,0,2,3,4,"6,3,J","2,3,J,4"
52322067,oscars_grind,2,25,1000,1037,37,W,21,15,1,0,K,2,2,"K,A","K,5"
52322067,oscars_grind,3,25,1037,1062,25,W,20,25,0,0,9,2,5,"A,9","9,3,2,A,J"
52322067,oscars_grind,4,25,1062,1037,-25,L,18,21,0,0,A,2,3,"8,J","A,4,6"
52322067,oscars_grind,5,25,1037,1012,-25,L,26,19,0,0,Q,5,2,"3,2,10,A,10","Q,9"
52322067,oscars_grind,6,25,1012,1037,25,W,16,22,0,0,3,2,4,"K,6","3,2,7,Q"
52322067,oscars_grind,7,50,1037,987,-50,L,20,21,0,1,A,2,2,"10,K","A,J"
52322067,oscars_grind,8,50,987,937,-50,L,24,15,0,0,K,3,2,"9,7,8","K,5"
52322067,oscars_grind,9,50,937,1037,100,W,21,22,0,0,7,3,3,"6,5,10","7,5,10"
52322067,oscars_grind,10,75,1037,962,-75,L,23,16,0,0,8,3,2,"5,J,8","8,8"
52322067,oscars_grind,11,75,962,1074,112,W,21,9,1,0,7,2,2,"A,Q","7,2"
52322067,oscars_grind,12,100,1074,1274,200,W,20,23,0,0,3,3,4,"4,6,Q","3,10,2,8"
52322067,oscars_grind,13,25,1274,1249,-25,L,16,19,0,0,6,2,3,"6,J","6,2,A"
52322067,oscars_grind,14,25,1249,1274,25,W,17,24,0,0,4,2,3,"10,7","4,J,J"
52322067,oscars_grind,15,50,1274,1274,0,P,20,20,0,0,9,2,2,"A,9","9,A"
52322067,oscars_grind,16,50,1274,1224,-50,L,17,20,0,0,Q,2,2,"7,Q","Q,10"
52322067,oscars_grind,17,50,1224,1174,-50,L,18,20,0,0,J,3,2,"Q,5,3","J,10"
52322067,oscars_grind,18,50,1174,1274,100,W,17,24,0,0,K,3,3,"9,2,6","K,5,9"
5bbc00f5,oscars_grind,1,25,1000,1025,25,W,18,23,0,0,10,2,3,"Q,8","10,3,Q"
5bbc00f5,oscars_grind,2,25,1025,1000,-25,L,24,17,0,0,A,3,2,"4,J,J","A,6"
5bbc00f5,oscars_grind,3,25,1000,1025,25,W,14,24,0,0,3,2,5,"Q,4","3,3,2,6,10"
5bbc00f5,oscars_grind,4,50,1025,925,-100,L,15,17,0,0,6,3,2,"8,3,4","6,A"
5bbc00f5,oscars_grind,5,50,925,875,-50,L,22,12,0,0,J,3,2,"7,9,6","J,2"
5bbc00f5,oscars_grind,6,50,875,925,50,W,19,17,0,0,J,3,4,"8,8,3","J,4,A,2"
5bbc00f5,oscars_grind,7,75,925,925,0,P,18,18,0,0,K,3,3,"5,3,Q","K,4,4"
5bbc00f5,oscars_grind,8,75,925,1000,75,W,20,17,0,0,8,2,2,"K,10","8,9"
5bbc00f5,oscars_grind,9,25,1000,1000,0,P,19,19,0,0,2,3,3,"8,4,7","2,7,K"
5bbc00f5,oscars_grind,10,25,1000,1025,25,W,16,24,0,0,4,3,3,"3,3,Q","4,K,J"
5bbc00f5,oscars_grind,11,25,1025,1000,-25,L,22,18,0,0,8,3,2,"5,J,7","8,K"
5bbc00f5,oscars_grind,12,25,1000,950,-50,L,12,20,0,0,J,3,2,"5,6,A","J,K"
5bbc00f5,oscars_grind,13,25,950,925,-25,L,13,18,0,0,2,2,3,"3,J","2,7,9"
5bbc00f5,oscars_grind,14,25,925,900,-25,L,24,15,0,0,10,5,2,"3,9,A,2,9","10,5"
5bbc00f5,oscars_grind,15,25,900,875,-25,L,22,18,0,0,8,3,2,"K,2,10","8,Q"
5bbc00f5,oscars_grind,16,25,875,850,-25,L,16,19,0,0,6,2,3,"A,5","6,5,8"
5bbc00f5,oscars_grind,17,25,850,825,-25,L,17,19,0,0,2,2,3,"Q,7","2,7,Q"
5bbc00f5,oscars_grind,18,25,825,800,-25,L,14,20,0,0,2,2,3,"K,4","2,7,A"
88ff1526,oscars_grind,1,25,1000,975,-25,L,17,21,0,1,J,2,2,"7,Q","J,A"
88ff1526,oscars_grind,2,25,975,1025,50,W,21,20,0,0,Q,3,3,"3,8,J","Q,5,5"
88ff1526,oscars_grind,3,50,1025,975,-50,L,13,19,0,0,6,2,3,"10,3","6,5,8"
88ff1526,oscars_grind,4,50,975,925,-50,L,17,20,0,0,K,2,3,"7,K","K,6,4"
88ff1526,oscars_grind,5,50,925,975,50,W,20,24,0,0,5,2,3,"K,J","5,K,9"
88ff1526,oscars_grind,6,75,975,1050,75,W,19,18,0,0,8,2,2,"9,J","8,10"
88ff1526,oscars_grind,7,25,1050,1025,-25,L,18,21,0,0,8,4,4,"3,5,4,6","8,6,A,6"
88ff1526,oscars_grind,8,25,1025,1050,25,W,20,18,0,0,J,3,2,"2,8,J","J,8"
88ff1526,oscars_grind,9,50,1050,1125,75,W,21,12,1,0,5,2,2,"A,Q","5,7"
88ff1526,oscars_grind,10,25,1125,1100,-25,L,10,21,0,1,Q,2,2,"8,2","Q,A"
88ff1526,oscars_grind,11,25,1100,1075,-25,L,13,20,0,0,3,2,3,"3,10","3,7,Q"
88ff1526,oscars_grind,12,25,1075,1100,25,W,20,23,0,0,3,2,3,"J,K","3,10,Q"
88ff1526,oscars_grind,13,50,1100,1050,-50,L,26,19,0,0,9,4,2,"5,A,Q,K","9,J"
88ff1526,oscars_grind,14,50,1050,1100,50,W,18,24,0,0,3,2,6,"8,10","3,Q,A,A,A,8"
88ff1526,oscars_grind,15,75,1100,1175,75,W,20,24,0,0,10,2,3,"10,K","10,4,Q"
88ff1526,oscars_grind,16,25,1175,1200,25,W,18,17,0,0,2,2,3,"8,Q","2,6,9"
88ff1526,oscars_grind,17,25,1200,1237,37,W,21,15,1,0,5,2,2,"A,Q","5,K"
88ff1526,oscars_grind,18,25,1237,1212,-25,L,22,13,0,0,Q,3,2,"9,4,9","Q,3"
2d93f043,oscars_grind,1,25,1000,1025,25,W,20,18,0,0,8,3,2,"5,7,8","8,10"
2d93f043,oscars_grind,2,25,1025,1050,25,W,20,26,0,0,10,3,3,"8,2,Q","10,6,K"
2d93f043,oscars_grind,3,25,1050,1025,-25,L,18,20,0,0,7,4,3,"5,2,2,9","7,3,J"
2d93f043,oscars_grind,4,25,1025,1000,-25,L,12,18,0,0,6,2,4,"3,9","6,3,4,5"
2d93f043,oscars_grind,5,25,1000,950,-50,L,16,21,0,0,6,3,4,"2,8,6","6,3,6,6"
2d93f043,oscars_grind,6,25,950,950,0,P,21,21,1,1,10,2,2,"K,A","10,A"
2d93f043,oscars_grind,7,25,950,950,0,P,21,21,0,0,6,3,3,"5,5,A","6,6,9"
2d93f043,oscars_grind,8,25,950,975,25,W,19,17,0,0,Q,2,3,"8,A","Q,2,5"
2d93f043,oscars_grind,9,50,975,925,-50,L,13,21,0,0,5,2,4,"10,3","5,3,3,10"
2d93f043,oscars_grind,10,50,925,975,50,W,17,26,0,0,Q,2,3,"9,8","Q,6,Q"
2d93f043,oscars_grind,11,75,975,900,-75,L,20,21,0,0,7,2,4,"Q,Q","7,8,A,5"
2d93f043,oscars_grind,12,75,900,975,75,W,20,17,0,0,8,2,2,"9,A","8,9"
2d93f043,oscars_grind,13,100,975,875,-100,L,12,21,0,1,Q,2,2,"9,3","Q,A"
2d93f043,oscars_grind,14,100,875,775,-100,L,17,21,0,0,3,2,4,"K,7","3,2,5,A"
2d93f043,oscars_grind,15,100,775,675,-100,L,26,20,0,0,J,4,2,"4,2,Q,J","J,J"
2d93f043,oscars_grind,16,100,675,575,-100,L,17,21,0,1,Q,2,2,"J,7","Q,A"
2d93f043,oscars_grind,17,100,575,775,200,W,12,22,0,0,6,3,3,"8,2,2","6,6,10"
2d93f043,oscars_grind,18,125,775,900,125,W,19,18,0,0,8,3,2,"6,3,Q","8,Q"
92721923,oscars_grind,1,25,1000,975,-25,L,18,21,0,0,7,3,3,"5,8,5","7,3,A"
92721923,oscars_grind,2,25,975,950,-25,L,15,21,0,1,A,2,2,"5,10","A,K"
92721923,oscars_grind,3,25,950,925,-25,L,17,20,0,0,8,3,4,"K,4,3","8,2,2,8"
92721923,oscars_grind,4,25,925,950,25,W,20,17,0,0,2,2,3,"10,J","2,Q,5"
92721923,oscars_grind,5,50,950,1025,75,W,21,14,1,0,J,2,2,"10,A","J,4"
92721923,oscars_grind,6,75,1025,950,-75,L,25,19,0,0,K,4,2,"5,9,A,K","K,9"
92721923,oscars_grind,7,75,950,1025,75,W,17,22,0,0,6,2,3,"A,6","6,6,10"
92721923,oscars_grind,8,100,1025,925,-100,L,24,12,0,0,9,3,2,"Q,6,8","9,3"
92721923,oscars_grind,9,100,925,825,-100,L,17,20,0,0,Q,4,2,"A,A,J,5","Q,J"
92721923,oscars_grind,10,100,825,725,-100,L,17,20,0,0,9,2,2,"Q,7","9,A"
92721923,oscars_grind,11,100,725,625,-100,L,24,13,0,0,K,4,2,"3,4,7,J","K,3"
92721923,oscars_grind,12,100,625,525,-100,L,24,16,0,0,Q,3,2,"10,5,9","Q,6"
92721923,oscars_grind,13,100,525,625,100,W,17,25,0,0,K,2,4,"7,Q","K,3,2,Q"
92721923,oscars_grind,14,125,625,750,125,W,18,26,0,0,Q,3,5,"2,6,Q","Q,3,2,A,10"
92721923,oscars_grind,15,150,750,900,150,W,18,24,0,0,8,4,3,"3,A,A,3","8,6,K"
92721923,oscars_grind,16,175,900,1075,175,W,20,17,0,0,5,2,3,"Q,10","5,J,2"
92721923,oscars_grind,17,25,1075,1125,50,W,14,23,0,0,5,3,4,"8,3,3","5,5,3,Q"
92721923,oscars_grind,18,25,1125,1150,25,W,19,18,0,0,Q,2,3,"9,Q","Q,4,4"
8d9de64c,oscars_grind,1,25,1000,1025,25,W,18,17,0,0,10,5,2,"2,3,4,7,2","10,7"
8d9de64c,oscars_grind,2,25,1025,1050,25,W,18,23,0,0,8,2,3,"J,8","8,7,8"
8d9de64c,oscars_grind,3,25,1050,1025,-25,L,25,13,0,0,7,4,2,"A,4,Q,10","7,6"
8d9de64c,oscars_grind,4,25,1025,1000,-25,L,12,21,0,1,10,2,2,"5,7","10,A"
8d9de64c,oscars_grind,5,25,1000,975,-25,L,14,17,0,0,6,2,2,"4,J","6,A"
8d9de64c,oscars_grind,6,25,975,975,0,P,20,20,0,0,4,2,3,"10,10","4,8,8"
8d9de64c,oscars_grind,7,25,975,1000,25,W,20,17,0,0,A,3,2,"2,10,8","A,6"
8d9de64c,oscars_grind,8,50,1000,950,-50,L,16,20,0,0,5,2,4,"6,Q","5,3,4,8"
8d9de64c,oscars_grind,9,50,950,900,-50,L,20,21,0,0,6,2,3,"Q,K","6,5,J"
8d9de64c,oscars_grind,10,50,900,1000,100,W,12,24,0,0,K,3,3,"8,3,A","K,4,Q"
8d9de64c,oscars_grind,11,75,1000,925,-75,L,18,21,0,1,A,2,2,"8,10","A,10"
8d9de64c,oscars_grind,12,75,925,925,0,P,21,21,0,0,7,4,4,"5,3,4,9","7,5,3,6"
8d9de64c,oscars_grind,13,75,925,850,-75,L,16,21,0,0,6,4,3,"3,3,2,8","6,9,6"
8d9de64c,oscars_grind,14,75,850,925,75,W,20,22,0,0,Q,2,3,"J,10","Q,5,7"
8d9de64c,oscars_grind,15,100,925,825,-100,L,17,18,0,0,8,4,2,"2,7,3,5","8,10"
8d9de64c,oscars_grind,16,100,825,925,100,W,17,24,0,0,4,2,3,"6,A","4,J,J"
8d9de64c,oscars_grind,17,125,925,800,-125,L,24,13,0,0,K,3,2,"4,Q,10","K,3"
8d9de64c,oscars_grind,18,125,800,675,-125,L,17,19,0,0,9,3,2,"2,5,K","9,Q"
23e7b1d7,oscars_grind,1,25,1000,975,-25,L,26,20,0,0,K,3,2,"9,7,10","K,10"
23e7b1d7,oscars_grind,2,25,975,1000,25,W,12,23,0,0,5,3,3,"5,3,4","5,Q,8"
23e7b1d7,oscars_grind,3,50,1000,1000,0,P,18,18,0,0,K,2,2,"7,A","K,8"
23e7b1d7,oscars_grind,4,50,1000,950,-50,L,24,13,0,0,J,3,2,"4,K,10","J,3"
23e7b1d7,oscars_grind,5,50,950,1000,50,W,20,19,0,0,K,2,3,"K,10","K,4,5"
23e7b1d7,oscars_grind,6,75,1000,850,-150,L,12,21,0,0,5,3,6,"5,6,A","5,2,5,2,A,6"
23e7b1d7,oscars_grind,7,75,850,700,-150,L,13,18,0,0,10,3,2,"5,6,2","10,8"
23e7b1d7,oscars_grind,8,75,700,775,75,W,15,23,0,0,4,2,5,"4,A","4,2,4,3,K"
23e7b1d7,oscars_grind,9,100,775,925,150,W,21,13,1,0,K,2,2,"A,K","K,3"
23e7b1d7,oscars_grind,10,25,925,900,-25,L,17,18,0,0,10,4,2,"2,8,3,4","10,8"
23e7b1d7,oscars_grind,11,25,900,875,-25,L,18,20,0,0,K,3,2,"K,4,4","K,Q"
23e7b1d7,oscars_grind,12,25,875,900,25,W,14,23,0,0,3,2,3,"A,3","3,10,Q"
23e7b1d7,oscars_grind,13,50,900,1000,100,W,21,19,0,0,9,3,2,"8,3,10","9,Q"
23e7b1d7,oscars_grind,14,25,1000,1025,25,W,16,25,0,0,5,2,3,"A,5","5,10,10"
23e7b1d7,oscars_grind,15,25,1025,1000,-25,L,14,18,0,0,4,2,4,"9,5","4,3,4,7"
23e7b1d7,oscars_grind,16,25,1000,1050,50,W,20,18,0,0,4,3,4,"6,5,9","4,4,5,5"
23e7b1d7,oscars_grind,17,50,1050,1125,75,W,21,16,1,0,Q,2,2,"Q,A","Q,6"
23e7b1d7,oscars_grind,18,25,1125,1150,25,W,18,17,0,0,A,2,2,"7,A","A,6"
680a60c3,oscars_grind,1,25,1000,975,-25,L,23,18,0,0,7,3,2,"7,9,7","7,A"
680a60c3,oscars_grind,2,25,975,1000,25,W,18,22,0,0,5,2,4,"8,K","5,A,7,9"
680a60c3,oscars_grind,3,50,1000,950,-50,L,25,14,0,0,Q,3,2,"6,9,Q","Q,4"
680a60c3,oscars_grind,4,50,950,900,-50,L,5,21,0,1,J,2,2,"2,3","J,A"
680a60c3,oscars_grind,5,50,900,850,-50,L,15,20,0,0,5,2,3,"9,6","5,5,J"
680a60c3,oscars_grind,6,50,850,925,75,W,21,17,1,0,J,2,2,"A,10","J,7"
680a60c3,oscars_grind,7,75,925,1075,150,W,21,17,0,0,7,3,2,"5,6,10","7,K"
680a60c3,oscars_grind,8,100,1075,1275,200,W,13,23,0,0,10,3,3,"9,2,2","10,3,J"
680a60c3,oscars_grind,9,25,1275,1300,25,W,19,24,0,0,Q,3,3,"5,3,A","Q,4,10"
680a60c3,oscars_grind,10,25,1300,1275,-25,L,18,20,0,0,3,2,3,"J,8","3,Q,7"
680a60c3,oscars_grind,11,25,1275,1275,0,P,20,20,0,0,K,4,3,"6,3,4,7","K,4,6"
680a60c3,oscars_grind,12,25,1275,1300,25,W,18,17,0,0,9,3,2,"4,4,10","9,8"
680a60c3,oscars_grind,13,50,1300,1350,50,W,21,17,0,0,8,3,2,"A,2,8","8,9"
680a60c3,oscars_grind,14,25,1350,1325,-25,L,18,19,0,0,9,3,2,"J,5,3","9,10"
680a60c3,oscars_grind,15,25,1325,1325,0,P,20,20,0,0,J,3,3,"9,2,9","J,3,7"
680a60c3,oscars_grind,16,25,1325,1300,-25,L,15,21,0,1,A,2,2,"5,K","A,K"
680a60c3,oscars_grind,17,25,1300,1250,-50,L,13,21,0,0,2,3,3,"4,6,3","2,J,9"
680a60c3,oscars_grind,18,25,1250,1300,50,W,21,26,0,0,6,3,3,"6,5,J","6,K,Q"
f554b0ed,oscars_grind,1,25,1000,975,-25,L,22,18,0,0,10,3,2,"2,J,10","10,8"
f554b0ed,oscars_grind,2,25,975,950,-25,L,15,20,0,0,2,2,4,"6,9","2,6,2,Q"
f554b0ed,oscars_grind,3,25,950,975,25,W,18,23,0,0,7,3,3,"2,K,6","7,6,Q"
f554b0ed,oscars_grind,4,50,975,925,-50,L,16,19,0,0,6,2,3,"6,10","6,3,Q"
f554b0ed,oscars_grind,5,50,925,875,-50,L,25,20,0,0,10,3,2,"5,J,Q","10,J"
f554b0ed,oscars_grind,6,50,875,825,-50,L,24,13,0,0,K,3,2,"4,J,J","K,3"
f554b0ed,oscars_grind,7,50,825,875,50,W,21,20,0,0,K,3,2,"9,5,7","K,K"
f554b0ed,oscars_grind,8,75,875,800,-75,L,24,13,0,0,K,3,2,"4,J,J","K,3"
f554b0ed,oscars_grind,9,75,800,725,-75,L,18,19,0,0,K,3,3,"Q,4,4","K,4,5"
f554b0ed,oscars_grind,10,75,725,725,0,P,19,19,0,0,A,3,3,"2,9,8","A,2,6"
f554b0ed,oscars_grind,11,75,725,800,75,W,17,23,0,0,9,2,3,"Q,7","9,4,10"
f554b0ed,oscars_grind,12,100,800,1000,200,W,21,24,0,0,3,3,4,"2,8,A","3,A,J,Q"
f554b0ed,oscars_grind,13,125,1000,875,-125,L,18,19,0,0,3,2,3,"8,Q","3,6,10"
f554b0ed,oscars_grind,14,125,875,1000,125,W,20,18,0,0,8,3,2,"2,J,8","8,Q"
f554b0ed,oscars_grind,15,150,1000,850,-150,L,19,21,0,0,7,4,3,"3,2,Q,4","7,3,A"
f554b0ed,oscars_grind,16,150,850,700,-150,L,13,21,0,1,J,2,2,"4,9","J,A"
f554b0ed,oscars_grind,17,150,700,1000,300,W,20,26,0,0,6,3,3,"4,6,J","6,Q,K"
f554b0ed,oscars_grind,18,175,1000,1175,175,W,21,19,0,0,9,3,3,"Q,6,5","9,5,5"
e2589276,oscars_grind,1,25,1000,1037,37,W,21,11,1,0,3,2,2,"A,J","3,8"
e2589276,oscars_grind,2,25,1037,1012,-25,L,13,18,0,0,3,2,3,"8,5","3,9,6"
e2589276,oscars_grind,3,25,1012,987,-25,L,23,17,0,0,10,3,2,"5,9,9","10,7"
e2589276,oscars_grind,4,25,987,1012,25,W,21,18,0,0,Q,3,2,"K,5,6","Q,8"
e2589276,oscars_grind,5,50,1012,962,-50,L,11,21,0,1,A,2,2,"5,6","A,10"
e2589276,oscars_grind,6,50,962,1012,50,W,21,18,0,0,7,5,2,"3,2,A,J,5","7,A"
e2589276,oscars_grind,7,75,1012,937,-75,L,22,18,0,0,J,3,2,"K,2,Q","J,8"
e2589276,oscars_grind,8,75,937,862,-75,L,16,20,0,0,6,2,3,"8,8","6,7,7"
e2589276,oscars_grind,9,75,862,787,-75,L,22,15,0,0,J,3,2,"Q,5,7","J,5"
e2589276,oscars_grind,10,75,787,712,-75,L,26,16,0,0,Q,4,2,"A,5,J,K","Q,6"
e2589276,oscars_grind,11,75,712,787,75,W,13,22,0,0,4,2,3,"6,7","4,8,Q"
e2589276,oscars_grind,12,100,787,987,200,W,20,24,0,0,3,3,4,"2,8,K","3,J,A,10"
e2589276,oscars_grind,13,125,987,862,-125,L,18,20,0,0,10,3,3,"Q,5,3","10,4,6"
e2589276,oscars_grind,14,125,862,987,125,W,15,23,0,0,3,2,3,"6,9","3,J,J"
e2589276,oscars_grind,15,150,987,1137,150,W,20,17,0,0,K,3,2,"A,A,8","K,7"
e2589276,oscars_grind,16,175,1137,962,-175,L,18,20,0,0,J,4,2,"2,3,3,K","J,10"
e2589276,oscars_grind,17,175,962,787,-175,L,17,20,0,0,K,2,3,"7,10","K,6,4"
e2589276,oscars_grind,18,175,787,437,-350,L,12,18,0,0,A,3,3,"2,9,A","A,3,4"
28c70f59,oscars_grind,1,25,1000,1025,25,W,19,22,0,0,6,2,3,"8,A","6,6,J"
28c70f59,oscars_grind,2,25,1025,975,-50,L,16,20,0,0,Q,3,2,"4,7,5","Q,J"
28c70f59,oscars_grind,3,25,975,950,-25,L,22,20,0,0,10,4,2,"2,A,9,K","10,J"
28c70f59,oscars_grind,4,25,950,925,-25,L,22,14,0,0,7,3,2,"K,6,6","7,7"
28c70f59,oscars_grind,5,25,925,900,-25,L,13,19,0,0,3,2,3,"3,10","3,K,6"
28c70f59,oscars_grind,6,25,900,925,25,W,19,18,0,0,7,2,2,"9,J","7,A"
28c70f59,oscars_grind,7,50,925,875,-50,L,22,17,0,0,A,3,2,"J,3,9","A,6"
28c70f59,oscars_grind,8,50,875,925,50,W,19,18,0,0,10,3,3,"5,4,10","10,2,6"
28c70f59,oscars_grind,9,75,925,850,-75,L,25,17,0,0,K,3,2,"5,J,Q","K,7"
28c70f59,oscars_grind,10,75,850,775,-75,L,16,21,0,0,4,2,3,"Q,6","4,J,7"
28c70f59,oscars_grind,11,75,775,850,75,W,15,24,0,0,4,2,3,"6,9","4,Q,K"
28c70f59,oscars_grind,12,100,850,950,100,W,13,26,0,0,3,2,4,"K,3","3,3,10,Q"
28c70f59,oscars_grind,13,125,950,1075,125,W,20,22,0,0,J,3,3,"4,K,6","J,3,9"
28c70f59,oscars_grind,14,25,1075,1125,50,W,18,24,0,0,3,3,4,"7,2,9","3,5,6,Q"
28c70f59,oscars_grind,15,25,1125,1175,50,W,15,22,0,0,7,3,3,"6,5,4","7,7,8"
28c70f59,oscars_grind,16,25,1175,1200,25,W,20,17,0,0,4,2,3,"10,10","4,3,Q"
28c70f59,oscars_grind,17,25,1200,1225,25,W,20,17,0,0,Q,2,2,"K,J","Q,7"
28c70f59,oscars_grind,18,25,1225,1250,25,W,20,26,0,0,8,2,3,"9,A","8,8,Q"
42b0b8f7,oscars_grind,1,25,1000,975,-25,L,19,21,0,1,K,2,2,"8,A","K,A"
42b0b8f7,oscars_grind,2,25,975,1012,37,W,21,20,1,0,Q,2,2,"A,K","Q,Q"
42b0b8f7,oscars_grind,3,50,1012,962,-50,L,26,18,0,0,8,3,2,"6,Q,Q","8,10"
42b0b8f7,oscars_grind,4,50,962,912,-50,L,19,20,0,0,A,4,3,"3,4,5,7","A,A,8"
42b0b8f7,oscars_grind,5,50,912,862,-50,L,18,20,0,0,7,4,3,"2,3,9,4","7,5,8"
42b0b8f7,oscars_grind,6,50,862,912,50,W,20,19,0,0,J,2,2,"K,J","J,9"
42b0b8f7,oscars_grind,7,75,912,837,-75,L,19,20,0,0,10,4,2,"5,2,2,10","10,K"
42b0b8f7,oscars_grind,8,75,837,912,75,W,15,22,0,0,2,3,5,"3,2,Q","2,5,2,4,9"
42b0b8f7,oscars_grind,9,100,912,1012,100,W,19,17,0,0,A,2,2,"9,J","A,6"
42b0b8f7,oscars_grind,10,125,1012,1137,125,W,19,26,0,0,10,3,4,"4,9,6","10,4,2,K"
42b0b8f7,oscars_grind,11,25,1137,1112,-25,L,15,19,0,0,5,2,4,"7,8","5,2,2,K"
42b0b8f7,oscars_grind,12,25,1112,1149,37,W,21,16,1,0,6,2,2,"A,10","6,K"
42b0b8f7,oscars_grind,13,50,1149,1099,-50,L,24,19,0,0,8,4,2,"2,5,7,10","8,A"
42b0b8f7,oscars_grind,14,50,1099,999,-100,L,19,20,0,0,5,3,3,"2,7,K","5,5,K"
42b0b8f7,oscars_grind,15,50,999,949,-50,L,25,20,0,0,A,3,2,"6,10,9","A,9"
42b0b8f7,oscars_grind,16,50,949,899,-50,L,14,21,0,1,A,2,2,"K,4","A,Q"
42b0b8f7,oscars_grind,17,50,899,849,-50,L,24,14,0,0,7,4,2,"6,3,5,J","7,7"
42b0b8f7,oscars_grind,18,50,849,899,50,W,20,19,0,0,J,3,2,"6,3,A","J,9"
115b4ee6,oscars_grind,1,25,1000,1025,25,W,20,19,0,0,8,4,4,"10,3,A,6","8,3,3,5"
115b4ee6,oscars_grind,2,25,1025,1000,-25,L,16,21,0,1,A,2,2,"10,6","A,10"
115b4ee6,oscars_grind,3,25,1000,1000,0,P,18,18,0,0,8,4,2,"2,4,J,2","8,10"
115b4ee6,oscars_grind,4,25,1000,1025,25,W,21,24,0,0,8,3,3,"6,Q,5","8,8,8"
115b4ee6,oscars_grind,5,50,1025,1075,50,W,20,17,0,0,Q,2,2,"Q,Q","Q,7"
115b4ee6,oscars_grind,6,25,1075,1050,-25,L,24,14,0,0,A,3,2,"6,Q,8","A,3"
115b4ee6,oscars_grind,7,25,1050,1075,25,W,17,25,0,0,5,3,3,"3,4,Q","5,10,K"
115b4ee6,oscars_grind,8,50,1075,1125,50,W,19,18,0,0,J,2,3,"K,9","J,6,2"
115b4ee6,oscars_grind,9,25,1125,1150,25,W,16,26,0,0,6,3,3,"2,3,A","6,10,K"
115b4ee6,oscars_grind,10,25,1150,1150,0,P,20,20,0,0,6,2,3,"10,10","6,4,K"
115b4ee6,oscars_grind,11,25,1150,1125,-25,L,22,11,0,0,9,3,2,"6,J,6","9,2"
115b4ee6,oscars_grind,12,25,1125,1150,25,W,20,19,0,0,7,2,3,"K,10","7,2,K"
115b4ee6,oscars_grind,13,50,1150,1100,-50,L,23,12,0,0,7,3,2,"J,5,8","7,5"
115b4ee6,oscars_grind,14,50,1100,1050,-50,L,26,18,0,0,8,3,2,"K,6,K","8,J"
115b4ee6,oscars_grind,15,50,1050,1000,-50,L,23,19,0,0,A,3,2,"10,3,K","A,8"
115b4ee6,oscars_grind,16,50,1000,950,-50,L,15,20,0,0,3,2,3,"5,J","3,7,Q"
115b4ee6,oscars_grind,17,50,950,900,-50,L,22,9,0,0,2,3,2,"7,5,K","2,7"
115b4ee6,oscars_grind,18,50,900,800,-100,L,18,21,0,0,4,3,3,"3,7,8","4,7,K"
93a7c725,oscars_grind,1,25,1000,1025,25,W,18,17,0,0,7,3,2,"Q,4,4","7,10"
93a7c725,oscars_grind,2,25,1025,1000,-25,L,20,21,0,0,2,2,4,"J,K","2,4,5,J"
93a7c725,oscars_grind,3,25,1000,1025,25,W,13,25,0,0,4,2,4,"3,10","4,10,A,K"
93a7c725,oscars_grind,4,50,1025,975,-50,L,14,18,0,0,2,2,3,"6,8","2,Q,6"
93a7c725,oscars_grind,5,50,975,1025,50,W,19,24,0,0,9,2,3,"9,J","9,7,8"
93a7c725,oscars_grind,6,75,1025,950,-75,L,17,21,0,0,8,3,3,"2,J,5","8,4,9"
93a7c725,oscars_grind,7,75,950,1100,150,W,20,23,0,0,3,3,3,"4,6,J","3,K,K"
93a7c725,oscars_grind,8,100,1100,900,-200,L,18,20,0,0,3,3,4,"7,3,8","3,3,4,Q"
93a7c725,oscars_grind,9,100,900,1000,100,W,19,18,0,0,Q,3,2,"6,6,7","Q,8"
93a7c725,oscars_grind,10,125,1000,1125,125,W,21,23,0,0,9,4,3,"A,2,A,7","9,4,Q"
93a7c725,oscars_grind,11,25,1125,1125,0,P,19,19,0,0,Q,2,3,"A,8","Q,4,5"
93a7c725,oscars_grind,12,25,1125,1100,-25,L,16,19,0,0,3,2,3,"6,Q","3,6,10"
93a7c725,oscars_grind,13,25,1100,1050,-50,L,19,20,0,0,5,3,3,"6,5,8","5,5,Q"
93a7c725,oscars_grind,14,25,1050,1025,-25,L,13,21,0,1,Q,2,2,"5,8","Q,A"
93a7c725,oscars_grind,15,25,1025,1050,25,W,20,23,0,0,2,2,5,"J,Q","2,4,7,A,9"
93a7c725,oscars_grind,16,50,1050,1000,-50,L,18,19,0,0,9,3,2,"3,6,9","9,J"
93a7c725,oscars_grind,17,50,1000,1050,50,W,14,22,0,0,2,2,3,"J,4","2,J,Q"
93a7c725,oscars_grind,18,75,1050,975,-75,L,26,13,0,0,8,4,2,"2,4,J,K","8,5"
eef24b6f,oscars_grind,1,25,1000,975,-25,L,13,21,0,1,J,2,2,"2,A","J,A"
eef24b6f,oscars_grind,2,25,975,1000,25,W,18,17,0,0,7,2,2,"7,A","7,K"
eef24b6f,oscars_grind,3,50,1000,1050,50,W,19,18,0,0,8,2,2,"9,K","8,Q"
eef24b6f,oscars_grind,4,25,1050,1075,25,W,15,23,0,0,3,3,3,"J,2,3","3,Q,Q"
eef24b6f,oscars_grind,5,25,1075,1050,-25,L,17,20,0,0,3,2,3,"J,7","3,10,7"
eef24b6f,oscars_grind,6,25,1050,1050,0,P,20,20,0,0,J,2,2,"9,A","J,10"
eef24b6f,oscars_grind,7,25,1050,1025,-25,L,16,17,0,0,6,2,2,"6,Q","6,A"
eef24b6f,oscars_grind,8,25,1025,1050,25,W,17,22,0,0,K,2,3,"J,7","K,2,J"
eef24b6f,oscars_grind,9,50,1050,1000,-50,L,17,20,0,0,9,3,2,"7,5,5","9,A"
eef24b6f,oscars_grind,10,50,1000,950,-50,L,14,18,0,0,5,2,3,"5,9","5,5,8"
eef24b6f,oscars_grind,11,50,950,950,0,P,21,21,1,1,A,2,2,"A,10","A,J"
eef24b6f,oscars_grind,12,50,950,1000,50,W,15,25,0,0,5,2,5,"5,Q","5,A,8,2,9"
eef24b6f,oscars_grind,13,75,1000,925,-75,L,17,19,0,0,9,5,3,"2,3,4,2,6","9,3,7"
eef24b6f,oscars_grind,14,75,925,925,0,P,20,20,0,0,K,3,2,"6,7,7","K,K"
eef24b6f,oscars_grind,15,75,925,1000,75,W,20,17,0,0,9,3,2,"9,7,4","9,8"
eef24b6f,oscars_grind,16,100,1000,1000,0,P,17,17,0,0,6,2,2,"Q,7","6,A"
eef24b6f,oscars_grind,17,100,1000,900,-100,L,17,20,0,0,10,2,2,"7,J","10,Q"
eef24b6f,oscars_grind,18,100,900,800,-100,L,13,17,0,0,6,2,3,"4,9","6,8,3"
b47e8aa2,oscars_grind,1,25,1000,975,-25,L,12,20,0,0,4,2,3,"8,4","4,Q,6"
b47e8aa2,oscars_grind,2,25,975,950,-25,L,23,12,0,0,A,3,2,"3,Q,J","A,A"
b47e8aa2,oscars_grind,3,25,950,925,-25,L,20,21,0,0,Q,2,3,"A,9","Q,5,6"
b47e8aa2,oscars_grind,4,25,925,950,25,W,21,17,0,0,J,4,3,"3,A,10,7","J,4,3"
b47e8aa2,oscars_grind,5,50,950,1000,50,W,17,22,0,0,2,2,3,"7,K","2,K,Q"
b47e8aa2,oscars_grind,6,75,1000,1075,75,W,19,18,0,0,K,2,2,"J,9","K,8"
b47e8aa2,oscars_grind,7,25,1075,1100,25,W,16,25,0,0,2,2,4,"5,A","2,J,3,K"
b47e8aa2,oscars_grind,8,25,1100,1125,25,W,21,17,0,0,7,3,2,"A,4,6","7,Q"
b47e8aa2,oscars_grind,9,25,1125,1150,25,W,14,23,0,0,3,2,4,"9,5","3,A,9,Q"
b47e8aa2,oscars_grind,10,25,1150,1150,0,P,17,17,0,0,7,2,3,"9,8","7,2,8"
b47e8aa2,oscars_grind,11,25,1150,1150,0,P,17,17,0,0,7,3,3,"J,3,4","7,7,3"
b47e8aa2,oscars_grind,12,25,1150,1175,25,W,16,25,0,0,6,2,5,"9,7","6,3,3,3,K"
b47e8aa2,oscars_grind,13,25,1175,1200,25,W,19,26,0,0,5,2,4,"10,9","5,Q,A,Q"
b47e8aa2,oscars_grind,14,25,1200,1250,50,W,19,23,0,0,5,3,3,"3,6,J","5,Q,8"
b47e8aa2,oscars_grind,15,25,1250,1287,37,W,21,14,1,0,4,2,2,"K,A","4,J"
b47e8aa2,oscars_grind,16,25,1287,1262,-25,L,12,20,0,0,6,2,3,"2,Q","6,9,5"
b47e8aa2,oscars_grind,17,25,1262,1312,50,W,15,23,0,0,6,3,4,"6,4,5","6,5,2,K"
b47e8aa2,oscars_grind,18,50,1312,1262,-50,L,16,21,0,0,6,2,3,"6,J","6,4,A"
72e590b4,oscars_grind,1,25,1000,975,-25,L,18,21,0,0,2,2,3,"10,8","2,Q,9"
72e590b4,oscars_grind,2,25,975,1000,25,W,14,22,0,0,5,2,3,"9,5","5,J,7"
72e590b4,oscars_grind,3,50,1000,1075,75,W,21,20,1,0,K,2,2,"A,Q","K,Q"
72e590b4,oscars_grind,4,25,1075,1100,25,W,20,23,0,0,7,4,4,"3,2,10,5","7,6,2,8"
72e590b4,oscars_grind,5,25,1100,1150,50,W,21,19,0,0,2,3,3,"8,2,A","2,8,9"
72e590b4,oscars_grind,6,25,1150,1175,25,W,16,24,0,0,4,2,4,"K,6","4,4,6,J"
72e590b4,oscars_grind,7,25,1175,1200,25,W,20,18,0,0,10,5,4,"5,8,2,A,4","10,4,A,3"
72e590b4,oscars_grind,8,25,1200,1225,25,W,20,19,0,0,K,2,2,"J,K","K,9"
72e590b4,oscars_grind,9,25,1225,1200,-25,L,25,17,0,0,A,3,2,"5,K,Q","A,6"
72e590b4,oscars_grind,10,25,1200,1175,-25,L,24,20,0,0,J,4,2,"3,A,Q,10","J,J"
72e590b4,oscars_grind,11,25,1175,1175,0,P,20,20,0,0,7,2,3,"K,Q","7,3,10"
72e590b4,oscars_grind,12,25,1175,1200,25,W,20,18,0,0,8,2,2,"K,10","8,10"
72e590b4,oscars_grind,13,50,1200,1150,-50,L,17,20,0,0,6,2,3,"7,K","6,8,6"
72e590b4,oscars_grind,14,50,1150,1100,-50,L,22,13,0,0,K,3,2,"7,5,K","K,3"
72e590b4,oscars_grind,15,50,1100,1050,-50,L,18,19,0,0,10,3,2,"4,A,3","10,9"
72e590b4,oscars_grind,16,50,1050,1000,-50,L,13,19,0,0,2,2,4,"7,6","2,J,3,4"
72e590b4,oscars_grind,17,50,1000,950,-50,L,26,17,0,0,10,5,2,"A,3,8,4,K","10,7"
72e590b4,oscars_grind,18,50,950,900,-50,L,12,20,0,0,4,2,3,"3,9","4,Q,6"
6b24e13b,oscars_grind,1,25,1000,950,-50,L,15,20,0,0,K,3,2,"8,3,4","K,Q"
6b24e13b,oscars_grind,2,25,950,925,-25,L,23,20,0,0,K,3,2,"5,Q,8","K,K"
6b24e13b,oscars_grind,3,25,925,925,0,P,20,20,0,0,Q,2,2,"A,9","Q,10"
6b24e13b,oscars_grind,4,25,925,950,25,W,18,25,0,0,5,3,3,"5,2,A","5,10,K"
6b24e13b,oscars_grind,5,50,950,900,-50,L,17,21,0,0,J,3,3,"5,5,7","J,6,5"
6b24e13b,oscars_grind,6,50,900,850,-50,L,16,21,0,1,A,2,2,"K,6","A,K"
6b24e13b,oscars_grind,7,50,850,900,50,W,20,18,0,0,6,2,3,"10,J","6,3,9"
6b24e13b,oscars_grind,8,75,900,1050,150,W,20,24,0,0,3,3,4,"5,5,Q","3,2,9,10"
6b24e13b,oscars_grind,9,100,1050,1150,100,W,20,25,0,0,J,2,4,"Q,Q","J,3,2,10"
6b24e13b,oscars_grind,10,25,1150,1100,-50,L,18,20,0,0,4,3,3,"2,9,7","4,6,10"
6b24e13b,oscars_grind,11,25,1100,1125,25,W,18,22,0,0,K,4,3,"3,2,J,3","K,3,9"
6b24e13b,oscars_grind,12,50,1125,1075,-50,L,13,17,0,0,4,2,5,"7,6","4,2,3,7,A"
6b24e13b,oscars_grind,13,50,1075,1025,-50,L,17,21,0,1,A,2,2,"6,A","A,10"
6b24e13b,oscars_grind,14,50,1025,1075,50,W,18,22,0,0,7,3,3,"6,8,4","7,8,7"
6b24e13b,oscars_grind,15,75,1075,1000,-75,L,18,20,0,0,3,3,5,"4,4,Q","3,2,4,2,9"
6b24e13b,oscars_grind,16,75,1000,925,-75,L,23,20,0,0,Q,3,2,"Q,3,J","Q,Q"
6b24e13b,oscars_grind,17,75,925,775,-150,L,15,20,0,0,4,3,3,"5,4,6","4,8,8"
6b24e13b,oscars_grind,18,75,775,887,112,W,21,10,1,0,8,2,2,"A,K","8,2"
684197e5,oscars_grind,1,25,1000,975,-25,L,25,20,0,0,10,3,2,"10,6,9","10,J"
684197e5,oscars_grind,2,25,975,950,-25,L,22,10,0,0,2,3,2,"10,2,Q","2,8"
684197e5,oscars_grind,3,25,950,925,-25,L,19,20,0,0,9,2,4,"9,K","9,2,4,5"
684197e5,oscars_grind,4,25,925,900,-25,L,23,20,0,0,10,4,2,"3,4,6,Q","10,10"
684197e5,oscars_grind,5,25,900,950,50,W,17,23,0,0,3,3,3,"4,6,7","3,Q,10"
684197e5,oscars_grind,6,50,950,1000,50,W,18,22,0,0,K,2,3,"9,9","K,2,K"
684197e5,oscars_grind,7,75,1000,1075,75,W,14,26,0,0,3,2,5,"K,4","3,2,A,J,K"
684197e5,oscars_grind,8,25,1075,1050,-25,L,17,21,0,1,A,2,2,"A,6","A,J"
684197e5,oscars_grind,9,25,1050,1025,-25,L,17,21,0,0,7,3,3,"6,2,9","7,7,7"
684197e5,oscars_grind,10,25,1025,1025,0,P,21,21,1,1,Q,2,2,"A,10","Q,A"
684197e5,oscars_grind,11,25,1025,1075,50,W,21,26,0,0,9,3,3,"7,4,10","9,7,K"
684197e5,oscars_grind,12,50,1075,1025,-50,L,15,17,0,0,5,2,3,"K,5","5,J,2"
684197e5,oscars_grind,13,50,1025,975,-50,L,19,20,0,0,Q,3,2,"2,8,9","Q,10"
684197e5,oscars_grind,14,50,975,925,-50,L,13,18,0,0,6,2,3,"3,10","6,8,4"
684197e5,oscars_grind,15,50,925,875,-50,L,14,17,0,0,5,2,3,"9,5","5,9,3"
684197e5,oscars_grind,16,50,875,825,-50,L,13,20,0,0,3,3,3,"10,2,A","3,9,8"
684197e5,oscars_grind,17,50,825,775,-50,L,23,12,0,0,10,3,2,"8,5,10","10,2"
684197e5,oscars_grind,18,50,775,825,50,W,20,24,0,0,5,2,3,"Q,J","5,9,K"
1dc41702,oscars_grind,1,25,1000,1025,25,W,18,17,0,0,6,2,2,"K,8","6,A"
1dc41702,oscars_grind,2,25,1025,1025,0,P,20,20,0,0,J,2,2,"Q,Q","J,K"
1dc41702,oscars_grind,3,25,1025,1000,-25,L,20,21,0,1,J,2,2,"K,J","J,A"
1dc41702,oscars_grind,4,25,1000,975,-25,L,14,17,0,0,2,3,3,"4,5,5","2,9,6"
1dc41702,oscars_grind,5,25,975,1000,25,W,20,23,0,0,J,3,3,"6,9,5","J,5,8"
1dc41702,oscars_grind,6,50,1000,1000,0,P,19,19,0,0,4,2,5,"9,Q","4,5,2,2,6"
1dc41702,oscars_grind,7,50,1000,1050,50,W,14,26,0,0,6,2,4,"10,4","6,6,4,10"
1dc41702,oscars_grind,8,25,1050,1075,25,W,14,23,0,0,3,2,3,"6,8","3,K,10"
1dc41702,oscars_grind,9,25,1075,1025,-50,L,15,19,0,0,9,3,2,"4,7,4","9,10"
1dc41702,oscars_grind,10,25,1025,1025,0,P,21,21,1,1,Q,2,2,"10,A","Q,A"
1dc41702,oscars_grind,11,25,1025,1050,25,W,19,23,0,0,A,3,5,"2,8,9","A,4,7,A,Q"
1dc41702,oscars_grind,12,50,1050,1100,50,W,21,17,0,0,7,3,2,"J,5,6","7,Q"
1dc41702,oscars_grind,13,25,1100,1075,-25,L,17,20,0,0,10,3,2,"7,6,4","10,J"
1dc41702,oscars_grind,14,25,1075,1050,-25,L,23,14,0,0,9,3,2,"3,10,K","9,5"
1dc41702,oscars_grind,15,25,1050,1025,-25,L,18,20,0,0,Q,2,2,"10,8","Q,10"
1dc41702,oscars_grind,16,25,1025,1000,-25,L,16,17,0,0,5,3,4,"4,4,8","5,7,2,3"
1dc41702,oscars_grind,17,25,1000,1037,37,W,21,19,1,0,K,2,2,"A,J","K,9"
1dc41702,oscars_grind,18,50,1037,987,-50,L,16,21,0,1,A,2,2,"8,8","A,Q"
03cbe47f,oscars_grind,1,25,1000,1025,25,W,20,26,0,0,10,3,4,"A,5,4","10,4,2,10"
03cbe47f,oscars_grind,2,25,1025,1050,25,W,19,18,0,0,A,3,2,"Q,3,6","A,7"
03cbe47f,oscars_grind,3,25,1050,1087,37,W,21,16,1,0,A,2,2,"Q,A","A,5"
03cbe47f,oscars_grind,4,25,1087,1062,-25,L,19,21,0,0,2,3,3,"J,2,7","2,10,9"
03cbe47f,oscars_grind,5,25,1062,1099,37,W,21,10,1,0,4,2,2,"A,K","4,6"
03cbe47f,oscars_grind,6,50,1099,1149,50,W,13,23,0,0,5,2,3,"K,3","5,8,K"
03cbe47f,oscars_grind,7,25,1149,1099,-50,L,12,19,0,0,6,3,3,"8,2,2","6,4,9"
03cbe47f,oscars_grind,8,25,1099,1074,-25,L,18,20,0,0,Q,2,4,"J,8","Q,3,2,5"
03cbe47f,oscars_grind,9,25,1074,1049,-25,L,25,18,0,0,9,3,2,"7,9,9","9,9"
03cbe47f,oscars_grind,10,25,1049,1074,25,W,19,22,0,0,J,4,3,"7,8,A,3","J,3,9"
03cbe47f,oscars_grind,11,50,1074,1024,-50,L,19,21,0,0,A,3,3,"4,5,Q","A,4,6"
03cbe47f,oscars_grind,12,50,1024,974,-50,L,15,20,0,0,4,2,4,"J,5","4,8,4,4"
03cbe47f,oscars_grind,13,50,974,924,-50,L,17,20,0,0,10,3,2,"9,5,3","10,J"
03cbe47f,oscars_grind,14,50,924,874,-50,L,26,12,0,0,8,3,2,"8,8,Q","8,4"
03cbe47f,oscars_grind,15,50,874,924,50,W,20,17,0,0,Q,3,2,"J,2,8","Q,7"
03cbe47f,oscars_grind,16,75,924,999,75,W,18,22,0,0,9,3,3,"10,5,3","9,4,9"
03cbe47f,oscars_grind,17,100,999,1199,200,W,21,20,0,0,8,3,4,"3,8,10","8,5,2,5"
03cbe47f,oscars_grind,18,125,1199,1074,-125,L,23,20,0,0,Q,3,2,"K,6,7","Q,10"
5feffb5e,oscars_grind,1,25,1000,975,-25,L,13,17,0,0,3,2,3,"A,2","3,Q,4"
5feffb5e,oscars_grind,2,25,975,925,-50,L,17,20,0,0,6,3,3,"4,6,7","6,8,6"
5feffb5e,oscars_grind,3,25,925,925,0,P,18,18,0,0,5,2,3,"J,8","5,4,9"
5feffb5e,oscars_grind,4,25,925,900,-25,L,17,20,0,0,9,2,2,"10,7","9,A"
5feffb5e,oscars_grind,5,25,900,925,25,W,19,17,0,0,8,2,3,"9,K","8,3,6"
5feffb5e,oscars_grind,6,50,925,875,-50,L,17,19,0,0,4,2,3,"7,10","4,6,9"
5feffb5e,oscars_grind,7,50,875,825,-50,L,17,20,0,0,5,2,3,"K,7","5,5,10"
5feffb5e,oscars_grind,8,50,825,775,-50,L,17,19,0,0,8,3,3,"4,5,8","8,8,3"
5feffb5e,oscars_grind,9,50,775,725,-50,L,25,13,0,0,10,3,2,"J,5,J","10,3"
5feffb5e,oscars_grind,10,50,725,775,50,W,19,18,0,0,9,2,3,"Q,9","9,4,5"
5feffb5e,oscars_grind,11,75,775,850,75,W,17,26,0,0,3,4,4,"3,4,4,6","3,5,8,J"
5feffb5e,oscars_grind,12,100,850,850,0,P,21,21,1,1,J,2,2,"Q,A","J,A"
5feffb5e,oscars_grind,13,100,850,750,-100,L,24,19,0,0,A,3,2,"Q,4,K","A,8"
5feffb5e,oscars_grind,14,100,750,750,0,P,17,17,0,0,2,3,3,"5,6,6","2,8,7"
5feffb5e,oscars_grind,15,100,750,850,100,W,19,17,0,0,7,4,2,"4,Q,2,3","7,K"
5feffb5e,oscars_grind,16,125,850,975,125,W,18,17,0,0,10,2,2,"10,8","10,7"
5feffb5e,oscars_grind,17,150,975,825,-150,L,23,18,0,0,J,3,2,"3,K,J","J,8"
5feffb5e,oscars_grind,18,150,825,975,150,W,20,19,0,0,A,2,3,"Q,10","A,A,7"
efa86e6a,oscars_grind,1,25,1000,1025,25,W,19,22,0,0,J,3,3,"5,7,7","J,2,K"
efa86e6a,oscars_grind,2,25,1025,1062,37,W,21,16,1,0,8,2,2,"A,K","8,8"
efa86e6a,oscars_grind,3,25,1062,1037,-25,L,18,19,0,0,Q,3,2,"3,5,10","Q,9"
efa86e6a,oscars_grind,4,25,1037,1087,50,W,21,19,0,0,9,3,2,"2,8,A","9,10"
efa86e6a,oscars_grind,5,50,1087,1137,50,W,13,25,0,0,5,2,4,"3,Q","5,4,6,10"
efa86e6a,oscars_grind,6,25,1137,1112,-25,L,12,18,0,0,5,2,4,"2,Q","5,3,7,3"
efa86e6a,oscars_grind,7,25,1112,1149,37,W,21,12,1,0,J,2,2,"A,K","J,2"
efa86e6a,oscars_grind,8,50,1149,1099,-50,L,12,21,0,1,J,2,2,"4,8","J,A"
efa86e6a,oscars_grind,9,50,1099,1049,-50,L,12,21,0,1,A,2,2,"2,K","A,J"
efa86e6a,oscars_grind,10,50,1049,999,-50,L,8,21,0,1,A,2,2,"4,4","A,10"
efa86e6a,oscars_grind,11,50,999,949,-50,L,22,17,0,0,7,3,2,"3,9,K","7,10"
efa86e6a,oscars_grind,12,50,949,899,-50,L,25,15,0,0,A,4,2,"3,J,2,Q","A,4"
efa86e6a,oscars_grind,13,50,899,849,-50,L,23,20,0,0,K,3,2,"6,8,9","K,Q"
efa86e6a,oscars_grind,14,50,849,799,-50,L,12,18,0,0,6,2,3,"K,2","6,2,10"
efa86e6a,oscars_grind,15,50,799,849,50,W,18,22,0,0,9,2,4,"8,K","9,4,2,7"
efa86e6a,oscars_grind,16,75,849,924,75,W,15,23,0,0,6,2,3,"9,6","6,7,10"
efa86e6a,oscars_grind,17,100,924,1024,100,W,14,24,0,0,5,2,3,"3,A","5,10,9"
efa86e6a,oscars_grind,18,125,1024,899,-125,L,17,20,0,0,A,2,4,"K,7","A,4,10,5"
015f576d,oscars_grind,1,25,1000,1050,50,W,14,23,0,0,J,3,3,"2,9,3","J,3,10"
015f576d,oscars_grind,2,25,1050,1075,25,W,20,23,0,0,K,2,4,"Q,J","K,4,2,7"
015f576d,oscars_grind,3,25,1075,1100,25,W,21,20,0,0,J,3,2,"6,9,6","J,Q"
015f576d,oscars_grind,4,25,1100,1137,37,W,21,14,1,0,Q,2,2,"A,Q","Q,4"
015f576d,oscars_grind,5,25,1137,1112,-25,L,14,19,0,0,2,2,3,"A,3","2,7,K"
015f576d,oscars_grind,6,25,1112,1112,0,P,18,18,0,0,4,2,4,"8,10","4,9,3,2"
015f576d,oscars_grind,7,25,1112,1137,25,W,20,19,0,0,6,2,3,"Q,Q","6,5,8"
015f576d,oscars_grind,8,50,1137,1187,50,W,21,19,0,0,9,4,3,"2,6,7,6","9,5,5"
015f576d,oscars_grind,9,25,1187,1212,25,W,16,24,0,0,6,2,4,"10,6","6,2,6,J"
015f576d,oscars_grind,10,25,1212,1187,-25,L,19,21,0,0,K,2,3,"9,K","K,5,6"
015f576d,oscars_grind,11,25,1187,1212,25,W,20,18,0,0,K,3,3,"7,3,10","K,4,4"
015f576d,oscars_grind,12,50,1212,1262,50,W,19,25,0,0,3,2,4,"J,9","3,8,4,K"
015f576d,oscars_grind,13,25,1262,1287,25,W,15,23,0,0,6,2,3,"4,A","6,7,Q"
015f576d,oscars_grind,14,25,1287,1262,-25,L,18,19,0,0,4,3,4,"5,3,J","4,2,8,5"
015f576d,oscars_grind,15,25,1262,1287,25,W,20,19,0,0,4,2,3,"10,J","4,7,8"
015f576d,oscars_grind,16,50,1287,1237,-50,L,15,17,0,0,6,2,2,"8,7","6,A"
015f576d,oscars_grind,17,50,1237,1287,50,W,21,18,0,0,K,3,2,"5,K,6","K,8"
015f576d,oscars_grind,18,75,1287,1362,75,W,17,23,0,0,9,2,3,"9,8","9,4,J"
667eebe2,oscars_grind,1,25,1000,1000,0,P,20,20,0,0,9,3,2,"3,J,7","9,A"
667eebe2,oscars_grind,2,25,1000,975,-25,L,14,21,0,0,5,2,3,"9,5","5,10,6"
667eebe2,oscars_grind,3,25,975,975,0,P,20,20,0,0,7,2,3,"10,Q","7,9,4"
667eebe2,oscars_grind,4,25,975,1000,25,W,18,22,0,0,7,3,3,"J,2,6","7,6,9"
667eebe2,oscars_grind,5,50,1000,1000,0,P,20,20,0,0,K,2,2,"K,K","K,J"
667eebe2,oscars_grind,6,50,1000,900,-100,L,15,20,0,0,2,3,4,"4,6,5","2,4,J,4"
667eebe2,oscars_grind,7,50,900,850,-50,L,14,17,0,0,5,2,3,"7,7","5,5,7"
667eebe2,oscars_grind,8,50,850,900,50,W,20,23,0,0,J,2,3,"J,J","J,3,Q"
667eebe2,oscars_grind,9,75,900,825,-75,L,8,21,0,1,Q,2,2,"4,4","Q,A"
667eebe2,oscars_grind,10,75,825,750,-75,L,25,12,0,0,Q,4,2,"4,8,3,J","Q,2"
667eebe2,oscars_grind,11,75,750,675,-75,L,22,17,0,0,A,3,2,"3,Q,9","A,6"
667eebe2,oscars_grind,12,75,675,600,-75,L,12,18,0,0,4,2,3,"7,5","4,4,10"
667eebe2,oscars_grind,13,75,600,675,75,W,20,17,0,0,9,5,2,"2,A,Q,2,5","9,8"
667eebe2,oscars_grind,14,100,675,775,100,W,21,20,0,0,Q,4,2,"5,8,2,6","Q,K"
667eebe2,oscars_grind,15,125,775,900,125,W,17,23,0,0,K,3,3,"5,2,J","K,5,8"
667eebe2,oscars_grind,16,150,900,1050,150,W,20,19,0,0,J,2,3,"K,10","J,6,3"
667eebe2,oscars_grind,17,25,1050,1025,-25,L,19,21,0,0,8,4,3,"2,3,5,9","8,3,Q"
667eebe2,oscars_grind,18,25,1025,975,-50,L,14,17,0,0,8,3,3,"2,9,3","8,4,5"
8472d29f,oscars_grind,1,25,1000,1025,25,W,20,17,0,0,6,2,2,"10,10","6,A"
8472d29f,oscars_grind,2,25,1025,1075,50,W,19,24,0,0,7,3,4,"7,3,9","7,4,4,9"
8472d29f,oscars_grind,3,25,1075,1100,25,W,12,22,0,0,6,2,4,"4,8","6,3,7,6"
8472d29f,oscars_grind,4,25,1100,1125,25,W,20,19,0,0,7,2,3,"K,10","7,2,K"
8472d29f,oscars_grind,5,25,1125,1162,37,W,21,17,1,0,Q,2,2,"A,10","Q,7"
8472d29f,oscars_grind,6,25,1162,1137,-25,L,13,18,0,0,2,2,4,"A,2","2,3,2,A"
8472d29f,oscars_grind,7,25,1137,1112,-25,L,19,20,0,0,Q,2,2,"9,10","Q,10"
8472d29f,oscars_grind,8,25,1112,1137,25,W,19,23,0,0,7,3,3,"A,3,5","7,9,7"
8472d29f,oscars_grind,9,50,1137,1187,50,W,18,24,0,0,7,2,3,"J,8","7,7,J"
8472d29f,oscars_grind,10,25,1187,1162,-25,L,23,15,0,0,Q,4,2,"6,3,6,8","Q,5"
8472d29f,oscars_grind,11,25,1162,1187,25,W,20,18,0,0,Q,3,3,"2,K,8","Q,4,4"
8472d29f,oscars_grind,12,50,1187,1237,50,W,21,20,0,0,Q,3,2,"6,J,5","Q,Q"
8472d29f,oscars_grind,13,25,1237,1212,-25,L,14,20,0,0,4,2,5,"4,J","4,3,6,A,6"
8472d29f,oscars_grind,14,25,1212,1212,0,P,20,20,0,0,10,2,2,"9,A","10,K"
8472d29f,oscars_grind,15,25,1212,1187,-25,L,23,16,0,0,J,4,2,"A,2,K,Q","J,6"
8472d29f,oscars_grind,16,25,1187,1212,25,W,17,24,0,0,2,3,4,"Q,2,5","2,7,5,Q"
8472d29f,oscars_grind,17,50,1212,1162,-50,L,16,17,0,0,6,2,3,"J,6","6,10,A"
8472d29f,oscars_grind,18,50,1162,1212,50,W,20,17,0,0,8,3,2,"K,5,5","8,9"
e2621c5e,oscars_grind,1,25,1000,975,-25,L,15,20,0,0,4,2,3,"8,7","4,K,6"
e2621c5e,oscars_grind,2,25,975,1025,50,W,13,22,0,0,4,3,4,"8,3,2","4,2,J,6"
e2621c5e,oscars_grind,3,50,1025,975,-50,L,14,21,0,1,A,2,2,"A,3","A,J"
e2621c5e,oscars_grind,4,50,975,925,-50,L,18,20,0,0,J,2,2,"7,A","J,J"
e2621c5e,oscars_grind,5,50,925,975,50,W,17,26,0,0,K,2,3,"Q,7","K,6,Q"
e2621c5e,oscars_grind,6,75,975,1050,75,W,20,25,0,0,6,2,4,"9,A","6,5,4,K"
e2621c5e,oscars_grind,7,25,1050,1050,0,P,18,18,0,0,10,3,2,"8,5,5","10,8"
e2621c5e,oscars_grind,8,25,1050,1075,25,W,20,19,0,0,Q,3,2,"3,K,7","Q,9"
e2621c5e,oscars_grind,9,25,1075,1050,-25,L,13,17,0,0,2,3,3,"8,4,A","2,7,8"
e2621c5e,oscars_grind,10,25,1050,1025,-25,L,15,21,0,1,J,2,2,"5,K","J,A"
e2621c5e,oscars_grind,11,25,1025,1050,25,W,17,26,0,0,8,3,4,"5,10,2","8,7,A,K"
e2621c5e,oscars_grind,12,50,1050,1000,-50,L,25,20,0,0,K,3,2,"7,8,J","K,J"
e2621c5e,oscars_grind,13,50,1000,1000,0,P,20,20,0,0,3,2,3,"10,K","3,7,K"
e2621c5e,oscars_grind,14,50,1000,950,-50,L,22,16,0,0,9,3,2,"7,5,K","9,7"
e2621c5e,oscars_grind,15,50,950,1000,50,W,12,23,0,0,5,3,4,"5,2,5","5,5,4,9"
e2621c5e,oscars_grind,16,75,1000,1075,75,W,13,25,0,0,5,2,3,"5,8","5,10,Q"
e2621c5e,oscars_grind,17,100,1075,975,-100,L,18,20,0,0,3,2,4,"8,10","3,3,9,5"
e2621c5e,oscars_grind,18,100,975,975,0,P,17,17,0,0,7,2,2,"6,A","7,J"
6809d0f3,oscars_grind,1,25,1000,1025,25,W,12,24,0,0,4,2,5,"3,9","4,2,8,A,9"
6809d0f3,oscars_grind,2,25,1025,1075,50,W,21,20,0,0,K,3,2,"2,9,K","K,K"
6809d0f3,oscars_grind,3,25,1075,1075,0,P,21,21,0,0,A,3,3,"4,9,8","A,5,5"
6809d0f3,oscars_grind,4,25,1075,1100,25,W,21,17,0,0,7,3,2,"6,10,5","7,10"
6809d0f3,oscars_grind,5,25,1100,1075,-25,L,17,20,0,0,Q,3,2,"8,4,5","Q,K"
6809d0f3,oscars_grind,6,25,1075,1075,0,P,18,18,0,0,7,3,2,"4,7,7","7,A"
6809d0f3,oscars_grind,7,25,1075,1100,25,W,18,17,0,0,K,2,2,"Q,8","K,7"
6809d0f3,oscars_grind,8,50,1100,1050,-50,L,17,20,0,0,A,3,4,"8,7,2","A,4,K,5"
6809d0f3,oscars_grind,9,50,1050,1100,50,W,18,17,0,0,10,2,2,"7,A","10,7"
6809d0f3,oscars_grind,10,75,1100,1025,-75,L,23,16,0,0,K,3,2,"3,J,K","K,6"
6809d0f3,oscars_grind,11,75,1025,1100,75,W,21,24,0,0,8,3,5,"A,2,8","8,2,2,2,Q"
6809d0f3,oscars_grind,12,100,1100,1000,-100,L,25,14,0,0,Q,3,2,"6,10,9","Q,4"
6809d0f3,oscars_grind,13,100,1000,900,-100,L,26,18,0,0,10,3,2,"6,J,10","10,8"
6809d0f3,oscars_grind,14,100,900,900,0,P,20,20,0,0,K,2,2,"10,J","K,J"
6809d0f3,oscars_grind,15,100,900,800,-100,L,12,18,0,0,4,3,3,"4,3,5","4,10,4"
6809d0f3,oscars_grind,16,100,800,700,-100,L,24,14,0,0,A,3,2,"6,9,9","A,3"
6809d0f3,oscars_grind,17,100,700,600,-100,L,13,19,0,0,3,3,3,"2,6,5","3,8,8"
6809d0f3,oscars_grind,18,100,600,700,100,W,15,23,0,0,4,2,4,"J,5","4,6,3,10"
9f0cb58d,oscars_grind,1,25,1000,975,-25,L,17,20,0,0,J,2,2,"Q,7","J,K"
9f0cb58d,oscars_grind,2,25,975,950,-25,L,13,21,0,0,6,3,3,"2,5,6","6,10,5"
9f0cb58d,oscars_grind,3,25,950,950,0,P,17,17,0,0,J,3,2,"5,4,8","J,7"
9f0cb58d,oscars_grind,4,25,950,950,0,P,20,20,0,0,3,2,3,"10,K","3,7,K"
9f0cb58d,oscars_grind,5,25,950,925,-25,L,25,14,0,0,A,4,2,"4,3,8,10","A,3"
9f0cb58d,oscars_grind,6,25,925,900,-25,L,24,17,0,0,7,3,2,"4,K,Q","7,10"
9f0cb58d,oscars_grind,7,25,900,925,25,W,20,17,0,0,7,2,4,"K,Q","7,7,A,2"
9f0cb58d,oscars_grind,8,50,925,1025,100,W,18,22,0,0,5,3,3,"8,3,7","5,8,9"
9f0cb58d,oscars_grind,9,75,1025,1025,0,P,19,19,0,0,5,2,3,"9,J","5,3,A"
9f0cb58d,oscars_grind,10,75,1025,1100,75,W,19,18,0,0,7,3,2,"3,6,Q","7,A"
9f0cb58d,oscars_grind,11,25,1100,1100,0,P,20,20,0,0,4,2,3,"K,Q","4,7,9"
9f0cb58d,oscars_grind,12,25,1100,1075,-25,L,17,19,0,0,K,2,2,"7,J","K,9"
9f0cb58d,oscars_grind,13,25,1075,1050,-25,L,18,21,0,0,10,2,3,"7,A","10,6,5"
9f0cb58d,oscars_grind,14,25,1050,1025,-25,L,23,16,0,0,10,3,2,"5,J,8","10,6"
9f0cb58d,oscars_grind,15,25,1025,1025,0,P,18,18,0,0,4,2,4,"8,Q","4,8,4,2"
9f0cb58d,oscars_grind,16,25,1025,1000,-25,L,22,12,0,0,A,4,2,"2,8,6,6","A,A"
9f0cb58d,oscars_grind,17,25,1000,1025,25,W,18,17,0,0,5,2,5,"Q,8","5,3,2,5,2"
9f0cb58d,oscars_grind,18,50,1025,975,-50,L,22,14,0,0,J,3,2,"Q,2,K","J,4"
fc67f3d1,oscars_grind,1,25,1000,1037,37,W,21,14,1,0,J,2,2,"A,J","J,4"
fc67f3d1,oscars_grind,2,25,1037,1062,25,W,20,19,0,0,9,2,2,"9,A","9,Q"
fc67f3d1,oscars_grind,3,25,1062,1099,37,W,21,20,1,0,Q,2,2,"Q,A","Q,J"
fc67f3d1,oscars_grind,4,25,1099,1124,25,W,18,17,0,0,3,2,3,"A,7","3,A,3"
fc67f3d1,oscars_grind,5,25,1124,1099,-25,L,18,20,0,0,4,4,3,"2,5,3,8","4,8,8"
fc67f3d1,oscars_grind,6,25,1099,1124,25,W,12,24,0,0,4,2,3,"7,5","4,K,Q"
fc67f3d1,oscars_grind,7,50,1124,1174,50,W,20,18,0,0,9,2,2,"J,K","9,9"
fc67f3d1,oscars_grind,8,25,1174,1149,-25,L,20,21,0,0,9,3,3,"K,5,5","9,7,5"
fc67f3d1,oscars_grind,9,25,1149,1124,-25,L,18,19,0,0,3,2,3,"J,8","3,10,6"
fc67f3d1,oscars_grind,10,25,1124,1099,-25,L,15,21,0,1,A,2,2,"5,Q","A,10"
fc67f3d1,oscars_grind,11,25,1099,1074,-25,L,22,20,0,0,Q,3,2,"K,5,7","Q,Q"
fc67f3d1,oscars_grind,12,25,1074,1099,25,W,16,26,0,0,6,2,3,"Q,6","6,K,J"
fc67f3d1,oscars_grind,13,50,1099,1149,50,W,16,22,0,0,4,2,4,"A,5","4,8,2,8"
fc67f3d1,oscars_grind,14,75,1149,1149,0,P,19,19,0,0,A,3,3,"A,3,5","A,3,5"
fc67f3d1,oscars_grind,15,75,1149,1224,75,W,17,26,0,0,9,4,3,"K,2,2,3","9,7,Q"
fc67f3d1,oscars_grind,16,25,1224,1199,-25,L,23,14,0,0,7,3,2,"10,4,9","7,7"
fc67f3d1,oscars_grind,17,25,1199,1224,25,W,18,25,0,0,2,2,4,"8,K","2,4,K,9"
fc67f3d1,oscars_grind,18,50,1224,1174,-50,L,17,21,0,0,5,2,3,"J,7","5,8,8"
a6d695fa,oscars_grind,1,25,1000,1025,25,W,19,22,0,0,2,4,6,"3,4,2,Q","2,3,3,7,A,6"
a6d695fa,oscars_grind,2,25,1025,1050,25,W,17,22,0,0,8,2,3,"J,7","8,4,10"
a6d695fa,oscars_grind,3,25,1050,1025,-25,L,13,21,0,0,3,2,4,"A,2","3,J,A,7"
a6d695fa,oscars_grind,4,25,1025,1000,-25,L,14,19,0,0,5,2,4,"6,8","5,5,3,6"
a6d695fa,oscars_grind,5,25,1000,1000,0,P,18,18,0,0,10,3,2,"5,2,A","10,8"
a6d695fa,oscars_grind,6,25,1000,1025,25,W,19,18,0,0,9,4,2,"3,5,7,4","9,9"
a6d695fa,oscars_grind,7,50,1025,1075,50,W,20,17,0,0,4,2,4,"K,K","4,2,4,7"
a6d695fa,oscars_grind,8,25,1075,1050,-25,L,23,20,0,0,J,3,2,"5,9,9","J,J"
a6d695fa,oscars_grind,9,25,1050,1025,-25,L,19,21,0,0,J,2,3,"9,Q","J,2,9"
a6d695fa,oscars_grind,10,25,1025,1000,-25,L,23,19,0,0,9,3,2,"5,8,J","9,K"
a6d695fa,oscars_grind,11,25,1000,1000,0,P,19,19,0,0,A,4,2,"5,3,7,4","A,8"
a6d695fa,oscars_grind,12,25,1000,1000,0,P,17,17,0,0,7,2,2,"Q,7","7,J"
a6d695fa,oscars_grind,13,25,1000,975,-25,L,17,20,0,0,8,3,3,"6,K,A","8,8,4"
a6d695fa,oscars_grind,14,25,975,1000,25,W,17,26,0,0,A,2,5,"Q,7","A,A,K,4,10"
a6d695fa,oscars_grind,15,50,1000,1050,50,W,20,22,0,0,J,2,3,"10,10","J,2,Q"
a6d695fa,oscars_grind,16,75,1050,975,-75,L,18,19,0,0,A,2,3,"9,9","A,A,7"
a6d695fa,oscars_grind,17,75,975,900,-75,L,17,19,0,0,10,2,2,"A,6","10,9"
a6d695fa,oscars_grind,18,75,900,975,75,W,12,25,0,0,5,2,3,"2,10","5,10,Q"
9815ca00,oscars_grind,1,25,1000,1025,25,W,20,17,0,0,7,3,2,"5,8,7","7,J"
9815ca00,oscars_grind,2,25,1025,1050,25,W,18,25,0,0,2,2,4,"7,A","2,10,3,Q"
9815ca00,oscars_grind,3,25,1050,1025,-25,L,17,18,0,0,8,2,2,"K,7","8,J"
9815ca00,oscars_grind,4,25,1025,1000,-25,L,17,20,0,0,Q,3,2,"2,5,J","Q,10"
9815ca00,oscars_grind,5,25,1000,1025,25,W,16,23,0,0,6,2,4,"A,5","6,9,A,7"
9815ca00,oscars_grind,6,50,1025,975,-50,L,19,21,0,1,A,2,2,"10,9","A,K"
9815ca00,oscars_grind,7,50,975,1025,50,W,19,25,0,0,4,2,4,"9,10","4,2,9,10"
9815ca00,oscars_grind,8,75,1025,950,-75,L,19,20,0,0,4,2,4,"9,K","4,K,2,4"
9815ca00,oscars_grind,9,75,950,875,-75,L,25,16,0,0,7,4,2,"3,3,9,K","7,9"
9815ca00,oscars_grind,10,75,875,800,-75,L,17,19,0,0,3,2,6,"7,J","3,3,2,5,A,5"
9815ca00,oscars_grind,11,75,800,875,75,W,12,23,0,0,6,2,3,"3,9","6,7,Q"
9815ca00,oscars_grind,12,100,875,975,100,W,18,17,0,0,Q,2,3,"8,J","Q,6,A"
9815ca00,oscars_grind,13,125,975,1100,125,W,16,24,0,0,4,2,4,"6,J","4,A,10,9"
9815ca00,oscars_grind,14,25,1100,1075,-25,L,17,20,0,0,K,4,2,"5,2,3,7","K,J"
9815ca00,oscars_grind,15,25,1075,1075,0,P,19,19,0,0,8,2,3,"10,9","8,2,9"
9815ca00,oscars_grind,16,25,1075,1100,25,W,19,17,0,0,7,3,2,"8,6,5","7,Q"
9815ca00,oscars_grind,17,50,1100,1150,50,W,15,23,0,0,3,2,3,"8,7","3,J,K"
9815ca00,oscars_grind,18,25,1150,1150,0,P,18,18,0,0,8,2,2,"K,8","8,10"
37c4186a,oscars_grind,1,25,1000,1037,37,W,21,19,1,0,10,2,2,"Q,A","10,9"
37c4186a,oscars_grind,2,25,1037,1037,0,P,19,19,0,0,A,3,2,"3,6,Q","A,8"
37c4186a,oscars_grind,3,25,1037,1012,-25,L,25,17,0,0,A,3,2,"Q,5,Q","A,6"
37c4186a,oscars_grind,4,25,1012,1062,50,W,15,24,0,0,5,3,3,"5,5,5","5,Q,9"
37c4186a,oscars_grind,5,50,1062,1112,50,W,20,23,0,0,2,2,5,"Q,K","2,2,5,6,8"
37c4186a,oscars_grind,6,25,1112,1137,25,W,19,23,0,0,5,2,4,"A,8","5,10,A,7"
37c4186a,oscars_grind,7,25,1137,1112,-25,L,17,20,0,0,K,5,2,"2,2,6,3,4","K,K"
37c4186a,oscars_grind,8,25,1112,1087,-25,L,14,20,0,0,2,2,4,"4,J","2,K,2,6"
37c4186a,oscars_grind,9,25,1087,1112,25,W,13,25,0,0,5,2,3,"3,10","5,Q,J"
37c4186a,oscars_grind,10,50,1112,1062,-50,L,22,19,0,0,A,3,2,"9,5,8","A,8"
37c4186a,oscars_grind,11,50,1062,1112,50,W,20,26,0,0,3,2,5,"K,Q","3,A,2,10,10"
37c4186a,oscars_grind,12,75,1112,1037,-75,L,25,20,0,0,9,4,2,"2,3,J,J","9,A"
37c4186a,oscars_grind,13,75,1037,1112,75,W,20,26,0,0,7,2,3,"10,K","7,9,K"
37c4186a,oscars_grind,14,100,1112,1012,-100,L,17,18,0,0,9,2,2,"10,7","9,9"
37c4186a,oscars_grind,15,100,1012,912,-100,L,19,20,0,0,J,3,3,"J,4,5","J,4,6"
37c4186a,oscars_grind,16,100,912,1012,100,W,13,23,0,0,6,2,3,"3,10","6,9,8"
37c4186a,oscars_grind,17,125,1012,1137,125,W,20,18,0,0,K,3,2,"2,K,8","K,8"
37c4186a,oscars_grind,18,150,1137,1137,0,P,17,17,0,0,4,2,3,"K,7","4,J,3"
ab960bd8,oscars_grind,1,25,1000,1025,25,W,17,22,0,0,8,2,3,"A,6","8,4,K"
ab960bd8,oscars_grind,2,25,1025,1000,-25,L,18,19,0,0,3,2,3,"10,8","3,K,6"
ab960bd8,oscars_grind,3,25,1000,1025,25,W,18,25,0,0,7,4,3,"A,2,J,5","7,8,K"
ab960bd8,oscars_grind,4,50,1025,1100,75,W,21,20,1,0,J,2,2,"A,Q","J,K"
ab960bd8,oscars_grind,5,25,1100,1125,25,W,18,22,0,0,Q,3,3,"4,4,K","Q,5,7"
ab960bd8,oscars_grind,6,25,1125,1100,-25,L,26,14,0,0,9,4,2,"10,2,4,K","9,5"
ab960bd8,oscars_grind,7,25,1100,1075,-25,L,17,20,0,0,J,2,2,"A,6","J,Q"
ab960bd8,oscars_grind,8,25,1075,1050,-25,L,8,21,0,1,J,2,2,"3,5","J,A"
ab960bd8,oscars_grind,9,25,1050,1050,0,P,19,19,0,0,8,2,2,"9,Q","8,A"
ab960bd8,oscars_grind,10,25,1050,1000,-50,L,17,21,0,0,2,3,3,"6,4,7","2,10,9"
ab960bd8,oscars_grind,11,25,1000,975,-25,L,22,18,0,0,A,4,2,"4,10,2,6","A,7"
ab960bd8,oscars_grind,12,25,975,950,-25,L,8,21,0,1,Q,2,2,"6,2","Q,A"
ab960bd8,oscars_grind,13,25,950,950,0,P,18,18,0,0,10,3,3,"5,10,3","10,4,4"
ab960bd8,oscars_grind,14,25,950,925,-25,L,22,20,0,0,10,3,2,"J,3,9","10,J"
ab960bd8,oscars_grind,15,25,925,900,-25,L,17,20,0,0,5,2,4,"7,Q","5,A,7,7"
ab960bd8,oscars_grind,16,25,900,875,-25,L,8,21,0,1,J,2,2,"6,2","J,A"
ab960bd8,oscars_grind,17,25,875,850,-25,L,18,19,0,0,7,2,3,"8,J","7,4,8"
ab960bd8,oscars_grind,18,25,850,825,-25,L,23,16,0,0,9,4,2,"3,3,7,J","9,7"
bef03687,oscars_grind,1,25,1000,975,-25,L,19,21,0,1,K,2,2,"A,8","K,A"
bef03687,oscars_grind,2,25,975,950,-25,L,18,21,0,0,4,2,3,"7,A","4,6,A"
bef03687,oscars_grind,3,25,950,925,-25,L,25,20,0,0,10,4,2,"6,3,6,J","10,J"
bef03687,oscars_grind,4,25,925,900,-25,L,18,21,0,0,7,3,3,"6,2,Q","7,4,J"
bef03687,oscars_grind,5,25,900,950,50,W,21,18,0,0,9,3,2,"8,2,A","9,9"
bef03687,oscars_grind,6,50,950,1000,50,W,19,17,0,0,K,2,2,"9,K","K,7"
bef03687,oscars_grind,7,75,1000,1112,112,W,21,11,1,0,7,2,2,"A,10","7,4"
bef03687,oscars_grind,8,25,1112,1112,0,P,21,21,1,1,A,2,2,"Q,A","A,Q"
bef03687,oscars_grind,9,25,1112,1137,25,W,17,25,0,0,2,2,5,"8,9","2,3,5,5,Q"
bef03687,oscars_grind,10,25,1137,1112,-25,L,15,19,0,0,2,2,5,"K,5","2,2,2,10,3"
bef03687,oscars_grind,11,25,1112,1137,25,W,17,25,0,0,A,2,4,"9,8","A,4,K,Q"
bef03687,oscars_grind,12,50,1137,1137,0,P,19,19,0,0,K,3,3,"3,7,9","K,5,4"
bef03687,oscars_grind,13,50,1137,1087,-50,L,17,19,0,0,9,2,3,"10,7","9,2,8"
bef03687,oscars_grind,14,50,1087,1037,-50,L,23,15,0,0,A,3,2,"J,5,8","A,4"
bef03687,oscars_grind,15,50,1037,1087,50,W,20,24,0,0,A,2,4,"10,K","A,3,10,K"
bef03687,oscars_grind,16,75,1087,1012,-75,L,13,18,0,0,2,3,4,"3,6,4","2,3,6,7"
bef03687,oscars_grind,17,75,1012,937,-75,L,23,16,0,0,9,4,2,"2,K,3,8","9,7"
bef03687,oscars_grind,18,75,937,1012,75,W,19,24,0,0,9,2,3,"J,9","9,5,10"
3e6d6eb7,oscars_grind,1,25,1000,1025,25,W,17,22,0,0,7,2,3,"7,K","7,6,9"
3e6d6eb7,oscars_grind,2,25,1025,1050,25,W,18,23,0,0,6,2,3,"K,8","6,7,10"
3e6d6eb7,oscars_grind,3,25,1050,1025,-25,L,26,12,0,0,7,5,2,"A,3,Q,2,J","7,5"
3e6d6eb7,oscars_grind,4,25,1025,1050,25,W,20,22,0,0,2,2,3,"10,K","2,J,J"
3e6d6eb7,oscars_grind,5,50,1050,1100,50,W,17,24,0,0,2,2,4,"Q,7","2,9,5,8"
3e6d6eb7,oscars_grind,6,25,1100,1100,0,P,19,19,0,0,Q,2,2,"8,A","Q,9"
3e6d6eb7,oscars_grind,7,25,1100,1137,37,W,21,9,1,0,3,2,2,"Q,A","3,6"
3e6d6eb7,oscars_grind,8,25,1137,1112,-25,L,26,17,0,0,10,4,2,"4,3,9,10","10,7"
3e6d6eb7,oscars_grind,9,25,1112,1087,-25,L,23,20,0,0,J,3,2,"6,9,8","J,10"
3e6d6eb7,oscars_grind,10,25,1087,1112,25,W,18,23,0,0,7,3,4,"2,10,6","7,3,4,9"
3e6d6eb7,oscars_grind,11,50,1112,1112,0,P,20,20,0,0,A,3,4,"9,3,8","A,A,10,8"
3e6d6eb7,oscars_grind,12,50,1112,1162,50,W,21,20,0,0,J,4,2,"3,7,4,7","J,J"
3e6d6eb7,oscars_grind,13,25,1162,1137,-25,L,18,20,0,0,2,2,4,"8,10","2,2,10,6"
3e6d6eb7,oscars_grind,14,25,1137,1162,25,W,17,26,0,0,J,4,3,"5,A,9,2","J,6,Q"
3e6d6eb7,oscars_grind,15,50,1162,1112,-50,L,24,15,0,0,A,3,2,"4,10,J","A,4"
3e6d6eb7,oscars_grind,16,50,1112,1162,50,W,20,22,0,0,J,2,3,"10,K","J,2,J"
3e6d6eb7,oscars_grind,17,75,1162,1237,75,W,12,23,0,0,6,3,3,"4,3,5","6,7,Q"
3e6d6eb7,oscars_grind,18,25,1237,1237,0,P,20,20,0,0,Q,2,2,"J,K","Q,J"
76964059,oscars_grind,1,25,1000,975,-25,L,19,20,0,0,10,3,2,"6,3,10","10,K"
76964059,oscars_grind,2,25,975,1012,37,W,21,14,1,0,9,2,2,"A,10","9,5"
76964059,oscars_grind,3,50,1012,962,-50,L,14,20,0,0,5,2,3,"Q,4","5,7,8"
76964059,oscars_grind,4,50,962,912,-50,L,23,16,0,0,Q,3,2,"10,4,9","Q,6"
76964059,oscars_grind,5,50,912,962,50,W,21,25,0,0,3,3,4,"7,5,9","3,7,5,Q"
76964059,oscars_grind,6,75,962,1037,75,W,21,18,0,0,8,3,2,"2,10,9","8,J"
76964059,oscars_grind,7,25,1037,1012,-25,L,17,21,0,0,Q,3,3,"A,4,2","Q,3,8"
76964059,oscars_grind,8,25,1012,1049,37,W,21,14,1,0,4,2,2,"A,K","4,K"
76964059,oscars_grind,9,50,1049,1099,50,W,19,23,0,0,Q,3,3,"K,2,7","Q,3,K"
76964059,oscars_grind,10,25,1099,1074,-25,L,26,12,0,0,10,4,2,"8,7,A,J","10,2"
76964059,oscars_grind,11,25,1074,1024,-50,L,18,19,0,0,3,3,3,"7,3,8","3,J,6"
76964059,oscars_grind,12,25,1024,1074,50,W,16,24,0,0,4,3,3,"2,9,5","4,K,J"
76964059,oscars_grind,13,50,1074,1124,50,W,15,22,0,0,6,2,3,"4,A","6,Q,6"
76964059,oscars_grind,14,25,1124,1099,-25,L,19,20,0,0,J,3,2,"7,2,J","J,J"
76964059,oscars_grind,15,25,1099,1124,25,W,19,17,0,0,7,3,2,"J,5,4","7,10"
76964059,oscars_grind,16,50,1124,1074,-50,L,22,14,0,0,10,3,2,"10,2,10","10,4"
76964059,oscars_grind,17,50,1074,1024,-50,L,17,19,0,0,7,3,3,"3,K,4","7,2,J"
76964059,oscars_grind,18,50,1024,974,-50,L,14,21,0,1,A,2,2,"8,6","A,J"
028fb549,oscars_grind,1,25,1000,1000,0,P,19,19,0,0,A,3,2,"6,8,5","A,8"
028fb549,oscars_grind,2,25,1000,1025,25,W,21,20,0,0,Q,3,2,"4,9,8","Q,J"
028fb549,oscars_grind,3,25,1025,1050,25,W,21,20,0,0,7,3,5,"3,Q,8","7,2,4,2,5"
028fb549,oscars_grind,4,25,1050,1075,25,W,21,23,0,0,J,3,3,"2,A,8","J,3,Q"
028fb549,oscars_grind,5,25,1075,1100,25,W,15,22,0,0,5,2,3,"K,5","5,Q,7"
028fb549,oscars_grind,6,25,1100,1075,-25,L,26,14,0,0,7,4,2,"4,5,7,K","7,7"
028fb549,oscars_grind,7,25,1075,1100,25,W,17,25,0,0,6,2,3,"6,A","6,J,9"
028fb549,oscars_grind,8,50,1100,1150,50,W,21,17,0,0,9,3,3,"2,10,9","9,4,4"
028fb549,oscars_grind,9,25,1150,1125,-25,L,17,20,0,0,9,3,2,"4,K,3","9,A"
028fb549,oscars_grind,10,25,1125,1100,-25,L,23,18,0,0,9,3,2,"J,6,7","9,9"
028fb549,oscars_grind,11,25,1100,1100,0,P,20,20,0,0,K,2,2,"K,10","K,10"
028fb549,oscars_grind,12,25,1100,1100,0,P,18,18,0,0,4,2,3,"8,K","4,4,K"
028fb549,oscars_grind,13,25,1100,1075,-25,L,16,20,0,0,4,2,3,"6,J","4,A,5"
028fb549,oscars_grind,14,25,1075,1075,0,P,18,18,0,0,9,4,4,"7,2,2,7","9,2,5,2"
028fb549,oscars_grind,15,25,1075,1100,25,W,18,26,0,0,8,2,3,"8,J","8,8,K"
028fb549,oscars_grind,16,50,1100,1050,-50,L,16,17,0,0,3,2,4,"5,A","3,2,3,9"
028fb549,oscars_grind,17,50,1050,1100,50,W,20,18,0,0,10,2,2,"Q,J","10,8"
028fb549,oscars_grind,18,75,1100,1175,75,W,20,26,0,0,10,2,3,"9,A","10,6,J"
88f96ec6,oscars_grind,1,25,1000,1037,37,W,21,17,1,0,7,2,2,"A,K","7,Q"
88f96ec6,oscars_grind,2,25,1037,1012,-25,L,18,20,0,0,J,2,2,"9,9","J,10"
88f96ec6,oscars_grind,3,25,1012,1037,25,W,20,23,0,0,6,2,6,"10,J","6,5,A,A,2,8"
88f96ec6,oscars_grind,4,50,1037,987,-50,L,20,21,0,0,6,2,4,"J,Q","6,4,4,7"
88f96ec6,oscars_grind,5,50,987,987,0,P,20,20,0,0,Q,2,2,"Q,Q","Q,K"
88f96ec6,oscars_grind,6,50,987,1037,50,W,19,18,0,0,2,2,4,"8,A","2,6,5,5"
88f96ec6,oscars_grind,7,75,1037,962,-75,L,23,16,0,0,10,3,2,"3,Q,K","10,6"
88f96ec6,oscars_grind,8,75,962,1037,75,W,19,18,0,0,K,4,2,"7,8,A,3","K,8"
88f96ec6,oscars_grind,9,100,1037,837,-200,L,12,18,0,0,7,3,2,"7,3,2","7,A"
88f96ec6,oscars_grind,10,100,837,937,100,W,21,17,0,0,7,3,2,"J,6,5","7,10"
88f96ec6,oscars_grind,11,125,937,1062,125,W,18,24,0,0,A,4,5,"2,A,J,5","A,2,J,A,J"
88f96ec6,oscars_grind,12,25,1062,1037,-25,L,13,17,0,0,5,2,3,"Q,3","5,5,7"
88f96ec6,oscars_grind,13,25,1037,1012,-25,L,14,20,0,0,5,3,3,"3,3,8","5,5,K"
88f96ec6,oscars_grind,14,25,1012,987,-25,L,15,19,0,0,2,2,3,"Q,5","2,9,8"
88f96ec6,oscars_grind,15,25,987,962,-25,L,18,19,0,0,6,2,6,"10,8","6,3,2,2,2,4"
88f96ec6,oscars_grind,16,25,962,937,-25,L,12,21,0,1,A,2,2,"K,2","A,K"
88f96ec6,oscars_grind,17,25,937,912,-25,L,18,21,0,0,4,4,3,"3,3,4,8","4,9,8"
88f96ec6,oscars_grind,18,25,912,937,25,W,20,22,0,0,Q,4,3,"4,5,4,7","Q,2,Q"
a74f5e59,oscars_grind,1,25,1000,975,-25,L,25,18,0,0,K,3,2,"K,5,J","K,8"
a74f5e59,oscars_grind,2,25,975,1000,25,W,13,24,0,0,6,2,3,"3,K","6,8,J"
a74f5e59,oscars_grind,3,50,1000,900,-100,L,18,20,0,0,2,3,3,"8,2,8","2,Q,8"
a74f5e59,oscars_grind,4,50,900,975,75,W,21,19,1,0,A,2,2,"A,10","A,8"
a74f5e59,oscars_grind,5,75,975,975,0,P,17,17,0,0,5,2,3,"10,7","5,7,5"
a74f5e59,oscars_grind,6,75,975,1050,75,W,17,23,0,0,4,2,3,"7,Q","4,9,Q"
a74f5e59,oscars_grind,7,25,1050,1025,-25,L,18,20,0,0,7,2,4,"J,8","7,3,4,6"
a74f5e59,oscars_grind,8,25,1025,1000,-25,L,25,15,0,0,9,6,2,"2,2,7,A,3,10","9,6"
a74f5e59,oscars_grind,9,25,1000,975,-25,L,19,20,0,0,6,2,3,"9,K","6,Q,4"
a74f5e59,oscars_grind,10,25,975,1000,25,W,17,24,0,0,10,2,3,"7,K","10,4,10"
a74f5e59,oscars_grind,11,50,1000,1000,0,P,19,19,0,0,8,3,2,"3,6,Q","8,A"
a74f5e59,oscars_grind,12,50,1000,950,-50,L,26,12,0,0,J,5,2,"2,K,A,3,K","J,2"
a74f5e59,oscars_grind,13,50,950,900,-50,L,13,20,0,0,5,3,4,"3,5,5","5,A,9,5"
a74f5e59,oscars_grind,14,50,900,950,50,W,17,25,0,0,5,2,3,"7,Q","5,Q,Q"
a74f5e59,oscars_grind,15,75,950,875,-75,L,24,17,0,0,10,3,2,"Q,4,J","10,7"
a74f5e59,oscars_grind,16,75,875,950,75,W,18,23,0,0,7,2,3,"8,Q","7,6,K"
a74f5e59,oscars_grind,17,100,950,750,-200,L,15,17,0,0,4,3,3,"8,3,4","4,3,K"
a74f5e59,oscars_grind,18,100,750,650,-100,L,17,20,0,0,A,2,3,"9,8","A,4,5"
45f0fba6,oscars_grind,1,25,1000,1025,25,W,18,17,0,0,Q,4,3,"Q,2,3,3","Q,6,A"
45f0fba6,oscars_grind,2,25,1025,1000,-25,L,24,18,0,0,8,3,2,"7,9,8","8,K"
45f0fba6,oscars_grind,3,25,1000,975,-25,L,13,21,0,0,6,2,4,"4,9","6,9,A,5"
45f0fba6,oscars_grind,4,25,975,950,-25,L,17,20,0,0,4,2,4,"10,7","4,5,2,9"
45f0fba6,oscars_grind,5,25,950,925,-25,L,24,17,0,0,Q,3,2,"Q,4,K","Q,7"
45f0fba6,oscars_grind,6,25,925,975,50,W,20,17,0,0,5,3,4,"3,6,A","5,2,4,6"
45f0fba6,oscars_grind,7,50,975,925,-50,L,26,10,0,0,7,4,2,"10,4,2,J","7,3"
45f0fba6,oscars_grind,8,50,925,875,-50,L,17,19,0,0,9,2,3,"7,J","9,5,5"
45f0fba6,oscars_grind,9,50,875,925,50,W,18,26,0,0,6,2,3,"9,9","6,K,Q"
45f0fba6,oscars_grind,10,75,925,1000,75,W,21,20,0,0,K,3,2,"2,8,A","K,10"
45f0fba6,oscars_grind,11,100,1000,1100,100,W,20,17,0,0,3,2,3,"J,K","3,K,4"
45f0fba6,oscars_grind,12,25,1100,1125,25,W,21,19,0,0,4,4,5,"3,5,2,A","4,3,2,6,4"
45f0fba6,oscars_grind,13,25,1125,1100,-25,L,14,19,0,0,3,2,5,"5,9","3,A,9,3,3"
45f0fba6,oscars_grind,14,25,1100,1100,0,P,17,17,0,0,8,2,3,"9,8","8,3,6"
45f0fba6,oscars_grind,15,25,1100,1075,-25,L,19,20,0,0,K,4,2,"4,2,3,J","K,K"
45f0fba6,oscars_grind,16,25,1075,1100,25,W,12,23,0,0,5,2,4,"J,2","5,4,6,8"
45f0fba6,oscars_grind,17,50,1100,1150,50,W,18,22,0,0,2,2,4,"7,A","2,K,3,7"
45f0fba6,oscars_grind,18,25,1150,1125,-25,L,17,18,0,0,J,3,2,"K,6,A","J,8"
73bffcef,oscars_grind,1,25,1000,975,-25,L,18,19,0,0,A,3,4,"4,K,4","A,2,9,7"
73bffcef,oscars_grind,2,25,975,975,0,P,20,20,0,0,J,3,2,"J,5,5","J,K"
73bffcef,oscars_grind,3,25,975,950,-25,L,14,18,0,0,4,2,3,"9,5","4,10,4"
73bffcef,oscars_grind,4,25,950,950,0,P,20,20,0,0,2,2,3,"J,J","2,8,10"
73bffcef,oscars_grind,5,25,950,975,25,W,19,17,0,0,7,5,2,"4,4,5,3,3","7,J"
73bffcef,oscars_grind,6,50,975,1025,50,W,20,17,0,0,7,3,3,"3,J,7","7,9,A"
73bffcef,oscars_grind,7,25,1025,1000,-25,L,13,21,0,0,5,2,3,"8,5","5,7,9"
73bffcef,oscars_grind,8,25,1000,975,-25,L,24,18,0,0,9,4,2,"2,3,9,J","9,9"
73bffcef,oscars_grind,9,25,975,950,-25,L,17,18,0,0,9,2,4,"10,7","9,4,2,3"
73bffcef,oscars_grind,10,25,950,925,-25,L,17,20,0,0,J,2,2,"7,10","J,J"
73bffcef,oscars_grind,11,25,925,900,-25,L,25,15,0,0,7,3,2,"Q,5,10","7,8"
73bffcef,oscars_grind,12,25,900,937,37,W,21,9,1,0,6,2,2,"A,K","6,3"
73bffcef,oscars_grind,13,50,937,887,-50,L,13,20,0,0,2,2,4,"6,7","2,4,3,A"
73bffcef,oscars_grind,14,50,887,887,0,P,20,20,0,0,J,2,2,"10,10","J,Q"
73bffcef,oscars_grind,15,50,887,837,-50,L,25,20,0,0,K,5,2,"8,5,A,A,Q","K,10"
73bffcef,oscars_grind,16,50,837,787,-50,L,17,19,0,0,5,2,3,"10,7","5,J,4"
73bffcef,oscars_grind,17,50,787,737,-50,L,15,21,0,1,A,2,2,"5,10","A,10"
73bffcef,oscars_grind,18,50,737,687,-50,L,24,15,0,0,9,3,2,"6,K,8","9,6"
5bfe0259,oscars_grind,1,25,1000,1025,25,W,16,25,0,0,5,3,5,"3,3,10","5,8,A,A,J"
5bfe0259,oscars_grind,2,25,1025,1000,-25,L,13,21,0,0,2,2,3,"A,2","2,A,8"
5bfe0259,oscars_grind,3,25,1000,975,-25,L,14,21,0,0,2,3,3,"3,2,9","2,J,9"
5bfe0259,oscars_grind,4,25,975,975,0,P,20,20,0,0,J,2,2,"Q,Q","J,K"
5bfe0259,oscars_grind,5,25,975,975,0,P,20,20,0,0,10,2,2,"K,K","10,K"
5bfe0259,oscars_grind,6,25,975,975,0,P,20,20,0,0,J,2,3,"K,10","J,6,4"
5bfe0259,oscars_grind,7,25,975,950,-25,L,13,21,0,0,4,2,3,"A,2","4,J,7"
5bfe0259,oscars_grind,8,25,950,925,-25,L,25,18,0,0,K,4,2,"A,4,10,10","K,8"
5bfe0259,oscars_grind,9,25,925,900,-25,L,23,12,0,0,Q,3,2,"5,8,10","Q,2"
5bfe0259,oscars_grind,10,25,900,875,-25,L,22,14,0,0,7,3,2,"3,9,Q","7,7"
5bfe0259,oscars_grind,11,25,875,850,-25,L,16,21,0,0,3,2,3,"Q,6","3,J,8"
5bfe0259,oscars_grind,12,25,850,825,-25,L,26,10,0,0,7,4,2,"5,8,3,10","7,3"
5bfe0259,oscars_grind,13,25,825,800,-25,L,26,10,0,0,8,4,2,"J,4,2,10","8,2"
5bfe0259,oscars_grind,14,25,800,775,-25,L,15,18,0,0,5,2,3,"A,4","5,Q,3"
5bfe0259,oscars_grind,15,25,775,750,-25,L,15,19,0,0,5,2,3,"4,A","5,4,10"
5bfe0259,oscars_grind,16,25,750,775,25,W,20,22,0,0,5,2,3,"Q,K","5,8,9"
5bfe0259,oscars_grind,17,50,775,725,-50,L,16,20,0,0,4,2,3,"6,J","4,K,6"
5bfe0259,oscars_grind,18,50,725,775,50,W,20,19,0,0,Q,2,2,"A,9","Q,9"
5c0f2a81,oscars_grind,1,25,1000,1025,25,W,18,17,0,0,7,3,2,"6,2,J","7,K"
5c0f2a81,oscars_grind,2,25,1025,1050,25,W,17,24,0,0,5,3,4,"4,4,9","5,6,3,J"
5c0f2a81,oscars_grind,3,25,1050,1025,-25,L,22,20,0,0,Q,3,2,"K,2,10","Q,K"
5c0f2a81,oscars_grind,4,25,1025,1000,-25,L,18,19,0,0,A,2,2,"Q,8","A,8"
5c0f2a81,oscars_grind,5,25,1000,1025,25,W,18,17,0,0,Q,3,3,"5,J,3","Q,2,5"
5c0f2a81,oscars_grind,6,50,1025,925,-100,L,19,21,0,0,4,3,3,"2,7,K","4,7,J"
5c0f2a81,oscars_grind,7,50,925,875,-50,L,19,20,0,0,K,4,3,"A,2,Q,6","K,6,4"
5c0f2a81,oscars_grind,8,50,875,825,-50,L,18,19,0,0,9,2,2,"9,9","9,10"
5c0f2a81,oscars_grind,9,50,825,775,-50,L,22,7,0,0,3,3,2,"2,Q,10","3,4"
5c0f2a81,oscars_grind,10,50,775,825,50,W,12,22,0,0,4,3,3,"4,3,5","4,8,J"
5c0f2a81,oscars_grind,11,75,825,675,-150,L,12,17,0,0,5,3,3,"7,2,3","5,A,A"
5c0f2a81,oscars_grind,12,75,675,750,75,W,20,22,0,0,K,2,3,"J,Q","K,2,K"
5c0f2a81,oscars_grind,13,100,750,650,-100,L,8,21,0,1,10,2,2,"4,4","10,A"
5c0f2a81,oscars_grind,14,100,650,550,-100,L,26,18,0,0,A,3,2,"J,6,Q","A,7"
5c0f2a81,oscars_grind,15,100,550,450,-100,L,16,18,0,0,2,2,4,"10,6","2,3,3,K"
5c0f2a81,oscars_grind,16,100,450,550,100,W,19,18,0,0,8,3,2,"7,8,4","8,J"
5c0f2a81,oscars_grind,17,125,550,550,0,P,18,18,0,0,9,3,4,"10,2,6","9,2,A,6"
5c0f2a81,oscars_grind,18,125,550,675,125,W,20,19,0,0,5,2,3,"J,Q","5,3,A"
d19738e2,oscars_grind,1,25,1000,975,-25,L,18,20,0,0,K,3,2,"5,Q,3","K,K"
d19738e2,oscars_grind,2,25,975,950,-25,L,15,17,0,0,4,2,4,"6,9","4,3,6,4"
d19738e2,oscars_grind,3,25,950,925,-25,L,16,21,0,0,4,2,5,"J,6","4,6,2,4,5"
d19738e2,oscars_grind,4,25,925,900,-25,L,23,12,0,0,J,3,2,"9,4,Q","J,2"
d19738e2,oscars_grind,5,25,900,925,25,W,15,25,0,0,6,2,3,"8,7","6,9,J"
d19738e2,oscars_grind,6,50,925,875,-50,L,20,21,0,0,A,2,3,"J,K","A,4,6"
d19738e2,oscars_grind,7,50,875,975,100,W,19,22,0,0,4,3,3,"4,5,K","4,8,J"
d19738e2,oscars_grind,8,75,975,1087,112,W,21,12,1,0,2,2,2,"10,A","2,Q"
d19738e2,oscars_grind,9,100,1087,987,-100,L,17,20,0,0,10,2,2,"7,J","10,Q"
d19738e2,oscars_grind,10,100,987,787,-200,L,11,19,0,0,3,3,4,"5,4,2","3,6,4,6"
d19738e2,oscars_grind,11,100,787,987,200,W,21,20,0,0,2,3,3,"4,7,10","2,Q,8"
d19738e2,oscars_grind,12,125,987,862,-125,L,13,20,0,0,2,2,3,"3,Q","2,Q,8"
d19738e2,oscars_grind,13,125,862,987,125,W,13,25,0,0,3,2,4,"5,8","3,2,J,Q"
d19738e2,oscars_grind,14,150,987,837,-150,L,23,20,0,0,9,4,2,"2,A,K,Q","9,A"
d19738e2,oscars_grind,15,150,837,837,0,P,18,18,0,0,J,3,2,"6,3,9","J,8"
d19738e2,oscars_grind,16,150,837,987,150,W,20,19,0,0,5,2,4,"K,10","5,6,2,6"
d19738e2,oscars_grind,17,175,987,987,0,P,18,18,0,0,4,2,3,"8,Q","4,3,A"
d19738e2,oscars_grind,18,175,987,1162,175,W,20,18,0,0,3,2,4,"J,J","3,6,4,5"
b56903e2,oscars_grind,1,25,1000,975,-25,L,15,21,0,1,Q,2,2,"9,6","Q,A"
b56903e2,oscars_grind,2,25,975,925,-50,L,16,17,0,0,7,3,2,"8,3,5","7,10"
b56903e2,oscars_grind,3,25,925,950,25,W,20,23,0,0,2,2,4,"Q,J","2,A,10,10"
b56903e2,oscars_grind,4,50,950,1050,100,W,20,19,0,0,9,3,3,"4,7,9","9,2,8"
b56903e2,oscars_grind,5,25,1050,1075,25,W,20,24,0,0,8,2,4,"K,J","8,4,2,10"
b56903e2,oscars_grind,6,25,1075,1050,-25,L,20,21,0,1,Q,2,2,"J,Q","Q,A"
b56903e2,oscars_grind,7,25,1050,1025,-25,L,14,19,0,0,6,2,3,"4,10","6,2,A"
b56903e2,oscars_grind,8,25,1025,1000,-25,L,12,20,0,0,4,2,3,"6,6","4,K,6"
b56903e2,oscars_grind,9,25,1000,975,-25,L,22,16,0,0,7,3,2,"2,J,Q","7,9"
b56903e2,oscars_grind,10,25,975,950,-25,L,17,20,0,0,K,3,2,"5,Q,2","K,10"
b56903e2,oscars_grind,11,25,950,975,25,W,19,22,0,0,A,3,4,"6,8,5","A,4,9,8"
b56903e2,oscars_grind,12,50,975,925,-50,L,17,19,0,0,A,3,2,"8,5,4","A,8"
b56903e2,oscars_grind,13,50,925,825,-100,L,16,20,0,0,Q,3,2,"7,4,5","Q,J"
b56903e2,oscars_grind,14,50,825,875,50,W,18,17,0,0,10,2,2,"8,Q","10,7"
b56903e2,oscars_grind,15,75,875,725,-150,L,17,20,0,0,K,3,2,"6,5,6","K,K"
b56903e2,oscars_grind,16,75,725,800,75,W,21,17,0,0,J,3,2,"7,3,A","J,7"
b56903e2,oscars_grind,17,100,800,700,-100,L,14,17,0,0,3,2,3,"5,9","3,Q,4"
b56903e2,oscars_grind,18,100,700,800,100,W,21,24,0,0,K,4,3,"5,3,4,9","K,4,10"
62c97fa7,oscars_grind,1,25,1000,1025,25,W,20,22,0,0,2,2,3,"J,10","2,K,Q"
62c97fa7,oscars_grind,2,25,1025,1000,-25,L,17,21,0,0,2,2,4,"7,10","2,8,2,9"
62c97fa7,oscars_grind,3,25,1000,1000,0,P,20,20,0,0,Q,2,2,"10,J","Q,10"
62c97fa7,oscars_grind,4,25,1000,1025,25,W,17,23,0,0,6,2,3,"7,J","6,7,10"
62c97fa7,oscars_grind,5,50,1025,975,-50,L,19,20,0,0,8,3,3,"5,J,4","8,2,Q"
62c97fa7,oscars_grind,6,50,975,1025,50,W,20,18,0,0,8,3,2,"5,4,A","8,J"
62c97fa7,oscars_grind,7,75,1025,1100,75,W,20,18,0,0,Q,4,4,"4,2,4,J","Q,3,3,2"
62c97fa7,oscars_grind,8,25,1100,1125,25,W,19,17,0,0,Q,3,2,"9,5,5","Q,7"
62c97fa7,oscars_grind,9,25,1125,1150,25,W,20,17,0,0,7,3,2,"J,4,6","7,10"
62c97fa7,oscars_grind,10,25,1150,1125,-25,L,18,20,0,0,J,3,2,"10,2,6","J,J"
62c97fa7,oscars_grind,11,25,1125,1162,37,W,21,7,1,0,3,2,2,"K,A","3,4"
62c97fa7,oscars_grind,12,50,1162,1212,50,W,18,23,0,0,10,2,3,"10,8","10,6,7"
62c97fa7,oscars_grind,13,25,1212,1187,-25,L,17,20,0,0,10,2,2,"7,Q","10,J"
62c97fa7,oscars_grind,14,25,1187,1212,25,W,19,22,0,0,3,2,3,"J,9","3,9,K"
62c97fa7,oscars_grind,15,50,1212,1112,-100,L,12,20,0,0,9,3,2,"6,5,A","9,A"
62c97fa7,oscars_grind,16,50,1112,1187,75,W,21,18,1,0,8,2,2,"K,A","8,K"
62c97fa7,oscars_grind,17,75,1187,1262,75,W,19,24,0,0,6,2,3,"9,J","6,Q,8"
62c97fa7,oscars_grind,18,25,1262,1312,50,W,21,20,0,0,Q,3,2,"3,8,10","Q,J"
a8f83773,oscars_grind,1,25,1000,975,-25,L,19,20,0,0,Q,2,2,"J,9","Q,Q"
a8f83773,oscars_grind,2,25,975,950,-25,L,25,19,0,0,A,3,2,"6,9,K","A,8"
a8f83773,oscars_grind,3,25,950,975,25,W,20,25,0,0,8,2,3,"K,10","8,7,Q"
a8f83773,oscars_grind,4,50,975,1025,50,W,20,23,0,0,3,2,4,"Q,K","3,3,K,7"
a8f83773,oscars_grind,5,25,1025,1050,25,W,18,17,0,0,6,2,2,"10,8","6,A"
a8f83773,oscars_grind,6,25,1050,1075,25,W,19,17,0,0,7,4,2,"7,5,A,6","7,J"
a8f83773,oscars_grind,7,25,1075,1050,-25,L,22,20,0,0,J,3,2,"10,3,9","J,Q"
a8f83773,oscars_grind,8,25,1050,1075,25,W,19,24,0,0,7,2,4,"9,K","7,3,4,Q"
a8f83773,oscars_grind,9,50,1075,1025,-50,L,8,21,0,1,A,2,2,"5,3","A,10"
a8f83773,oscars_grind,10,50,1025,1075,50,W,20,18,0,0,Q,3,2,"8,6,6","Q,8"
a8f83773,oscars_grind,11,75,1075,1000,-75,L,17,18,0,0,7,4,2,"7,2,3,5","7,A"
a8f83773,oscars_grind,12,75,1000,1075,75,W,19,25,0,0,5,2,3,"10,9","5,K,K"
a8f83773,oscars_grind,13,100,1075,1175,100,W,20,26,0,0,8,4,3,"6,3,2,9","8,8,K"
a8f83773,oscars_grind,14,25,1175,1212,37,W,21,19,1,0,9,2,2,"J,A","9,J"
a8f83773,oscars_grind,15,25,1212,1212,0,P,17,17,0,0,8,4,3,"4,2,2,9","8,2,7"
a8f83773,oscars_grind,16,25,1212,1187,-25,L,17,20,0,0,10,4,2,"3,A,A,2","10,Q"
a8f83773,oscars_grind,17,25,1187,1212,25,W,18,22,0,0,9,3,3,"8,8,2","9,3,Q"
a8f83773,oscars_grind,18,50,1212,1162,-50,L,17,20,0,0,8,3,3,"K,3,4","8,8,4"
08ecae46,oscars_grind,1,25,1000,1025,25,W,16,24,0,0,3,2,4,"9,7","3,3,8,Q"
08ecae46,oscars_grind,2,25,1025,1000,-25,L,12,21,0,1,10,2,2,"9,3","10,A"
08ecae46,oscars_grind,3,25,1000,1025,25,W,20,19,0,0,10,2,2,"J,10","10,9"
08ecae46,oscars_grind,4,50,1025,1075,50,W,12,25,0,0,6,2,3,"7,5","6,9,10"
08ecae46,oscars_grind,5,25,1075,1050,-25,L,22,19,0,0,Q,3,2,"2,J,J","Q,9"
08ecae46,oscars_grind,6,25,1050,1075,25,W,19,17,0,0,4,2,3,"9,10","4,8,5"
08ecae46,oscars_grind,7,50,1075,1025,-50,L,25,18,0,0,9,3,2,"6,10,9","9,9"
08ecae46,oscars_grind,8,50,1025,1125,100,W,18,24,0,0,J,3,3,"6,5,7","J,4,J"
08ecae46,oscars_grind,9,75,1125,1200,75,W,20,17,0,0,2,2,4,"Q,K","2,J,4,A"
08ecae46,oscars_grind,10,25,1200,1175,-25,L,18,20,0,0,9,3,3,"J,6,2","9,7,4"
08ecae46,oscars_grind,11,25,1175,1175,0,P,20,20,0,0,J,2,2,"K,Q","J,K"
08ecae46,oscars_grind,12,25,1175,1212,37,W,21,15,1,0,8,2,2,"A,10","8,7"
08ecae46,oscars_grind,13,50,1212,1162,-50,L,12,19,0,0,6,2,3,"2,Q","6,10,3"
08ecae46,oscars_grind,14,50,1162,1212,50,W,21,20,0,0,J,3,2,"J,4,7","J,J"
08ecae46,oscars_grind,15,75,1212,1324,112,W,21,4,1,0,2,2,2,"A,K","2,2"
08ecae46,oscars_grind,16,25,1324,1349,25,W,18,26,0,0,2,2,4,"7,A","2,4,J,J"
08ecae46,oscars_grind,17,25,1349,1324,-25,L,16,21,0,1,A,2,2,"10,6","A,J"
08ecae46,oscars_grind,18,25,1324,1299,-25,L,26,19,0,0,8,3,2,"7,9,10","8,A"
35cd59c9,oscars_grind,1,25,1000,1050,50,W,21,19,0,0,K,3,2,"8,3,K","K,9"
35cd59c9,oscars_grind,2,25,1050,1075,25,W,20,19,0,0,8,2,3,"J,K","8,7,4"
35cd59c9,oscars_grind,3,25,1075,1050,-25,L,17,19,0,0,9,3,2,"6,7,4","9,J"
35cd59c9,oscars_grind,4,25,1050,1025,-25,L,14,21,0,1,10,2,2,"4,J","10,A"
35cd59c9,oscars_grind,5,25,1025,1050,25,W,20,26,0,0,2,2,4,"J,Q","2,4,K,K"
35cd59c9,oscars_grind,6,50,1050,1100,50,W,20,19,0,0,6,2,3,"10,10","6,3,J"
35cd59c9,oscars_grind,7,25,1100,1075,-25,L,18,19,0,0,9,3,2,"2,Q,6","9,10"
35cd59c9,oscars_grind,8,25,1075,1050,-25,L,22,13,0,0,Q,3,2,"2,K,Q","Q,3"
35cd59c9,oscars_grind,9,25,1050,1025,-25,L,26,12,0,0,8,3,2,"6,K,K","8,4"
35cd59c9,oscars_grind,10,25,1025,1050,25,W,21,20,0,0,K,3,2,"7,6,8","K,10"
35cd59c9,oscars_grind,11,50,1050,1100,50,W,21,17,0,0,7,5,2,"2,2,5,3,9","7,Q"
35cd59c9,oscars_grind,12,75,1100,1025,-75,L,17,18,0,0,3,3,3,"6,2,9","3,A,4"
35cd59c9,oscars_grind,13,75,1025,1100,75,W,18,23,0,0,2,2,4,"8,10","2,2,9,10"
35cd59c9,oscars_grind,14,100,1100,1000,-100,L,16,19,0,0,5,2,3,"8,8","5,10,4"
35cd59c9,oscars_grind,15,100,1000,1150,150,W,21,10,1,0,3,2,2,"A,10","3,7"
35cd59c9,oscars_grind,16,125,1150,1150,0,P,20,20,0,0,10,4,3,"3,3,4,J","10,6,4"
35cd59c9,oscars_grind,17,125,1150,900,-250,L,17,19,0,0,2,3,3,"5,6,6","2,8,9"
35cd59c9,oscars_grind,18,125,900,1087,187,W,21,8,1,0,2,2,2,"A,10","2,6"
c6f104ff,oscars_grind,1,25,1000,975,-25,L,14,17,0,0,6,2,3,"4,J","6,Q,A"
c6f104ff,oscars_grind,2,25,975,1000,25,W,20,25,0,0,5,2,5,"K,10","5,4,2,4,J"
c6f104ff,oscars_grind,3,50,1000,950,-50,L,13,17,0,0,5,3,3,"5,3,5","5,4,8"
c6f104ff,oscars_grind,4,50,950,1050,100,W,12,24,0,0,8,3,3,"3,7,2","8,7,9"
c6f104ff,oscars_grind,5,75,1050,975,-75,L,26,18,0,0,9,4,2,"5,K,A,10","9,9"
c6f104ff,oscars_grind,6,75,975,975,0,P,20,20,0,0,J,2,2,"10,K","J,J"
c6f104ff,oscars_grind,7,75,975,825,-150,L,15,20,0,0,7,3,3,"4,7,4","7,7,6"
c6f104ff,oscars_grind,8,75,825,750,-75,L,25,13,0,0,7,3,2,"6,9,10","7,6"
c6f104ff,oscars_grind,9,75,750,825,75,W,19,18,0,0,8,3,2,"10,2,7","8,10"
c6f104ff,oscars_grind,10,100,825,925,100,W,18,17,0,0,K,4,3,"A,2,Q,5","K,2,5"
c6f104ff,oscars_grind,11,125,925,1050,125,W,18,23,0,0,4,3,6,"5,3,10","4,5,2,A,A,J"
c6f104ff,oscars_grind,12,25,1050,1025,-25,L,22,12,0,0,2,3,2,"Q,2,10","2,K"
c6f104ff,oscars_grind,13,25,1025,1050,25,W,19,17,0,0,Q,3,2,"3,Q,6","Q,7"
c6f104ff,oscars_grind,14,50,1050,1000,-50,L,14,17,0,0,3,2,3,"Q,4","3,4,Q"
c6f104ff,oscars_grind,15,50,1000,1050,50,W,19,23,0,0,8,4,3,"3,2,3,A","8,5,K"
c6f104ff,oscars_grind,16,75,1050,1125,75,W,18,26,0,0,2,2,5,"8,10","2,J,A,3,10"
c6f104ff,oscars_grind,17,25,1125,1075,-50,L,20,21,0,0,2,3,3,"8,3,9","2,9,10"
c6f104ff,oscars_grind,18,25,1075,1075,0,P,17,17,0,0,5,2,3,"7,Q","5,2,K"
fb1f33a7,oscars_grind,1,25,1000,1050,50,W,21,18,0,0,5,3,4,"6,5,K","5,2,5,6"
fb1f33a7,oscars_grind,2,25,1050,1050,0,P,20,20,0,0,3,2,3,"J,K","3,Q,7"
fb1f33a7,oscars_grind,3,25,1050,1075,25,W,21,23,0,0,9,3,3,"Q,2,9","9,4,J"
fb1f33a7,oscars_grind,4,25,1075,1050,-25,L,18,20,0,0,Q,2,2,"8,J","Q,10"
fb1f33a7,oscars_grind,5,25,1050,1025,-25,L,26,20,0,0,Q,3,2,"6,J,K","Q,K"
fb1f33a7,oscars_grind,6,25,1025,1000,-25,L,23,10,0,0,8,4,2,"9,3,A,10","8,2"
fb1f33a7,oscars_grind,7,25,1000,975,-25,L,18,21,0,0,10,3,4,"3,5,10","10,2,4,5"
fb1f33a7,oscars_grind,8,25,975,1012,37,W,21,18,1,0,7,2,2,"10,A","7,A"
fb1f33a7,oscars_grind,9,50,1012,912,-100,L,19,20,0,0,5,3,3,"4,5,Q","5,J,5"
fb1f33a7,oscars_grind,10,50,912,962,50,W,21,24,0,0,A,3,4,"Q,5,6","A,3,10,K"
fb1f33a7,oscars_grind,11,75,962,1037,75,W,20,25,0,0,A,4,5,"3,3,4,J","A,4,Q,A,9"
fb1f33a7,oscars_grind,12,100,1037,1237,200,W,19,25,0,0,4,3,4,"5,6,8","4,J,A,Q"
fb1f33a7,oscars_grind,13,25,1237,1262,25,W,17,24,0,0,9,2,3,"K,7","9,7,8"
fb1f33a7,oscars_grind,14,25,1262,1237,-25,L,23,17,0,0,A,3,2,"Q,3,Q","A,6"
fb1f33a7,oscars_grind,15,25,1237,1237,0,P,20,20,0,0,J,2,2,"Q,J","J,K"
fb1f33a7,oscars_grind,16,25,1237,1212,-25,L,13,21,0,0,3,2,3,"2,A","3,7,A"
fb1f33a7,oscars_grind,17,25,1212,1237,25,W,19,17,0,0,J,2,3,"K,9","J,4,3"
fb1f33a7,oscars_grind,18,50,1237,1237,0,P,20,20,0,0,Q,3,2,"7,3,Q","Q,Q"
01044fe9,oscars_grind,1,25,1000,975,-25,L,19,20,0,0,10,4,3,"K,2,A,6","10,3,7"
01044fe9,oscars_grind,2,25,975,1000,25,W,13,24,0,0,4,2,3,"2,A","4,10,K"
01044fe9,oscars_grind,3,50,1000,950,-50,L,18,19,0,0,8,2,3,"8,J","8,6,5"
01044fe9,oscars_grind,4,50,950,900,-50,L,26,14,0,0,A,3,2,"J,6,J","A,3"
01044fe9,oscars_grind,5,50,900,850,-50,L,14,19,0,0,6,2,5,"7,7","6,3,4,2,4"
01044fe9,oscars_grind,6,50,850,800,-50,L,13,21,0,0,5,2,3,"9,4","5,10,6"
01044fe9,oscars_grind,7,50,800,850,50,W,20,19,0,0,10,2,3,"10,10","10,3,6"
01044fe9,oscars_grind,8,75,850,775,-75,L,17,19,0,0,3,2,4,"9,8","3,A,K,5"
01044fe9,oscars_grind,9,75,775,887,112,W,21,10,1,0,2,2,2,"J,A","2,8"
01044fe9,oscars_grind,10,100,887,987,100,W,20,24,0,0,J,2,4,"Q,K","J,4,A,9"
01044fe9,oscars_grind,11,125,987,862,-125,L,14,17,0,0,3,2,3,"4,Q","3,4,J"
01044fe9,oscars_grind,12,125,862,737,-125,L,25,18,0,0,8,3,2,"5,K,Q","8,10"
01044fe9,oscars_grind,13,125,737,487,-250,L,15,20,0,0,7,3,3,"3,7,5","7,3,Q"
01044fe9,oscars_grind,14,125,487,362,-125,L,15,17,0,0,6,4,3,"2,2,5,6","6,6,5"
01044fe9,oscars_grind,15,125,362,549,187,W,21,12,1,0,2,2,2,"Q,A","2,J"
01044fe9,oscars_grind,16,150,549,399,-150,L,24,14,0,0,8,3,2,"5,J,9","8,6"
01044fe9,oscars_grind,17,150,399,549,150,W,21,20,0,0,10,3,3,"6,J,5","10,3,7"
01044fe9,oscars_grind,18,175,549,811,262,W,21,12,1,0,2,2,2,"K,A","2,10"
e55c226b,oscars_grind,1,25,1000,1025,25,W,18,24,0,0,K,2,3,"10,8","K,4,10"
e55c226b,oscars_grind,2,25,1025,1075,50,W,21,22,0,0,4,3,3,"7,4,10","4,8,10"
e55c226b,oscars_grind,3,25,1075,1050,-25,L,16,18,0,0,5,2,3,"6,10","5,J,3"
e55c226b,oscars_grind,4,25,1050,1075,25,W,20,17,0,0,3,3,4,"2,Q,8","3,7,2,5"
e55c226b,oscars_grind,5,50,1075,1025,-50,L,19,20,0,0,K,4,2,"2,6,6,5","K,J"
e55c226b,oscars_grind,6,50,1025,975,-50,L,18,21,0,0,10,3,3,"2,10,6","10,6,5"
e55c226b,oscars_grind,7,50,975,925,-50,L,26,20,0,0,J,3,2,"9,7,J","J,Q"
e55c226b,oscars_grind,8,50,925,875,-50,L,12,17,0,0,6,2,3,"4,8","6,Q,A"
e55c226b,oscars_grind,9,50,875,875,0,P,20,20,0,0,A,2,2,"Q,K","A,9"
e55c226b,oscars_grind,10,50,875,975,100,W,20,23,0,0,3,3,4,"2,8,K","3,7,3,J"
e55c226b,oscars_grind,11,75,975,900,-75,L,14,21,0,1,K,2,2,"9,5","K,A"
e55c226b,oscars_grind,12,75,900,825,-75,L,14,18,0,0,6,2,3,"4,Q","6,9,3"
e55c226b,oscars_grind,13,75,825,900,75,W,19,23,0,0,6,2,3,"K,9","6,8,9"
e55c226b,oscars_grind,14,100,900,800,-100,L,15,21,0,0,2,2,4,"5,K","2,3,10,6"
e55c226b,oscars_grind,15,100,800,800,0,P,20,20,0,0,10,2,2,"Q,Q","10,10"
e55c226b,oscars_grind,16,100,800,900,100,W,15,24,0,0,4,3,3,"3,2,J","4,J,Q"
e55c226b,oscars_grind,17,125,900,650,-250,L,14,20,0,0,K,3,2,"9,2,3","K,Q"
e55c226b,oscars_grind,18,125,650,525,-125,L,22,16,0,0,J,4,2,"A,2,10,9","J,6"
ce7c348a,oscars_grind,1,25,1000,1000,0,P,18,18,0,0,8,3,2,"7,8,3","8,10"
ce7c348a,oscars_grind,2,25,1000,975,-25,L,18,19,0,0,9,2,2,"Q,8","9,10"
ce7c348a,oscars_grind,3,25,975,1012,37,W,21,20,1,0,10,2,2,"A,K","10,K"
ce7c348a,oscars_grind,4,50,1012,962,-50,L,14,21,0,0,6,3,4,"2,2,Q","6,9,A,5"
ce7c348a,oscars_grind,5,50,962,912,-50,L,26,17,0,0,7,3,2,"K,6,10","7,Q"
ce7c348a,oscars_grind,6,50,912,912,0,P,21,21,1,1,A,2,2,"A,K","A,J"
ce7c348a,oscars_grind,7,50,912,962,50,W,17,22,0,0,10,3,3,"5,3,9","10,2,Q"
ce7c348a,oscars_grind,8,75,962,887,-75,L,22,4,0,0,2,3,2,"3,9,Q","2,2"
ce7c348a,oscars_grind,9,75,887,962,75,W,18,22,0,0,9,2,3,"K,8","9,3,K"
ce7c348a,oscars_grind,10,100,962,862,-100,L,26,20,0,0,J,3,2,"9,7,Q","J,Q"
ce7c348a,oscars_grind,11,100,862,962,100,W,18,23,0,0,10,3,3,"9,5,4","10,3,10"
ce7c348a,oscars_grind,12,125,962,1212,250,W,12,23,0,0,6,3,3,"7,4,A","6,7,Q"
ce7c348a,oscars_grind,13,25,1212,1187,-25,L,15,18,0,0,4,2,3,"5,J","4,4,K"
ce7c348a,oscars_grind,14,25,1187,1212,25,W,18,24,0,0,7,3,4,"K,4,4","7,6,2,9"
ce7c348a,oscars_grind,15,50,1212,1262,50,W,21,20,0,0,K,3,2,"9,6,6","K,10"
ce7c348a,oscars_grind,16,25,1262,1287,25,W,20,25,0,0,10,3,3,"5,A,4","10,5,10"
ce7c348a,oscars_grind,17,25,1287,1287,0,P,20,20,0,0,10,2,2,"Q,J","10,Q"
ce7c348a,oscars_grind,18,25,1287,1262,-25,L,15,18,0,0,5,2,4,"8,7","5,5,3,5"
23e1b53b,oscars_grind,1,25,1000,1000,0,P,21,21,1,1,A,2,2,"A,K","A,J"
23e1b53b,oscars_grind,2,25,1000,975,-25,L,23,15,0,0,J,3,2,"7,6,K","J,5"
23e1b53b,oscars_grind,3,25,975,1000,25,W,19,18,0,0,8,3,2,"4,5,K","8,Q"
23e1b53b,oscars_grind,4,50,1000,950,-50,L,6,21,0,1,Q,2,2,"3,3","Q,A"
23e1b53b,oscars_grind,5,50,950,950,0,P,20,20,0,0,10,3,2,"3,8,9","10,Q"
23e1b53b,oscars_grind,6,50,950,900,-50,L,24,16,0,0,K,3,2,"Q,4,Q","K,6"
23e1b53b,oscars_grind,7,50,900,950,50,W,18,23,0,0,10,2,3,"A,7","10,3,10"
23e1b53b,oscars_grind,8,75,950,1100,150,W,16,25,0,0,2,3,4,"2,9,5","2,4,Q,9"
23e1b53b,oscars_grind,9,25,1100,1075,-25,L,13,17,0,0,3,2,4,"5,8","3,A,8,5"
23e1b53b,oscars_grind,10,25,1075,1050,-25,L,17,19,0,0,10,3,2,"6,J,A","10,9"
23e1b53b,oscars_grind,11,25,1050,1025,-25,L,17,18,0,0,2,3,3,"3,4,10","2,6,10"
23e1b53b,oscars_grind,12,25,1025,1075,50,W,18,17,0,0,6,3,3,"2,7,9","6,2,9"
23e1b53b,oscars_grind,13,50,1075,1075,0,P,18,18,0,0,7,2,4,"J,8","7,7,2,2"
23e1b53b,oscars_grind,14,50,1075,1025,-50,L,19,20,0,0,K,2,2,"10,9","K,10"
23e1b53b,oscars_grind,15,50,1025,1025,0,P,17,17,0,0,A,2,3,"7,K","A,A,5"
23e1b53b,oscars_grind,16,50,1025,1125,100,W,19,26,0,0,3,3,5,"4,5,10","3,2,9,2,J"
23e1b53b,oscars_grind,17,75,1125,1200,75,W,21,22,0,0,10,3,3,"7,6,8","10,2,10"
23e1b53b,oscars_grind,18,25,1200,1237,37,W,21,13,1,0,10,2,2,"A,Q","10,3"
c66c1b1a,oscars_grind,1,25,1000,1025,25,W,18,25,0,0,7,2,3,"8,J","7,8,K"
c66c1b1a,oscars_grind,2,25,1025,1050,25,W,19,26,0,0,7,3,4,"A,3,5","7,5,4,Q"
c66c1b1a,oscars_grind,3,25,1050,1000,-50,L,15,17,0,0,8,3,2,"8,2,5","8,9"
c66c1b1a,oscars_grind,4,25,1000,1025,25,W,20,24,0,0,5,2,4,"J,J","5,2,7,K"
c66c1b1a,oscars_grind,5,50,1025,975,-50,L,24,17,0,0,7,5,2,"2,2,A,9,J","7,10"
c66c1b1a,oscars_grind,6,50,975,925,-50,L,26,19,0,0,J,4,2,"4,Q,2,K","J,9"
c66c1b1a,oscars_grind,7,50,925,875,-50,L,20,21,0,0,7,2,3,"K,10","7,9,5"
c66c1b1a,oscars_grind,8,50,875,825,-50,L,15,21,0,0,6,2,3,"Q,5","6,7,8"
c66c1b1a,oscars_grind,9,50,825,775,-50,L,22,17,0,0,7,3,2,"K,6,6","7,K"
c66c1b1a,oscars_grind,10,50,775,825,50,W,20,19,0,0,9,2,2,"A,9","9,J"
c66c1b1a,oscars_grind,11,75,825,750,-75,L,18,21,0,0,A,5,6,"4,3,3,4,4","A,A,2,A,8,8"
c66c1b1a,oscars_grind,12,75,750,675,-75,L,18,20,0,0,K,4,2,"6,8,A,3","K,Q"
c66c1b1a,oscars_grind,13,75,675,750,75,W,20,17,0,0,7,3,2,"5,J,5","7,K"
c66c1b1a,oscars_grind,14,100,750,950,200,W,20,22,0,0,2,3,4,"5,5,Q","2,9,4,7"
c66c1b1a,oscars_grind,15,125,950,825,-125,L,16,17,0,0,6,2,3,"7,9","6,3,8"
c66c1b1a,oscars_grind,16,125,825,1012,187,W,21,15,1,0,5,2,2,"A,Q","5,K"
c66c1b1a,oscars_grind,17,150,1012,862,-150,L,24,18,0,0,8,4,2,"2,2,K,10","8,J"
c66c1b1a,oscars_grind,18,150,862,862,0,P,19,19,0,0,10,2,2,"Q,9","10,9"
0597ce79,oscars_grind,1,25,1000,975,-25,L,23,20,0,0,J,3,2,"6,8,9","J,K"
0597ce79,oscars_grind,2,25,975,950,-25,L,17,19,0,0,8,3,2,"3,4,Q","8,A"
0597ce79,oscars_grind,3,25,950,950,0,P,21,21,0,0,Q,3,3,"5,6,J","Q,3,8"
0597ce79,oscars_grind,4,25,950,975,25,W,21,19,0,0,K,3,2,"K,6,5","K,9"
0597ce79,oscars_grind,5,50,975,1025,50,W,20,19,0,0,9,3,2,"10,4,6","9,10"
0597ce79,oscars_grind,6,25,1025,1050,25,W,17,26,0,0,A,3,5,"2,10,5","A,4,K,A,Q"
0597ce79,oscars_grind,7,25,1050,1075,25,W,20,23,0,0,3,2,3,"10,K","3,J,J"
0597ce79,oscars_grind,8,25,1075,1112,37,W,21,13,1,0,5,2,2,"J,A","5,8"
0597ce79,oscars_grind,9,25,1112,1137,25,W,13,26,0,0,3,3,5,"9,3,A","3,2,7,4,10"
0597ce79,oscars_grind,10,25,1137,1112,-25,L,17,18,0,0,9,2,3,"9,8","9,3,6"
0597ce79,oscars_grind,11,25,1112,1137,25,W,12,25,0,0,5,2,3,"6,6","5,K,J"
0597ce79,oscars_grind,12,50,1137,1087,-50,L,15,21,0,1,J,2,2,"6,9","J,A"
0597ce79,oscars_grind,13,50,1087,1187,100,W,21,18,0,0,2,3,3,"7,4,Q","2,Q,6"
0597ce79,oscars_grind,14,75,1187,1112,-75,L,24,17,0,0,Q,3,2,"4,J,J","Q,7"
0597ce79,oscars_grind,15,75,1112,1187,75,W,18,24,0,0,8,2,4,"8,K","8,5,2,9"
0597ce79,oscars_grind,16,100,1187,1387,200,W,19,25,0,0,6,3,4,"2,7,K","6,5,4,Q"
0597ce79,oscars_grind,17,25,1387,1362,-25,L,17,19,0,0,J,2,2,"7,Q","J,9"
0597ce79,oscars_grind,18,25,1362,1387,25,W,15,26,0,0,4,2,5,"9,6","4,2,8,2,Q"
98eface9,oscars_grind,1,25,1000,1025,25,W,17,25,0,0,7,2,3,"10,7","7,8,Q"
98eface9,oscars_grind,2,25,1025,1000,-25,L,23,20,0,0,Q,3,2,"4,9,J","Q,K"
98eface9,oscars_grind,3,25,1000,975,-25,L,19,21,0,0,7,3,3,"6,3,Q","7,4,J"
98eface9,oscars_grind,4,25,975,950,-25,L,17,19,0,0,6,3,3,"2,5,Q","6,5,8"
98eface9,oscars_grind,5,25,950,925,-25,L,19,20,0,0,Q,4,2,"A,4,Q,4","Q,10"
98eface9,oscars_grind,6,25,925,900,-25,L,22,17,0,0,7,3,2,"2,J,10","7,Q"
98eface9,oscars_grind,7,25,900,875,-25,L,25,17,0,0,7,3,2,"5,J,K","7,K"
98eface9,oscars_grind,8,25,875,900,25,W,21,24,0,0,10,3,3,"5,K,6","10,4,10"
98eface9,oscars_grind,9,50,900,850,-50,L,26,11,0,0,9,3,2,"J,6,K","9,2"
98eface9,oscars_grind,10,50,850,800,-50,L,16,18,0,0,5,2,3,"6,10","5,10,3"
98eface9,oscars_grind,11,50,800,875,75,W,21,17,1,0,10,2,2,"J,A","10,7"
98eface9,oscars_grind,12,75,875,950,75,W,13,24,0,0,4,2,4,"2,A","4,10,2,8"
98eface9,oscars_grind,13,100,950,1100,150,W,21,12,1,0,10,2,2,"Q,A","10,2"
98eface9,oscars_grind,14,125,1100,1225,125,W,14,23,0,0,3,2,4,"9,5","3,Q,A,9"
98eface9,oscars_grind,15,25,1225,1250,25,W,18,24,0,0,3,2,4,"K,8","3,5,6,Q"
98eface9,oscars_grind,16,25,1250,1275,25,W,21,19,0,0,K,3,2,"2,K,9","K,9"
98eface9,oscars_grind,17,25,1275,1250,-25,L,14,17,0,0,5,2,3,"6,8","5,K,2"
98eface9,oscars_grind,18,25,1250,1275,25,W,19,22,0,0,9,4,3,"A,5,Q,3","9,4,9"
48b17208,oscars_grind,1,25,1000,1037,37,W,21,11,1,0,8,2,2,"J,A","8,3"
48b17208,oscars_grind,2,25,1037,1012,-25,L,15,18,0,0,4,2,3,"9,6","4,J,4"
48b17208,oscars_grind,3,25,1012,987,-25,L,19,20,0,0,Q,3,2,"5,4,J","Q,Q"
48b17208,oscars_grind,4,25,987,1012,25,W,14,22,0,0,5,4,3,"4,2,5,3","5,7,K"
48b17208,oscars_grind,5,50,1012,962,-50,L,25,12,0,0,Q,4,2,"3,5,7,K","Q,2"
48b17208,oscars_grind,6,50,962,912,-50,L,5,21,0,1,10,2,2,"3,2","10,A"
48b17208,oscars_grind,7,50,912,987,75,W,21,18,1,0,10,2,2,"Q,A","10,8"
48b17208,oscars_grind,8,75,987,1062,75,W,16,26,0,0,4,2,4,"6,K","4,8,4,K"
48b17208,oscars_grind,9,100,1062,1062,0,P,17,17,0,0,7,2,2,"7,Q","7,J"
48b17208,oscars_grind,10,100,1062,1162,100,W,19,17,0,0,3,2,5,"8,A","3,2,4,7,A"
48b17208,oscars_grind,11,25,1162,1137,-25,L,23,12,0,0,K,4,2,"Q,4,A,8","K,2"
48b17208,oscars_grind,12,25,1137,1112,-25,L,13,17,0,0,5,2,4,"3,J","5,5,6,A"
48b17208,oscars_grind,13,25,1112,1137,25,W,19,22,0,0,2,2,4,"K,9","2,A,9,J"
48b17208,oscars_grind,14,50,1137,1087,-50,L,22,20,0,0,10,3,2,"6,6,K","10,10"
48b17208,oscars_grind,15,50,1087,1037,-50,L,17,20,0,0,10,3,2,"4,9,4","10,Q"
48b17208,oscars_grind,16,50,1037,987,-50,L,22,12,0,0,7,4,2,"2,10,4,6","7,5"
48b17208,oscars_grind,17,50,987,1037,50,W,17,22,0,0,Q,4,3,"3,3,K,A","Q,2,K"
48b17208,oscars_grind,18,75,1037,1112,75,W,15,26,0,0,5,2,4,"5,J","5,8,3,Q"
8d875e81,oscars_grind,1,25,1000,975,-25,L,15,20,0,0,4,2,3,"5,K","4,A,5"
8d875e81,oscars_grind,2,25,975,950,-25,L,14,20,0,0,2,2,5,"4,10","2,5,2,7,4"
8d875e81,oscars_grind,3,25,950,975,25,W,19,24,0,0,J,2,4,"10,9","J,5,A,8"
8d875e81,oscars_grind,4,50,975,1050,75,W,21,15,1,0,A,2,2,"10,A","A,4"
8d875e81,oscars_grind,5,25,1050,1025,-25,L,16,21,0,0,2,2,4,"9,7","2,7,5,7"
8d875e81,oscars_grind,6,25,1025,1050,25,W,20,19,0,0,9,2,2,"9,A","9,Q"
8d875e81,oscars_grind,7,50,1050,1000,-50,L,17,19,0,0,6,2,4,"9,8","6,4,3,6"
8d875e81,oscars_grind,8,50,1000,1050,50,W,19,17,0,0,J,3,2,"A,A,7","J,7"
8d875e81,oscars_grind,9,75,1050,975,-75,L,17,19,0,0,9,3,2,"5,4,8","9,J"
8d875e81,oscars_grind,10,75,975,975,0,P,20,20,0,0,J,3,2,"4,J,6","J,Q"
8d875e81,oscars_grind,11,75,975,975,0,P,18,18,0,0,7,4,3,"9,3,2,4","7,4,7"
8d875e81,oscars_grind,12,75,975,1050,75,W,18,17,0,0,5,3,3,"6,2,10","5,J,2"
8d875e81,oscars_grind,13,100,1050,1150,100,W,20,17,0,0,7,2,3,"J,Q","7,4,6"
8d875e81,oscars_grind,14,25,1150,1100,-50,L,13,17,0,0,2,3,3,"8,2,3","2,J,5"
8d875e81,oscars_grind,15,25,1100,1075,-25,L,23,16,0,0,J,3,2,"10,4,9","J,6"
8d875e81,oscars_grind,16,25,1075,1050,-25,L,16,18,0,0,3,3,3,"3,3,J","3,8,7"
8d875e81,oscars_grind,17,25,1050,1025,-25,L,12,18,0,0,6,2,3,"9,3","6,4,8"
8d875e81,oscars_grind,18,25,1025,1000,-25,L,17,18,0,0,7,2,2,"9,8","7,A"
2194d078,oscars_grind,1,25,1000,1025,25,W,20,17,0,0,Q,5,2,"J,2,2,2,4","Q,7"
2194d078,oscars_grind,2,25,1025,1050,25,W,19,26,0,0,10,2,4,"K,9","10,5,A,10"
2194d078,oscars_grind,3,25,1050,1025,-25,L,17,18,0,0,7,2,2,"K,7","7,A"
2194d078,oscars_grind,4,25,1025,1050,25,W,18,25,0,0,10,2,3,"Q,8","10,5,K"
2194d078,oscars_grind,5,50,1050,1100,50,W,14,23,0,0,5,2,3,"K,4","5,Q,8"
2194d078,oscars_grind,6,25,1100,1150,50,W,21,23,0,0,9,3,3,"3,8,Q","9,4,K"
2194d078,oscars_grind,7,25,1150,1175,25,W,12,26,0,0,5,2,4,"Q,2","5,A,J,Q"
2194d078,oscars_grind,8,25,1175,1125,-50,L,20,21,0,0,3,3,4,"3,7,K","3,4,9,5"
2194d078,oscars_grind,9,25,1125,1150,25,W,14,26,0,0,3,2,4,"6,8","3,J,3,K"
2194d078,oscars_grind,10,50,1150,1250,100,W,14,25,0,0,2,3,4,"7,3,4","2,9,4,Q"
2194d078,oscars_grind,11,25,1250,1250,0,P,19,19,0,0,A,3,2,"4,Q,5","A,8"
2194d078,oscars_grind,12,25,1250,1275,25,W,13,23,0,0,4,2,4,"Q,3","4,6,3,J"
2194d078,oscars_grind,13,25,1275,1300,25,W,20,18,0,0,Q,3,2,"6,Q,4","Q,8"
2194d078,oscars_grind,14,25,1300,1250,-50,L,17,18,0,0,4,3,3,"2,8,7","4,9,5"
2194d078,oscars_grind,15,25,1250,1225,-25,L,22,19,0,0,K,3,2,"8,7,7","K,9"
2194d078,oscars_grind,16,25,1225,1200,-25,L,25,13,0,0,Q,3,2,"7,8,10","Q,3"
2194d078,oscars_grind,17,25,1200,1225,25,W,21,26,0,0,7,3,5,"J,4,7","7,4,A,4,J"
2194d078,oscars_grind,18,50,1225,1275,50,W,20,18,0,0,9,2,2,"K,10","9,9"
83ad0753,oscars_grind,1,25,1000,975,-25,L,22,14,0,0,J,3,2,"8,4,10","J,4"
83ad0753,oscars_grind,2,25,975,1000,25,W,20,18,0,0,9,2,2,"10,K","9,9"
83ad0753,oscars_grind,3,50,1000,950,-50,L,22,19,0,0,K,3,2,"5,7,Q","K,9"
83ad0753,oscars_grind,4,50,950,1000,50,W,20,19,0,0,4,2,3,"J,J","4,9,6"
83ad0753,oscars_grind,5,75,1000,1000,0,P,20,20,0,0,Q,2,2,"Q,Q","Q,J"
83ad0753,oscars_grind,6,75,1000,1000,0,P,17,17,0,0,7,2,2,"Q,7","7,J"
83ad0753,oscars_grind,7,75,1000,1000,0,P,21,21,0,0,5,3,3,"6,5,Q","5,J,6"
83ad0753,oscars_grind,8,75,1000,1112,112,W,21,14,1,0,K,2,2,"A,Q","K,4"
83ad0753,oscars_grind,9,25,1112,1137,25,W,20,23,0,0,10,3,3,"2,8,K","10,6,7"
83ad0753,oscars_grind,10,25,1137,1112,-25,L,15,19,0,0,4,2,3,"8,7","4,6,9"
83ad0753,oscars_grind,11,25,1112,1087,-25,L,17,19,0,0,2,2,4,"7,Q","2,8,6,3"
83ad0753,oscars_grind,12,25,1087,1112,25,W,20,18,0,0,5,2,3,"10,10","5,3,10"
83ad0753,oscars_grind,13,50,1112,1162,50,W,19,25,0,0,K,2,4,"9,J","K,3,2,Q"
83ad0753,oscars_grind,14,25,1162,1137,-25,L,16,17,0,0,3,2,3,"7,9","3,Q,4"
83ad0753,oscars_grind,15,25,1137,1112,-25,L,22,20,0,0,K,6,2,"2,4,2,4,A,9","K,K"
83ad0753,oscars_grind,16,25,1112,1087,-25,L,25,20,0,0,Q,3,2,"J,5,10","Q,K"
83ad0753,oscars_grind,17,25,1087,1112,25,W,18,25,0,0,Q,2,3,"8,10","Q,5,Q"
83ad0753,oscars_grind,18,50,1112,1062,-50,L,19,21,0,1,Q,2,2,"9,J","Q,A"
cdb4bbc4,oscars_grind,1,25,1000,975,-25,L,22,17,0,0,7,4,2,"4,J,2,6","7,J"
cdb4bbc4,oscars_grind,2,25,975,950,-25,L,22,17,0,0,A,3,2,"4,8,K","A,6"
cdb4bbc4,oscars_grind,3,25,950,975,25,W,13,26,0,0,6,2,3,"3,K","6,J,Q"
cdb4bbc4,oscars_grind,4,50,975,975,0,P,18,18,0,0,K,3,2,"5,6,7","K,8"
cdb4bbc4,oscars_grind,5,50,975,1025,50,W,19,23,0,0,10,2,3,"J,9","10,3,10"
cdb4bbc4,oscars_grind,6,25,1025,1000,-25,L,18,20,0,0,K,2,2,"10,8","K,K"
cdb4bbc4,oscars_grind,7,25,1000,975,-25,L,17,20,0,0,10,2,2,"7,10","10,K"
cdb4bbc4,oscars_grind,8,25,975,950,-25,L,16,19,0,0,4,2,3,"6,J","4,5,K"
cdb4bbc4,oscars_grind,9,25,950,925,-25,L,18,21,0,1,A,2,2,"A,7","A,K"
cdb4bbc4,oscars_grind,10,25,925,900,-25,L,19,21,0,0,K,3,4,"10,5,4","K,4,A,6"
cdb4bbc4,oscars_grind,11,25,900,875,-25,L,20,21,0,0,2,2,4,"K,J","2,3,K,6"
cdb4bbc4,oscars_grind,12,25,875,850,-25,L,18,19,0,0,6,2,4,"A,7","6,2,2,9"
cdb4bbc4,oscars_grind,13,25,850,875,25,W,18,24,0,0,Q,2,3,"A,7","Q,4,10"
cdb4bbc4,oscars_grind,14,50,875,925,50,W,19,22,0,0,2,2,3,"9,K","2,10,Q"
cdb4bbc4,oscars_grind,15,75,925,1000,75,W,21,19,0,0,9,4,2,"5,2,3,A","9,10"
cdb4bbc4,oscars_grind,16,100,1000,900,-100,L,26,17,0,0,9,3,2,"10,6,10","9,8"
cdb4bbc4,oscars_grind,17,100,900,900,0,P,20,20,0,0,7,2,4,"K,K","7,5,3,5"
cdb4bbc4,oscars_grind,18,100,900,1000,100,W,16,23,0,0,5,2,3,"6,Q","5,Q,8"
e000a687,oscars_grind,1,25,1000,1025,25,W,20,25,0,0,5,2,3,"Q,J","5,Q,J"
e000a687,oscars_grind,2,25,1025,1000,-25,L,14,21,0,1,A,2,2,"A,3","A,Q"
e000a687,oscars_grind,3,25,1000,975,-25,L,13,21,0,1,Q,2,2,"3,K","Q,A"
e000a687,oscars_grind,4,25,975,1000,25,W,19,17,0,0,3,2,3,"A,8","3,J,4"
e000a687,oscars_grind,5,50,1000,950,-50,L,14,17,0,0,2,2,3,"4,Q","2,5,Q"
e000a687,oscars_grind,6,50,950,1000,50,W,18,22,0,0,9,3,3,"6,7,5","9,7,6"
e000a687,oscars_grind,7,75,1000,1075,75,W,19,26,0,0,Q,2,4,"Q,9","Q,2,4,10"
e000a687,oscars_grind,8,25,1075,1112,37,W,21,20,1,0,J,2,2,"A,Q","J,J"
e000a687,oscars_grind,9,25,1112,1162,50,W,17,22,0,0,6,3,3,"6,3,8","6,6,Q"
e000a687,oscars_grind,10,25,1162,1137,-25,L,15,19,0,0,5,2,3,"J,5","5,9,5"
e000a687,oscars_grind,11,25,1137,1112,-25,L,12,21,0,0,6,2,3,"J,2","6,7,8"
e000a687,oscars_grind,12,25,1112,1087,-25,L,17,19,0,0,9,2,2,"7,Q","9,Q"
e000a687,oscars_grind,13,25,1087,1062,-25,L,24,20,0,0,10,4,2,"5,3,6,K","10,10"
e000a687,oscars_grind,14,25,1062,1037,-25,L,18,20,0,0,9,2,2,"9,9","9,A"
e000a687,oscars_grind,15,25,1037,1037,0,P,20,20,0,0,J,3,2,"10,6,4","J,K"
e000a687,oscars_grind,16,25,1037,1037,0,P,19,19,0,0,8,2,2,"9,K","8,A"
e000a687,oscars_grind,17,25,1037,1062,25,W,17,25,0,0,6,2,3,"10,7","6,9,10"
e000a687,oscars_grind,18,50,1062,1012,-50,L,18,20,0,0,7,3,3,"K,2,6","7,8,5"
9048746c,oscars_grind,1,25,1000,975,-25,L,22,15,0,0,J,3,2,"8,7,7","J,5"
9048746c,oscars_grind,2,25,975,950,-25,L,17,20,0,0,9,4,2,"5,A,K,A","9,A"
9048746c,oscars_grind,3,25,950,975,25,W,17,23,0,0,9,3,4,"Q,6,A","9,3,A,J"
9048746c,oscars_grind,4,50,975,925,-50,L,12,17,0,0,4,2,3,"2,K","4,10,3"
9048746c,oscars_grind,5,50,925,975,50,W,13,22,0,0,3,2,4,"3,J","3,10,3,6"
9048746c,oscars_grind,6,75,975,1087,112,W,21,17,1,0,A,2,2,"Q,A","A,6"
9048746c,oscars_grind,7,25,1087,1112,25,W,21,24,0,0,7,3,3,"4,9,8","7,7,Q"
9048746c,oscars_grind,8,25,1112,1137,25,W,20,22,0,0,7,2,3,"K,Q","7,5,J"
9048746c,oscars_grind,9,25,1137,1187,50,W,14,22,0,0,4,3,3,"3,8,3","4,10,8"
9048746c,oscars_grind,10,25,1187,1212,25,W,18,17,0,0,3,2,3,"8,J","3,9,5"
9048746c,oscars_grind,11,25,1212,1237,25,W,17,26,0,0,9,3,4,"6,6,5","9,3,4,J"
9048746c,oscars_grind,12,25,1237,1212,-25,L,17,20,0,0,A,4,2,"2,A,2,2","A,9"
9048746c,oscars_grind,13,25,1212,1237,25,W,13,22,0,0,5,2,3,"8,5","5,7,10"
9048746c,oscars_grind,14,50,1237,1337,100,W,20,22,0,0,4,3,3,"2,8,K","4,8,K"
9048746c,oscars_grind,15,25,1337,1362,25,W,19,24,0,0,10,3,4,"8,7,4","10,4,A,9"
9048746c,oscars_grind,16,25,1362,1337,-25,L,17,20,0,0,10,2,3,"7,J","10,6,4"
9048746c,oscars_grind,17,25,1337,1312,-25,L,18,19,0,0,4,2,3,"Q,8","4,5,Q"
9048746c,oscars_grind,18,25,1312,1287,-25,L,26,20,0,0,J,3,2,"Q,6,J","J,J"
4fafe492,oscars_grind,1,25,1000,975,-25,L,19,20,0,0,Q,3,2,"7,2,J","Q,K"
4fafe492,oscars_grind,2,25,975,1000,25,W,19,17,0,0,J,3,3,"J,6,3","J,6,A"
4fafe492,oscars_grind,3,50,1000,950,-50,L,15,18,0,0,3,3,3,"3,2,Q","3,7,8"
4fafe492,oscars_grind,4,50,950,900,-50,L,13,19,0,0,6,3,3,"4,4,5","6,3,J"
4fafe492,oscars_grind,5,50,900,950,50,W,20,19,0,0,Q,2,2,"9,A","Q,9"
4fafe492,oscars_grind,6,75,950,875,-75,L,18,19,0,0,2,2,4,"8,K","2,2,5,K"
4fafe492,oscars_grind,7,75,875,800,-75,L,25,20,0,0,9,3,2,"10,5,J","9,A"
4fafe492,oscars_grind,8,75,800,725,-75,L,20,21,0,0,7,2,4,"Q,K","7,4,5,5"
4fafe492,oscars_grind,9,75,725,800,75,W,19,17,0,0,7,3,2,"2,6,A","7,10"
4fafe492,oscars_grind,10,100,800,700,-100,L,19,20,0,0,10,3,2,"2,10,7","10,J"
4fafe492,oscars_grind,11,100,700,800,100,W,21,19,0,0,10,4,2,"A,A,2,7","10,9"
4fafe492,oscars_grind,12,125,800,675,-125,L,19,21,0,0,8,2,3,"9,Q","8,5,8"
4fafe492,oscars_grind,13,125,675,675,0,P,18,18,0,0,8,2,3,"8,Q","8,6,4"
4fafe492,oscars_grind,14,125,675,550,-125,L,17,19,0,0,8,3,2,"3,9,5","8,A"
4fafe492,oscars_grind,15,125,550,675,125,W,16,24,0,0,4,2,3,"9,7","4,Q,J"
4fafe492,oscars_grind,16,150,675,525,-150,L,23,18,0,0,7,3,2,"9,4,K","7,A"
4fafe492,oscars_grind,17,150,525,375,-150,L,22,19,0,0,10,3,2,"9,3,10","10,9"
4fafe492,oscars_grind,18,150,375,225,-150,L,18,20,0,0,K,2,2,"8,K","K,Q"
6a3fc96a,oscars_grind,1,25,1000,1025,25,W,20,19,0,0,3,2,4,"K,K","3,3,K,3"
6a3fc96a,oscars_grind,2,25,1025,1000,-25,L,11,21,0,1,10,2,2,"3,8","10,A"
6a3fc96a,oscars_grind,3,25,1000,1025,25,W,19,25,0,0,5,2,3,"9,K","5,Q,Q"
6a3fc96a,oscars_grind,4,50,1025,1125,100,W,21,20,0,0,J,3,2,"4,7,K","J,J"
6a3fc96a,oscars_grind,5,25,1125,1100,-25,L,13,21,0,0,6,2,4,"6,7","6,3,2,10"
6a3fc96a,oscars_grind,6,25,1100,1075,-25,L,12,17,0,0,4,2,3,"2,K","4,2,A"
6a3fc96a,oscars_grind,7,25,1075,1025,-50,L,15,19,0,0,6,3,4,"3,6,6","6,8,A,4"
6a3fc96a,oscars_grind,8,25,1025,1050,25,W,12,24,0,0,4,2,3,"A,A","4,Q,K"
6a3fc96a,oscars_grind,9,50,1050,1000,-50,L,18,20,0,0,J,3,2,"7,8,3","J,Q"
6a3fc96a,oscars_grind,10,50,1000,950,-50,L,22,13,0,0,K,3,2,"8,5,9","K,3"
6a3fc96a,oscars_grind,11,50,950,1050,100,W,20,18,0,0,2,3,3,"7,3,K","2,6,J"
6a3fc96a,oscars_grind,12,75,1050,975,-75,L,26,20,0,0,10,3,2,"K,6,Q","10,K"
6a3fc96a,oscars_grind,13,75,975,900,-75,L,25,11,0,0,9,3,2,"10,5,Q","9,2"
6a3fc96a,oscars_grind,14,75,900,825,-75,L,22,18,0,0,A,3,2,"2,Q,J","A,7"
6a3fc96a,oscars_grind,15,75,825,750,-75,L,24,19,0,0,J,4,2,"3,J,A,J","J,9"
6a3fc96a,oscars_grind,16,75,750,825,75,W,19,18,0,0,7,3,3,"Q,5,4","7,6,5"
6a3fc96a,oscars_grind,17,100,825,725,-100,L,13,21,0,0,5,2,3,"J,3","5,Q,6"
6a3fc96a,oscars_grind,18,100,725,725,0,P,19,19,0,0,K,4,2,"2,6,3,8","K,9"
87590931,oscars_grind,1,25,1000,1000,0,P,20,20,0,0,J,2,2,"A,9","J,J"
87590931,oscars_grind,2,25,1000,1025,25,W,13,24,0,0,3,2,4,"9,4","3,9,4,8"
87590931,oscars_grind,3,25,1025,1050,25,W,14,24,0,0,5,2,3,"6,8","5,Q,9"
87590931,oscars_grind,4,25,1050,1025,-25,L,25,16,0,0,9,3,2,"K,5,10","9,7"
87590931,oscars_grind,5,25,1025,1050,25,W,20,18,0,0,7,3,3,"7,2,A","7,3,8"
87590931,oscars_grind,6,50,1050,1100,50,W,14,26,0,0,4,2,4,"10,4","4,10,2,K"
87590931,oscars_grind,7,25,1100,1075,-25,L,17,21,0,0,K,2,3,"10,7","K,3,8"
87590931,oscars_grind,8,25,1075,1050,-25,L,23,12,0,0,J,3,2,"9,5,9","J,2"
87590931,oscars_grind,9,25,1050,1025,-25,L,25,20,0,0,10,5,2,"5,7,A,3,9","10,K"
87590931,oscars_grind,10,25,1025,1000,-25,L,19,20,0,0,J,3,2,"4,K,5","J,10"
87590931,oscars_grind,11,25,1000,1025,25,W,19,17,0,0,10,3,2,"3,10,6","10,7"
87590931,oscars_grind,12,50,1025,975,-50,L,22,9,0,0,2,3,2,"4,8,10","2,7"
87590931,oscars_grind,13,50,975,925,-50,L,24,17,0,0,9,3,2,"Q,6,8","9,8"
87590931,oscars_grind,14,50,925,875,-50,L,26,17,0,0,7,3,2,"8,8,Q","7,10"
87590931,oscars_grind,15,50,875,825,-50,L,14,21,0,0,5,3,3,"2,5,7","5,6,J"
87590931,oscars_grind,16,50,825,875,50,W,20,17,0,0,2,2,6,"10,Q","2,5,6,A,2,A"
87590931,oscars_grind,17,75,875,800,-75,L,22,19,0,0,9,4,2,"2,5,8,7","9,J"
87590931,oscars_grind,18,75,800,875,75,W,20,17,0,0,Q,2,2,"Q,10","Q,7"
230f2d25,oscars_grind,1,25,1000,1025,25,W,14,22,0,0,5,2,3,"4,J","5,J,7"
230f2d25,oscars_grind,2,25,1025,1000,-25,L,17,18,0,0,7,4,3,"5,A,10,A","7,6,5"
230f2d25,oscars_grind,3,25,1000,975,-25,L,20,21,0,1,A,2,2,"Q,Q","A,K"
230f2d25,oscars_grind,4,25,975,975,0,P,20,20,0,0,5,2,3,"K,K","5,6,9"
230f2d25,oscars_grind,5,25,975,1000,25,W,17,22,0,0,Q,3,3,"6,3,8","Q,2,J"
230f2d25,oscars_grind,6,50,1000,1050,50,W,19,24,0,0,4,2,3,"K,9","4,10,10"
230f2d25,oscars_grind,7,25,1050,1075,25,W,20,18,0,0,J,2,3,"J,K","J,2,6"
230f2d25,oscars_grind,8,25,1075,1075,0,P,17,17,0,0,4,2,4,"7,J","4,6,6,A"
230f2d25,oscars_grind,9,25,1075,1100,25,W,15,23,0,0,5,2,3,"5,10","5,8,10"
230f2d25,oscars_grind,10,25,1100,1075,-25,L,6,21,0,1,Q,2,2,"3,3","Q,A"
230f2d25,oscars_grind,11,25,1075,1100,25,W,14,23,0,0,4,2,5,"6,8","4,2,9,A,7"
230f2d25,oscars_grind,12,50,1100,1150,50,W,20,19,0,0,9,3,2,"5,K,5","9,K"
230f2d25,oscars_grind,13,25,1150,1125,-25,L,19,20,0,0,4,2,3,"9,J","4,K,6"
230f2d25,oscars_grind,14,25,1125,1125,0,P,19,19,0,0,A,3,2,"3,A,5","A,8"
230f2d25,oscars_grind,15,25,1125,1162,37,W,21,20,1,0,J,2,2,"K,A","J,J"
230f2d25,oscars_grind,16,50,1162,1112,-50,L,24,18,0,0,J,3,2,"Q,4,K","J,8"
230f2d25,oscars_grind,17,50,1112,1062,-50,L,16,19,0,0,6,2,3,"10,6","6,3,K"
230f2d25,oscars_grind,18,50,1062,1062,0,P,17,17,0,0,J,2,2,"7,Q","J,7"
46a28886,oscars_grind,1,25,1000,1025,25,W,17,22,0,0,6,2,3,"A,6","6,9,7"
46a28886,oscars_grind,2,25,1025,1050,25,W,20,26,0,0,8,4,3,"3,4,3,K","8,8,J"
46a28886,oscars_grind,3,25,1050,1087,37,W,21,15,1,0,10,2,2,"10,A","10,5"
46a28886,oscars_grind,4,25,1087,1087,0,P,19,19,0,0,2,2,4,"9,K","2,K,3,4"
46a28886,oscars_grind,5,25,1087,1062,-25,L,9,21,0,1,A,2,2,"4,5","A,10"
46a28886,oscars_grind,6,25,1062,1087,25,W,19,25,0,0,8,3,5,"J,4,5","8,5,A,A,Q"
46a28886,oscars_grind,7,50,1087,1137,50,W,17,24,0,0,6,2,3,"7,10","6,8,K"
46a28886,oscars_grind,8,25,1137,1112,-25,L,22,17,0,0,K,3,2,"6,Q,6","K,7"
46a28886,oscars_grind,9,25,1112,1087,-25,L,24,12,0,0,A,4,2,"5,9,2,8","A,A"
46a28886,oscars_grind,10,25,1087,1112,25,W,19,18,0,0,8,3,2,"6,K,3","8,10"
46a28886,oscars_grind,11,50,1112,1212,100,W,21,18,0,0,6,3,3,"4,7,J","6,2,Q"
46a28886,oscars_grind,12,25,1212,1237,25,W,12,26,0,0,6,2,3,"2,J","6,J,Q"
46a28886,oscars_grind,13,25,1237,1262,25,W,19,18,0,0,8,3,2,"3,Q,6","8,J"
46a28886,oscars_grind,14,25,1262,1262,0,P,20,20,0,0,J,4,2,"2,5,6,7","J,10"
46a28886,oscars_grind,15,25,1262,1287,25,W,18,24,0,0,10,4,3,"2,K,4,2","10,5,9"
46a28886,oscars_grind,16,25,1287,1337,50,W,18,17,0,0,J,3,3,"8,3,7","J,6,A"
46a28886,oscars_grind,17,25,1337,1312,-25,L,18,19,0,0,10,4,2,"3,5,8,2","10,9"
46a28886,oscars_grind,18,25,1312,1337,25,W,18,17,0,0,7,3,2,"4,10,4","7,K"
9a35b6ec,oscars_grind,1,25,1000,975,-25,L,8,21,0,1,Q,2,2,"3,5","Q,A"
9a35b6ec,oscars_grind,2,25,975,950,-25,L,17,19,0,0,3,2,3,"7,K","3,5,A"
9a35b6ec,oscars_grind,3,25,950,975,25,W,16,23,0,0,6,2,3,"9,7","6,J,7"
9a35b6ec,oscars_grind,4,50,975,1025,50,W,17,25,0,0,7,2,3,"7,Q","7,8,J"
9a35b6ec,oscars_grind,5,25,1025,1050,25,W,20,17,0,0,Q,2,2,"10,Q","Q,7"
9a35b6ec,oscars_grind,6,25,1050,1000,-50,L,14,19,0,0,7,3,5,"3,7,4","7,4,3,A,4"
9a35b6ec,oscars_grind,7,25,1000,975,-25,L,15,20,0,0,5,2,3,"J,5","5,7,8"
9a35b6ec,oscars_grind,8,25,975,1000,25,W,20,18,0,0,2,2,3,"K,J","2,10,6"
9a35b6ec,oscars_grind,9,50,1000,950,-50,L,8,21,0,1,Q,2,2,"6,2","Q,A"
9a35b6ec,oscars_grind,10,50,950,900,-50,L,25,16,0,0,K,4,2,"5,2,8,10","K,6"
9a35b6ec,oscars_grind,11,50,900,850,-50,L,18,19,0,0,9,3,2,"3,10,5","9,Q"
9a35b6ec,oscars_grind,12,50,850,800,-50,L,15,21,0,0,6,2,3,"10,5","6,10,5"
9a35b6ec,oscars_grind,13,50,800,700,-100,L,13,17,0,0,K,3,2,"2,9,2","K,7"
9a35b6ec,oscars_grind,14,50,700,650,-50,L,17,19,0,0,7,2,3,"6,A","7,3,9"
9a35b6ec,oscars_grind,15,50,650,700,50,W,20,17,0,0,7,2,2,"J,Q","7,Q"
9a35b6ec,oscars_grind,16,75,700,775,75,W,19,18,0,0,4,2,3,"8,A","4,5,9"
9a35b6ec,oscars_grind,17,100,775,875,100,W,20,17,0,0,A,5,2,"9,3,2,2,4","A,6"
9a35b6ec,oscars_grind,18,125,875,750,-125,L,22,13,0,0,J,3,2,"6,6,10","J,3"
a64b7fc5,oscars_grind,1,25,1000,975,-25,L,18,21,0,0,K,3,3,"A,3,4","K,6,5"
a64b7fc5,oscars_grind,2,25,975,950,-25,L,17,20,0,0,J,2,2,"7,J","J,J"
a64b7fc5,oscars_grind,3,25,950,975,25,W,14,22,0,0,2,2,3,"4,10","2,J,J"
a64b7fc5,oscars_grind,4,50,975,1025,50,W,20,17,0,0,7,4,2,"3,3,4,K","7,10"
a64b7fc5,oscars_grind,5,25,1025,1000,-25,L,22,17,0,0,9,5,2,"3,2,A,6,10","9,8"
a64b7fc5,oscars_grind,6,25,1000,1025,25,W,17,25,0,0,6,2,3,"7,Q","6,9,Q"
a64b7fc5,oscars_grind,7,50,1025,975,-50,L,13,20,0,0,2,2,3,"2,A","2,9,9"
a64b7fc5,oscars_grind,8,50,975,925,-50,L,17,18,0,0,10,2,2,"7,J","10,8"
a64b7fc5,oscars_grind,9,50,925,825,-100,L,13,18,0,0,2,3,4,"5,6,2","2,K,4,2"
a64b7fc5,oscars_grind,10,50,825,875,50,W,13,23,0,0,3,2,3,"5,8","3,Q,K"
a64b7fc5,oscars_grind,11,75,875,987,112,W,21,20,1,0,Q,2,2,"A,10","Q,J"
a64b7fc5,oscars_grind,12,100,987,987,0,P,20,20,0,0,4,2,3,"10,K","4,6,Q"
a64b7fc5,oscars_grind,13,100,987,987,0,P,18,18,0,0,8,3,2,"6,7,5","8,K"
a64b7fc5,oscars_grind,14,100,987,887,-100,L,23,19,0,0,Q,4,2,"4,5,4,Q","Q,9"
a64b7fc5,oscars_grind,15,100,887,787,-100,L,18,20,0,0,K,3,2,"5,5,8","K,J"
a64b7fc5,oscars_grind,16,100,787,887,100,W,13,22,0,0,4,2,5,"2,A","4,A,10,A,6"
a64b7fc5,oscars_grind,17,125,887,1137,250,W,13,22,0,0,3,3,3,"4,7,2","3,Q,9"
a64b7fc5,oscars_grind,18,150,1137,987,-150,L,23,14,0,0,J,3,2,"5,Q,8","J,4"
42459b64,oscars_grind,1,25,1000,975,-25,L,12,17,0,0,6,2,3,"10,2","6,Q,A"
42459b64,oscars_grind,2,25,975,1000,25,W,19,17,0,0,9,4,2,"2,4,4,9","9,8"
42459b64,oscars_grind,3,50,1000,950,-50,L,14,17,0,0,5,2,3,"8,6","5,7,5"
42459b64,oscars_grind,4,50,950,900,-50,L,19,20,0,0,10,2,3,"10,9","10,5,5"
42459b64,oscars_grind,5,50,900,950,50,W,19,24,0,0,Q,4,3,"3,2,K,4","Q,4,Q"
42459b64,oscars_grind,6,75,950,875,-75,L,23,17,0,0,7,3,2,"7,6,Q","7,J"
42459b64,oscars_grind,7,75,875,875,0,P,19,19,0,0,5,3,3,"6,3,Q","5,J,4"
42459b64,oscars_grind,8,75,875,800,-75,L,17,18,0,0,7,3,2,"5,10,2","7,A"
42459b64,oscars_grind,9,75,800,725,-75,L,22,13,0,0,9,3,2,"2,J,Q","9,4"
42459b64,oscars_grind,10,75,725,800,75,W,18,24,0,0,7,2,3,"10,8","7,7,10"
42459b64,oscars_grind,11,100,800,700,-100,L,18,21,0,0,Q,2,4,"8,10","Q,5,A,5"
42459b64,oscars_grind,12,100,700,600,-100,L,14,18,0,0,4,2,3,"4,K","4,K,4"
42459b64,oscars_grind,13,100,600,500,-100,L,23,19,0,0,9,3,2,"3,10,K","9,J"
42459b64,oscars_grind,14,100,500,600,100,W,20,18,0,0,3,2,3,"Q,10","3,5,K"
42459b64,oscars_grind,15,125,600,475,-125,L,17,21,0,0,4,2,4,"Q,7","4,3,7,7"
42459b64,oscars_grind,16,125,475,350,-125,L,22,19,0,0,8,3,2,"K,3,9","8,A"
42459b64,oscars_grind,17,125,350,475,125,W,20,18,0,0,2,2,4,"K,K","2,2,7,7"
42459b64,oscars_grind,18,150,475,475,0,P,18,18,0,0,9,3,2,"3,6,9","9,9"
347b5251,oscars_grind,1,25,1000,1025,25,W,20,22,0,0,Q,2,3,"A,9","Q,2,K"
347b5251,oscars_grind,2,25,1025,1075,50,W,20,17,0,0,4,3,3,"5,5,K","4,A,2"
347b5251,oscars_grind,3,25,1075,1025,-50,L,12,17,0,0,6,3,3,"3,7,2","6,9,2"
347b5251,oscars_grind,4,25,1025,1000,-25,L,15,21,0,0,2,2,3,"5,J","2,9,Q"
347b5251,oscars_grind,5,25,1000,975,-25,L,17,19,0,0,10,2,2,"8,9","10,9"
347b5251,oscars_grind,6,25,975,950,-25,L,22,18,0,0,K,3,2,"5,K,7","K,8"
347b5251,oscars_grind,7,25,950,925,-25,L,22,18,0,0,K,3,2,"2,10,Q","K,8"
347b5251,oscars_grind,8,25,925,900,-25,L,17,18,0,0,9,2,3,"10,7","9,2,7"
347b5251,oscars_grind,9,25,900,875,-25,L,23,18,0,0,8,3,2,"3,10,J","8,K"
347b5251,oscars_grind,10,25,875,850,-25,L,24,20,0,0,J,3,2,"6,Q,8","J,J"
347b5251,oscars_grind,11,25,850,825,-25,L,14,17,0,0,3,2,3,"4,Q","3,3,A"
347b5251,oscars_grind,12,25,825,800,-25,L,24,16,0,0,10,3,2,"5,Q,9","10,6"
347b5251,oscars_grind,13,25,800,825,25,W,18,25,0,0,J,2,3,"K,8","J,5,J"
347b5251,oscars_grind,14,50,825,875,50,W,20,22,0,0,Q,2,4,"Q,10","Q,2,2,8"
347b5251,oscars_grind,15,75,875,800,-75,L,17,20,0,0,K,3,2,"4,3,10","K,10"
347b5251,oscars_grind,16,75,800,725,-75,L,17,19,0,0,9,3,2,"2,Q,5","9,J"
347b5251,oscars_grind,17,75,725,650,-75,L,17,19,0,0,10,2,2,"J,7","10,9"
347b5251,oscars_grind,18,75,650,725,75,W,20,18,0,0,6,2,5,"K,10","6,2,4,A,5"
6cb41fb9,oscars_grind,1,25,1000,975,-25,L,17,20,0,0,Q,3,2,"5,7,5","Q,Q"
6cb41fb9,oscars_grind,2,25,975,1025,50,W,21,20,0,0,2,3,3,"4,7,J","2,Q,8"
6cb41fb9,oscars_grind,3,50,1025,975,-50,L,23,12,0,0,J,4,2,"10,4,A,8","J,2"
6cb41fb9,oscars_grind,4,50,975,1025,50,W,13,23,0,0,5,3,3,"6,2,5","5,9,9"
6cb41fb9,oscars_grind,5,75,1025,950,-75,L,13,19,0,0,3,2,4,"3,K","3,3,3,K"
6cb41fb9,oscars_grind,6,75,950,875,-75,L,23,13,0,0,7,3,2,"3,J,J","7,6"
6cb41fb9,oscars_grind,7,75,875,950,75,W,20,17,0,0,10,2,3,"Q,10","10,5,2"
6cb41fb9,oscars_grind,8,100,950,1050,100,W,19,17,0,0,10,2,3,"Q,9","10,3,4"
6cb41fb9,oscars_grind,9,25,1050,1075,25,W,18,17,0,0,10,3,2,"6,10,2","10,7"
6cb41fb9,oscars_grind,10,25,1075,1125,50,W,21,19,0,0,5,3,5,"3,8,Q","5,6,2,2,4"
6cb41fb9,oscars_grind,11,25,1125,1125,0,P,20,20,0,0,K,4,3,"5,2,3,J","K,4,6"
6cb41fb9,oscars_grind,12,25,1125,1150,25,W,14,24,0,0,2,2,4,"4,Q","2,9,3,Q"
6cb41fb9,oscars_grind,13,25,1150,1175,25,W,19,26,0,0,9,2,4,"J,9","9,2,5,10"
6cb41fb9,oscars_grind,14,25,1175,1150,-25,L,26,19,0,0,9,3,2,"9,7,K","9,Q"
6cb41fb9,oscars_grind,15,25,1150,1125,-25,L,24,18,0,0,8,3,2,"4,J,J","8,J"
6cb41fb9,oscars_grind,16,25,1125,1162,37,W,21,7,1,0,4,2,2,"10,A","4,3"
6cb41fb9,oscars_grind,17,50,1162,1112,-50,L,24,18,0,0,7,4,2,"4,10,2,8","7,A"
6cb41fb9,oscars_grind,18,50,1112,1162,50,W,12,25,0,0,5,2,3,"K,2","5,K,Q"
951b8026,oscars_grind,1,25,1000,1025,25,W,20,18,0,0,2,2,3,"K,Q","2,7,9"
951b8026,oscars_grind,2,25,1025,1050,25,W,19,23,0,0,K,4,3,"3,4,8,4","K,3,10"
951b8026,oscars_grind,3,25,1050,1025,-25,L,19,21,0,0,9,3,3,"3,A,5","9,2,Q"
951b8026,oscars_grind,4,25,1025,1000,-25,L,19,20,0,0,Q,5,2,"3,K,A,2,3","Q,K"
951b8026,oscars_grind,5,25,1000,975,-25,L,16,17,0,0,4,2,3,"A,5","4,2,A"
951b8026,oscars_grind,6,25,975,975,0,P,20,20,0,0,2,2,4,"Q,K","2,7,5,6"
951b8026,oscars_grind,7,25,975,950,-25,L,24,20,0,0,J,3,2,"7,7,K","J,K"
951b8026,oscars_grind,8,25,950,925,-25,L,22,18,0,0,8,3,2,"K,6,6","8,K"
951b8026,oscars_grind,9,25,925,950,25,W,19,18,0,0,3,2,4,"J,9","3,4,7,4"
951b8026,oscars_grind,10,50,950,900,-50,L,15,21,0,1,J,2,2,"5,J","J,A"
951b8026,oscars_grind,11,50,900,900,0,P,17,17,0,0,8,2,4,"7,J","8,5,A,3"
951b8026,oscars_grind,12,50,900,850,-50,L,24,16,0,0,10,3,2,"4,10,10","10,6"
951b8026,oscars_grind,13,50,850,850,0,P,19,19,0,0,9,3,2,"2,7,J","9,Q"
951b8026,oscars_grind,14,50,850,925,75,W,21,14,1,0,J,2,2,"A,K","J,4"
951b8026,oscars_grind,15,75,925,1000,75,W,13,23,0,0,6,2,3,"2,A","6,7,10"
951b8026,oscars_grind,16,100,1000,900,-100,L,19,21,0,1,J,2,2,"8,A","J,A"
951b8026,oscars_grind,17,100,900,1000,100,W,18,26,0,0,8,2,4,"10,8","8,4,4,K"
951b8026,oscars_grind,18,125,1000,875,-125,L,15,19,0,0,5,2,4,"J,5","5,A,7,6"
98f0de93,oscars_grind,1,25,1000,1025,25,W,20,23,0,0,K,2,3,"J,K","K,3,J"
98f0de93,oscars_grind,2,25,1025,1050,25,W,15,23,0,0,3,2,3,"5,Q","3,K,Q"
98f0de93,oscars_grind,3,25,1050,1100,50,W,15,23,0,0,4,3,3,"5,5,5","4,9,10"
98f0de93,oscars_grind,4,25,1100,1075,-25,L,12,18,0,0,4,2,3,"7,5","4,6,8"
98f0de93,oscars_grind,5,25,1075,1100,25,W,18,17,0,0,7,4,2,"5,3,4,6","7,Q"
98f0de93,oscars_grind,6,50,1100,1150,50,W,19,17,0,0,4,2,5,"Q,9","4,4,4,3,2"
98f0de93,oscars_grind,7,25,1150,1125,-25,L,13,20,0,0,4,2,3,"5,8","4,7,9"
98f0de93,oscars_grind,8,25,1125,1100,-25,L,18,21,0,0,10,3,3,"6,3,9","10,3,8"
98f0de93,oscars_grind,9,25,1100,1137,37,W,21,16,1,0,8,2,2,"A,Q","8,8"
98f0de93,oscars_grind,10,50,1137,1212,75,W,21,4,1,0,2,2,2,"J,A","2,2"
98f0de93,oscars_grind,11,25,1212,1237,25,W,17,25,0,0,K,3,4,"3,Q,4","K,4,A,K"
98f0de93,oscars_grind,12,25,1237,1262,25,W,17,25,0,0,2,2,4,"K,7","2,3,K,J"
98f0de93,oscars_grind,13,25,1262,1287,25,W,20,19,0,0,9,2,2,"K,K","9,J"
98f0de93,oscars_grind,14,25,1287,1287,0,P,17,17,0,0,6,2,2,"J,7","6,A"
98f0de93,oscars_grind,15,25,1287,1262,-25,L,18,20,0,0,J,2,2,"Q,8","J,10"
98f0de93,oscars_grind,16,25,1262,1299,37,W,21,14,1,0,K,2,2,"A,K","K,4"
98f0de93,oscars_grind,17,50,1299,1349,50,W,19,25,0,0,9,3,4,"A,4,4","9,5,A,K"
98f0de93,oscars_grind,18,25,1349,1324,-25,L,22,17,0,0,K,3,2,"Q,2,10","K,7"
76ddef21,oscars_grind,1,25,1000,1037,37,W,21,5,1,0,2,2,2,"K,A","2,3"
76ddef21,oscars_grind,2,25,1037,1012,-25,L,22,19,0,0,J,3,2,"4,8,Q","J,9"
76ddef21,oscars_grind,3,25,1012,1037,25,W,18,17,0,0,9,2,3,"A,7","9,2,6"
76ddef21,oscars_grind,4,50,1037,987,-50,L,17,18,0,0,8,2,2,"J,7","8,K"
76ddef21,oscars_grind,5,50,987,1037,50,W,20,25,0,0,5,2,3,"10,J","5,J,Q"
76ddef21,oscars_grind,6,75,1037,962,-75,L,17,21,0,0,4,2,4,"7,Q","4,3,4,K"
76ddef21,oscars_grind,7,75,962,887,-75,L,26,20,0,0,Q,4,2,"7,6,3,K","Q,10"
76ddef21,oscars_grind,8,75,887,962,75,W,20,22,0,0,5,2,3,"10,J","5,7,K"
76ddef21,oscars_grind,9,100,962,962,0,P,18,18,0,0,8,3,2,"4,3,A","8,Q"
76ddef21,oscars_grind,10,100,962,1112,150,W,21,13,1,0,10,2,2,"A,K","10,3"
76ddef21,oscars_grind,11,25,1112,1087,-25,L,24,12,0,0,Q,4,2,"2,4,9,9","Q,2"
76ddef21,oscars_grind,12,25,1087,1087,0,P,20,20,0,0,2,2,4,"J,10","2,J,A,7"
76ddef21,oscars_grind,13,25,1087,1112,25,W,19,22,0,0,8,4,4,"4,5,4,6","8,3,A,J"
76ddef21,oscars_grind,14,50,1112,1162,50,W,20,17,0,0,8,2,2,"Q,K","8,9"
76ddef21,oscars_grind,15,25,1162,1112,-50,L,18,21,0,0,3,3,3,"4,7,7","3,A,7"
76ddef21,oscars_grind,16,25,1112,1162,50,W,16,25,0,0,5,3,3,"8,2,6","5,J,10"
76ddef21,oscars_grind,17,50,1162,1112,-50,L,26,18,0,0,9,5,2,"4,A,A,K,K","9,9"
76ddef21,oscars_grind,18,50,1112,1187,75,W,21,11,1,0,7,2,2,"A,Q","7,4"
4c3ecfb2,oscars_grind,1,25,1000,975,-25,L,22,18,0,0,8,3,2,"K,2,10","8,10"
4c3ecfb2,oscars_grind,2,25,975,950,-25,L,15,21,0,0,2,2,4,"J,5","2,6,8,5"
4c3ecfb2,oscars_grind,3,25,950,925,-25,L,15,17,0,0,6,2,2,"9,6","6,A"
4c3ecfb2,oscars_grind,4,25,925,950,25,W,17,25,0,0,6,2,3,"Q,7","6,Q,9"
4c3ecfb2,oscars_grind,5,50,950,1025,75,W,21,7,1,0,2,2,2,"A,J","2,5"
4c3ecfb2,oscars_grind,6,75,1025,1100,75,W,19,22,0,0,10,4,3,"3,7,2,7","10,2,K"
4c3ecfb2,oscars_grind,7,25,1100,1125,25,W,19,22,0,0,7,3,3,"4,K,5","7,5,J"
4c3ecfb2,oscars_grind,8,25,1125,1100,-25,L,17,19,0,0,9,4,2,"6,2,6,3","9,10"
4c3ecfb2,oscars_grind,9,25,1100,1150,50,W,21,19,0,0,J,3,4,"8,3,K","J,2,2,5"
4c3ecfb2,oscars_grind,10,50,1150,1100,-50,L,26,13,0,0,Q,3,2,"10,6,Q","Q,3"
4c3ecfb2,oscars_grind,11,50,1100,1100,0,P,20,20,0,0,Q,3,2,"5,5,Q","Q,Q"
4c3ecfb2,oscars_grind,12,50,1100,1175,75,W,21,20,1,0,10,2,2,"J,A","10,10"
4c3ecfb2,oscars_grind,13,75,1175,1100,-75,L,14,21,0,0,6,2,3,"9,5","6,5,K"
4c3ecfb2,oscars_grind,14,75,1100,1025,-75,L,24,20,0,0,Q,4,2,"Q,3,A,K","Q,Q"
4c3ecfb2,oscars_grind,15,75,1025,1100,75,W,21,18,0,0,7,3,3,"3,Q,8","7,3,8"
4c3ecfb2,oscars_grind,16,100,1100,1250,150,W,21,13,1,0,J,2,2,"A,K","J,3"
4c3ecfb2,oscars_grind,17,25,1250,1225,-25,L,17,18,0,0,8,4,2,"2,5,3,7","8,J"
4c3ecfb2,oscars_grind,18,25,1225,1200,-25,L,25,17,0,0,7,4,2,"3,9,3,10","7,J"
95e03910,oscars_grind,1,25,1000,1025,25,W,21,17,0,0,J,3,2,"2,J,9","J,7"
95e03910,oscars_grind,2,25,1025,1050,25,W,15,26,0,0,3,2,4,"9,6","3,J,3,10"
95e03910,oscars_grind,3,25,1050,1025,-25,L,23,12,0,0,K,4,2,"3,4,6,10","K,2"
95e03910,oscars_grind,4,25,1025,1025,0,P,19,19,0,0,4,3,3,"5,3,A","4,4,A"
95e03910,oscars_grind,5,25,1025,1050,25,W,17,23,0,0,3,2,4,"7,Q","3,2,K,8"
95e03910,oscars_grind,6,50,1050,1125,75,W,21,15,1,0,5,2,2,"A,10","5,K"
95e03910,oscars_grind,7,25,1125,1150,25,W,15,25,0,0,2,3,4,"2,3,Q","2,8,5,J"
95e03910,oscars_grind,8,25,1150,1125,-25,L,15,19,0,0,3,2,3,"K,5","3,6,Q"
95e03910,oscars_grind,9,25,1125,1150,25,W,20,17,0,0,7,3,2,"8,6,6","7,Q"
95e03910,oscars_grind,10,50,1150,1100,-50,L,17,18,0,0,7,2,2,"8,9","7,A"
95e03910,oscars_grind,11,50,1100,1050,-50,L,19,20,0,0,Q,2,2,"10,9","Q,J"
95e03910,oscars_grind,12,50,1050,1100,50,W,20,17,0,0,7,2,3,"Q,10","7,5,5"
95e03910,oscars_grind,13,75,1100,1025,-75,L,17,21,0,0,4,2,3,"9,8","4,10,7"
95e03910,oscars_grind,14,75,1025,1100,75,W,20,19,0,0,2,2,3,"K,10","2,6,A"
95e03910,oscars_grind,15,100,1100,1200,100,W,20,17,0,0,Q,3,2,"K,6,4","Q,7"
95e03910,oscars_grind,16,25,1200,1225,25,W,12,24,0,0,4,2,3,"3,9","4,K,Q"
95e03910,oscars_grind,17,25,1225,1250,25,W,18,17,0,0,A,3,2,"A,4,3","A,6"
95e03910,oscars_grind,18,25,1250,1225,-25,L,18,19,0,0,Q,2,2,"8,J","Q,9"
d920785d,oscars_grind,1,25,1000,1037,37,W,21,11,1,0,7,2,2,"K,A","7,4"
d920785d,oscars_grind,2,25,1037,1012,-25,L,17,19,0,0,9,3,2,"7,8,2","9,Q"
d920785d,oscars_grind,3,25,1012,1037,25,W,18,17,0,0,2,2,5,"8,10","2,J,A,3,A"
d920785d,oscars_grind,4,50,1037,1087,50,W,19,18,0,0,8,2,2,"9,Q","8,K"
d920785d,oscars_grind,5,25,1087,1062,-25,L,25,20,0,0,Q,3,2,"7,8,J","Q,Q"
d920785d,oscars_grind,6,25,1062,1037,-25,L,15,18,0,0,5,2,3,"5,J","5,4,9"
d920785d,oscars_grind,7,25,1037,1012,-25,L,18,19,0,0,10,2,2,"8,K","10,9"
d920785d,oscars_grind,8,25,1012,1012,0,P,19,19,0,0,J,3,2,"3,6,J","J,9"
d920785d,oscars_grind,9,25,1012,1037,25,W,19,17,0,0,A,3,3,"10,4,5","A,3,3"
d920785d,oscars_grind,10,50,1037,987,-50,L,15,21,0,0,4,2,3,"5,10","4,A,6"
d920785d,oscars_grind,11,50,987,937,-50,L,19,21,0,1,A,2,2,"8,A","A,10"
d920785d,oscars_grind,12,50,937,887,-50,L,18,20,0,0,10,3,2,"J,5,3","10,J"
d920785d,oscars_grind,13,50,887,937,50,W,21,19,0,0,5,4,3,"5,2,4,K","5,K,4"
d920785d,oscars_grind,14,75,937,1012,75,W,21,20,0,0,J,3,3,"2,Q,9","J,3,7"
d920785d,oscars_grind,15,100,1012,1112,100,W,20,23,0,0,7,5,3,"8,4,A,A,6","7,7,9"
d920785d,oscars_grind,16,25,1112,1087,-25,L,22,17,0,0,7,3,2,"K,3,9","7,10"
d920785d,oscars_grind,17,25,1087,1062,-25,L,17,21,0,0,4,2,5,"6,A","4,8,A,2,6"
d920785d,oscars_grind,18,25,1062,1099,37,W,21,14,1,0,4,2,2,"Q,A","4,K"
45b4ee51,oscars_grind,1,25,1000,1025,25,W,20,19,0,0,10,2,2,"10,K","10,9"
45b4ee51,oscars_grind,2,25,1025,1050,25,W,20,25,0,0,8,2,3,"J,10","8,7,10"
45b4ee51,oscars_grind,3,25,1050,1075,25,W,16,24,0,0,5,2,3,"6,Q","5,9,K"
45b4ee51,oscars_grind,4,25,1075,1050,-25,L,26,15,0,0,K,4,2,"7,8,A,K","K,5"
45b4ee51,oscars_grind,5,25,1050,1025,-25,L,25,16,0,0,Q,4,2,"3,2,J,J","Q,6"
45b4ee51,oscars_grind,6,25,1025,1000,-25,L,23,13,0,0,Q,4,2,"2,10,A,K","Q,3"
45b4ee51,oscars_grind,7,25,1000,1037,37,W,21,10,1,0,7,2,2,"A,J","7,3"
45b4ee51,oscars_grind,8,50,1037,987,-50,L,25,11,0,0,7,3,2,"9,7,9","7,4"
45b4ee51,oscars_grind,9,50,987,1062,75,W,21,6,1,0,2,2,2,"A,K","2,4"
45b4ee51,oscars_grind,10,75,1062,987,-75,L,22,10,0,0,8,3,2,"2,10,K","8,2"
45b4ee51,oscars_grind,11,75,987,837,-150,L,13,20,0,0,Q,3,2,"4,7,2","Q,10"
45b4ee51,oscars_grind,12,75,837,762,-75,L,13,21,0,0,4,2,3,"K,3","4,9,8"
45b4ee51,oscars_grind,13,75,762,687,-75,L,14,17,0,0,4,2,3,"6,8","4,J,3"
45b4ee51,oscars_grind,14,75,687,762,75,W,19,22,0,0,J,2,3,"9,J","J,6,6"
45b4ee51,oscars_grind,15,100,762,662,-100,L,24,20,0,0,Q,3,2,"4,K,K","Q,Q"
45b4ee51,oscars_grind,16,100,662,762,100,W,16,22,0,0,3,2,3,"K,6","3,10,9"
45b4ee51,oscars_grind,17,125,762,637,-125,L,18,20,0,0,3,2,3,"7,A","3,A,6"
45b4ee51,oscars_grind,18,125,637,512,-125,L,24,18,0,0,9,3,2,"J,4,K","9,9"
2ddcf580,oscars_grind,1,25,1000,1025,25,W,20,17,0,0,7,2,2,"9,A","7,J"
2ddcf580,oscars_grind,2,25,1025,1062,37,W,21,10,1,0,5,2,2,"10,A","5,5"
2ddcf580,oscars_grind,3,25,1062,1037,-25,L,13,17,0,0,2,2,3,"A,2","2,5,J"
2ddcf580,oscars_grind,4,25,1037,1062,25,W,19,22,0,0,9,3,3,"K,5,4","9,3,J"
2ddcf580,oscars_grind,5,50,1062,1112,50,W,17,26,0,0,2,2,4,"10,7","2,K,4,10"
2ddcf580,oscars_grind,6,25,1112,1112,0,P,20,20,0,0,J,2,2,"J,Q","J,10"
2ddcf580,oscars_grind,7,25,1112,1087,-25,L,13,21,0,0,3,3,4,"4,8,A","3,A,8,9"
2ddcf580,oscars_grind,8,25,1087,1037,-50,L,15,20,0,0,4,3,3,"9,2,4","4,9,7"
2ddcf580,oscars_grind,9,25,1037,1062,25,W,14,22,0,0,5,2,4,"6,8","5,A,9,7"
2ddcf580,oscars_grind,10,50,1062,1012,-50,L,12,17,0,0,4,2,3,"A,A","4,6,7"
2ddcf580,oscars_grind,11,50,1012,1012,0,P,17,17,0,0,Q,3,2,"4,6,7","Q,7"
2ddcf580,oscars_grind,12,50,1012,1012,0,P,17,17,0,0,7,2,2,"A,6","7,Q"
2ddcf580,oscars_grind,13,50,1012,1062,50,W,13,24,0,0,2,2,4,"K,3","2,3,9,Q"
2ddcf580,oscars_grind,14,75,1062,1062,0,P,20,20,0,0,Q,3,2,"2,8,K","Q,J"
2ddcf580,oscars_grind,15,75,1062,1062,0,P,19,19,0,0,2,2,4,"8,A","2,5,4,8"
2ddcf580,oscars_grind,16,75,1062,987,-75,L,19,21,0,0,J,3,4,"7,2,K","J,3,3,5"
2ddcf580,oscars_grind,17,75,987,912,-75,L,24,19,0,0,9,3,2,"Q,4,J","9,J"
2ddcf580,oscars_grind,18,75,912,837,-75,L,22,13,0,0,Q,4,2,"A,A,10,K","Q,3"
b3002ff1,oscars_grind,1,25,1000,1000,0,P,17,17,0,0,6,3,2,"2,9,6","6,A"
b3002ff1,oscars_grind,2,25,1000,1050,50,W,17,23,0,0,J,3,3,"8,3,6","J,5,8"
b3002ff1,oscars_grind,3,25,1050,1087,37,W,21,18,1,0,10,2,2,"A,10","10,8"
b3002ff1,oscars_grind,4,25,1087,1112,25,W,20,18,0,0,3,2,4,"K,10","3,5,4,6"
b3002ff1,oscars_grind,5,25,1112,1087,-25,L,11,21,0,1,10,2,2,"3,8","10,A"
b3002ff1,oscars_grind,6,25,1087,1062,-25,L,18,21,0,0,10,3,3,"K,4,4","10,4,7"
b3002ff1,oscars_grind,7,25,1062,1037,-25,L,19,21,0,0,2,2,5,"8,A","2,2,2,7,8"
b3002ff1,oscars_grind,8,25,1037,1012,-25,L,18,20,0,0,10,2,2,"8,10","10,J"
b3002ff1,oscars_grind,9,25,1012,1037,25,W,20,18,0,0,7,2,2,"J,Q","7,A"
b3002ff1,oscars_grind,10,50,1037,1087,50,W,18,22,0,0,4,2,4,"7,A","4,6,5,7"
b3002ff1,oscars_grind,11,75,1087,1087,0,P,17,17,0,0,2,2,4,"7,J","2,5,3,7"
b3002ff1,oscars_grind,12,75,1087,1162,75,W,20,17,0,0,2,2,3,"Q,K","2,6,9"
b3002ff1,oscars_grind,13,25,1162,1137,-25,L,22,12,0,0,J,3,2,"J,2,J","J,2"
b3002ff1,oscars_grind,14,25,1137,1187,50,W,16,23,0,0,3,3,3,"6,3,7","3,Q,Q"
b3002ff1,oscars_grind,15,50,1187,1237,50,W,20,17,0,0,9,3,2,"Q,5,5","9,8"
b3002ff1,oscars_grind,16,25,1237,1212,-25,L,16,21,0,0,4,2,3,"6,10","4,7,K"
b3002ff1,oscars_grind,17,25,1212,1187,-25,L,24,14,0,0,K,4,2,"K,5,A,8","K,4"
b3002ff1,oscars_grind,18,25,1187,1187,0,P,19,19,0,0,9,4,2,"3,9,A,6","9,J"
ea2a3968,oscars_grind,1,25,1000,975,-25,L,17,18,0,0,Q,2,4,"10,7","Q,3,A,4"
ea2a3968,oscars_grind,2,25,975,1025,50,W,18,26,0,0,5,3,4,"3,7,8","5,5,6,J"
ea2a3968,oscars_grind,3,50,1025,975,-50,L,24,19,0,0,9,3,2,"6,J,8","9,K"
ea2a3968,oscars_grind,4,50,975,1025,50,W,19,17,0,0,6,2,3,"9,J","6,2,9"
ea2a3968,oscars_grind,5,75,1025,950,-75,L,23,14,0,0,K,3,2,"7,6,J","K,4"
ea2a3968,oscars_grind,6,75,950,875,-75,L,18,19,0,0,A,2,2,"J,8","A,8"
ea2a3968,oscars_grind,7,75,875,725,-150,L,14,18,0,0,8,3,2,"4,7,3","8,K"
ea2a3968,oscars_grind,8,75,725,800,75,W,18,22,0,0,10,3,3,"A,A,6","10,2,K"
ea2a3968,oscars_grind,9,100,800,700,-100,L,17,20,0,0,9,2,2,"7,Q","9,A"
ea2a3968,oscars_grind,10,100,700,800,100,W,15,22,0,0,6,2,3,"9,6","6,Q,6"
ea2a3968,oscars_grind,11,125,800,925,125,W,20,19,0,0,8,2,3,"J,Q","8,8,3"
ea2a3968,oscars_grind,12,150,925,1225,300,W,21,25,0,0,2,3,4,"9,2,10","2,3,10,10"
ea2a3968,oscars_grind,13,25,1225,1200,-25,L,14,18,0,0,3,2,3,"6,8","3,10,5"
ea2a3968,oscars_grind,14,25,1200,1175,-25,L,15,17,0,0,2,2,4,"Q,5","2,2,A,2"
ea2a3968,oscars_grind,15,25,1175,1212,37,W,21,14,1,0,4,2,2,"A,K","4,Q"
ea2a3968,oscars_grind,16,50,1212,1162,-50,L,16,21,0,0,2,2,3,"8,8","2,J,9"
ea2a3968,oscars_grind,17,50,1162,1112,-50,L,26,17,0,0,Q,5,2,"4,6,5,A,K","Q,7"
ea2a3968,oscars_grind,18,50,1112,1162,50,W,19,18,0,0,A,3,3,"5,8,6","A,4,3"
14e5b89e,oscars_grind,1,25,1000,975,-25,L,16,19,0,0,3,2,4,"10,6","3,4,8,4"
14e5b89e,oscars_grind,2,25,975,1000,25,W,20,24,0,0,8,3,3,"J,6,4","8,6,Q"
14e5b89e,oscars_grind,3,50,1000,1100,100,W,20,18,0,0,4,3,5,"8,2,K","4,2,4,3,5"
14e5b89e,oscars_grind,4,25,1100,1125,25,W,20,17,0,0,10,2,2,"10,K","10,7"
14e5b89e,oscars_grind,5,25,1125,1150,25,W,20,17,0,0,A,2,2,"Q,J","A,6"
14e5b89e,oscars_grind,6,25,1150,1125,-25,L,18,20,0,0,K,3,2,"7,7,4","K,Q"
14e5b89e,oscars_grind,7,25,1125,1150,25,W,18,22,0,0,5,3,4,"2,5,A","5,6,3,8"
14e5b89e,oscars_grind,8,50,1150,1200,50,W,19,18,0,0,8,5,2,"A,A,2,Q,5","8,K"
14e5b89e,oscars_grind,9,25,1200,1225,25,W,19,17,0,0,2,2,3,"9,Q","2,Q,5"
14e5b89e,oscars_grind,10,25,1225,1250,25,W,19,24,0,0,Q,3,3,"8,5,6","Q,4,K"
14e5b89e,oscars_grind,11,25,1250,1225,-25,L,22,11,0,0,8,4,2,"6,3,3,Q","8,3"
14e5b89e,oscars_grind,12,25,1225,1200,-25,L,12,19,0,0,6,2,3,"2,J","6,3,10"
14e5b89e,oscars_grind,13,25,1200,1237,37,W,21,18,1,0,8,2,2,"Q,A","8,10"
14e5b89e,oscars_grind,14,50,1237,1187,-50,L,13,20,0,0,2,3,4,"2,2,9","2,4,3,A"
14e5b89e,oscars_grind,15,50,1187,1262,75,W,21,19,1,0,9,2,2,"J,A","9,K"
14e5b89e,oscars_grind,16,75,1262,1337,75,W,18,23,0,0,K,2,3,"8,10","K,5,8"
14e5b89e,oscars_grind,17,25,1337,1287,-50,L,13,20,0,0,J,3,2,"6,5,2","J,10"
14e5b89e,oscars_grind,18,25,1287,1262,-25,L,25,19,0,0,J,3,2,"K,5,J","J,9"
6c51c0a4,oscars_grind,1,25,1000,975,-25,L,22,13,0,0,3,3,2,"2,K,K","3,10"
6c51c0a4,oscars_grind,2,25,975,1000,25,W,21,23,0,0,Q,3,3,"Q,4,7","Q,4,9"
6c51c0a4,oscars_grind,3,50,1000,950,-50,L,11,21,0,1,A,2,2,"4,7","A,10"
6c51c0a4,oscars_grind,4,50,950,1000,50,W,15,22,0,0,6,2,3,"A,4","6,Q,6"
6c51c0a4,oscars_grind,5,75,1000,925,-75,L,24,18,0,0,8,4,2,"7,2,5,10","8,10"
6c51c0a4,oscars_grind,6,75,925,1000,75,W,14,22,0,0,3,2,4,"9,5","3,K,A,8"
6c51c0a4,oscars_grind,7,100,1000,1100,100,W,20,18,0,0,8,2,2,"K,10","8,10"
6c51c0a4,oscars_grind,8,25,1100,1125,25,W,18,24,0,0,4,2,3,"9,9","4,J,K"
6c51c0a4,oscars_grind,9,25,1125,1100,-25,L,18,21,0,0,6,2,3,"10,8","6,5,Q"
6c51c0a4,oscars_grind,10,25,1100,1075,-25,L,15,19,0,0,3,2,4,"7,8","3,2,4,J"
6c51c0a4,oscars_grind,11,25,1075,1100,25,W,15,23,0,0,3,2,3,"5,J","3,K,K"
6c51c0a4,oscars_grind,12,50,1100,1050,-50,L,18,21,0,0,6,2,4,"10,8","6,5,2,8"
6c51c0a4,oscars_grind,13,50,1050,1000,-50,L,17,18,0,0,A,3,3,"2,5,J","A,A,6"
6c51c0a4,oscars_grind,14,50,1000,950,-50,L,14,21,0,1,A,2,2,"4,10","A,Q"
6c51c0a4,oscars_grind,15,50,950,1000,50,W,16,23,0,0,5,2,3,"K,6","5,Q,8"
6c51c0a4,oscars_grind,16,75,1000,1075,75,W,17,25,0,0,Q,3,3,"5,8,4","Q,5,K"
6c51c0a4,oscars_grind,17,100,1075,975,-100,L,24,10,0,0,8,3,2,"Q,5,9","8,2"
6c51c0a4,oscars_grind,18,100,975,875,-100,L,16,20,0,0,4,2,4,"5,A","4,6,2,8"
cbe1aac7,oscars_grind,1,25,1000,1050,50,W,21,17,0,0,2,3,3,"2,9,10","2,8,7"
cbe1aac7,oscars_grind,2,25,1050,1100,50,W,18,22,0,0,2,3,4,"6,5,7","2,4,7,9"
cbe1aac7,oscars_grind,3,25,1100,1125,25,W,20,18,0,0,A,2,2,"K,10","A,7"
cbe1aac7,oscars_grind,4,25,1125,1100,-25,L,23,18,0,0,A,3,2,"K,5,8","A,7"
cbe1aac7,oscars_grind,5,25,1100,1075,-25,L,23,20,0,0,10,4,2,"5,A,10,7","10,J"
cbe1aac7,oscars_grind,6,25,1075,1050,-25,L,22,15,0,0,7,3,2,"4,K,8","7,8"
cbe1aac7,oscars_grind,7,25,1050,1050,0,P,18,18,0,0,8,2,2,"Q,8","8,10"
cbe1aac7,oscars_grind,8,25,1050,1075,25,W,20,18,0,0,6,2,4,"K,J","6,5,5,2"
cbe1aac7,oscars_grind,9,50,1075,1125,50,W,21,23,0,0,8,5,3,"A,A,3,7,9","8,5,J"
cbe1aac7,oscars_grind,10,75,1125,1200,75,W,20,19,0,0,Q,2,2,"Q,10","Q,9"
cbe1aac7,oscars_grind,11,25,1200,1175,-25,L,18,21,0,0,10,3,3,"A,3,4","10,6,5"
cbe1aac7,oscars_grind,12,25,1175,1150,-25,L,22,4,0,0,2,3,2,"2,10,K","2,2"
cbe1aac7,oscars_grind,13,25,1150,1125,-25,L,19,20,0,0,Q,2,2,"A,8","Q,J"
cbe1aac7,oscars_grind,14,25,1125,1150,25,W,14,22,0,0,2,2,5,"4,Q","2,2,2,J,6"
cbe1aac7,oscars_grind,15,50,1150,1225,75,W,21,13,1,0,9,2,2,"A,J","9,4"
cbe1aac7,oscars_grind,16,75,1225,1150,-75,L,25,20,0,0,K,6,2,"2,3,5,5,A,9","K,K"
cbe1aac7,oscars_grind,17,75,1150,1075,-75,L,17,20,0,0,J,3,2,"4,3,10","J,10"
cbe1aac7,oscars_grind,18,75,1075,1075,0,P,21,21,0,0,8,3,3,"3,9,9","8,6,7"
2719c56e,oscars_grind,1,25,1000,1025,25,W,20,18,0,0,K,3,2,"J,4,6","K,8"
2719c56e,oscars_grind,2,25,1025,1000,-25,L,20,21,0,0,6,2,3,"Q,Q","6,6,9"
2719c56e,oscars_grind,3,25,1000,1025,25,W,17,22,0,0,Q,4,3,"2,J,A,4","Q,3,9"
2719c56e,oscars_grind,4,50,1025,975,-50,L,18,20,0,0,K,2,2,"8,J","K,Q"
2719c56e,oscars_grind,5,50,975,1025,50,W,20,18,0,0,2,2,4,"Q,K","2,A,10,5"
2719c56e,oscars_grind,6,75,1025,950,-75,L,15,21,0,0,4,2,3,"Q,5","4,9,8"
2719c56e,oscars_grind,7,75,950,1062,112,W,21,18,1,0,K,2,2,"J,A","K,8"
2719c56e,oscars_grind,8,100,1062,962,-100,L,14,21,0,1,A,2,2,"5,9","A,K"
2719c56e,oscars_grind,9,100,962,1112,150,W,21,9,1,0,7,2,2,"K,A","7,2"
2719c56e,oscars_grind,10,125,1112,987,-125,L,17,20,0,0,10,2,2,"A,6","10,10"
2719c56e,oscars_grind,11,125,987,862,-125,L,22,13,0,0,K,4,2,"A,5,6,J","K,3"
2719c56e,oscars_grind,12,125,862,612,-250,L,18,20,0,0,5,3,3,"4,5,9","5,4,A"
2719c56e,oscars_grind,13,125,612,737,125,W,20,17,0,0,J,2,2,"Q,10","J,7"
2719c56e,oscars_grind,14,150,737,887,150,W,19,18,0,0,3,2,4,"9,10","3,8,3,4"
2719c56e,oscars_grind,15,175,887,1237,350,W,21,20,0,0,4,3,3,"8,3,Q","4,10,6"
2719c56e,oscars_grind,16,25,1237,1212,-25,L,12,20,0,0,4,2,4,"K,2","4,8,3,5"
2719c56e,oscars_grind,17,25,1212,1187,-25,L,22,18,0,0,8,4,2,"A,A,J,10","8,K"
2719c56e,oscars_grind,18,25,1187,1187,0,P,20,20,0,0,4,2,4,"K,K","4,7,3,6"
89c4059e,oscars_grind,1,25,1000,1025,25,W,19,18,0,0,J,2,3,"A,8","J,3,5"
89c4059e,oscars_grind,2,25,1025,1000,-25,L,13,19,0,0,5,2,3,"3,Q","5,Q,4"
89c4059e,oscars_grind,3,25,1000,1025,25,W,19,17,0,0,Q,3,2,"6,8,5","Q,7"
89c4059e,oscars_grind,4,50,1025,1075,50,W,13,23,0,0,2,2,4,"3,J","2,Q,A,10"
89c4059e,oscars_grind,5,25,1075,1050,-25,L,17,19,0,0,9,2,2,"8,9","9,J"
89c4059e,oscars_grind,6,25,1050,1087,37,W,21,16,1,0,9,2,2,"A,K","9,7"
89c4059e,oscars_grind,7,50,1087,1037,-50,L,16,21,0,1,10,2,2,"A,5","10,A"
89c4059e,oscars_grind,8,50,1037,1087,50,W,20,18,0,0,8,2,2,"K,Q","8,10"
89c4059e,oscars_grind,9,75,1087,1199,112,W,21,13,1,0,7,2,2,"A,J","7,6"
89c4059e,oscars_grind,10,25,1199,1174,-25,L,17,19,0,0,A,3,2,"5,9,3","A,8"
89c4059e,oscars_grind,11,25,1174,1149,-25,L,16,18,0,0,4,2,3,"8,8","4,A,3"
89c4059e,oscars_grind,12,25,1149,1174,25,W,20,26,0,0,6,2,3,"K,10","6,Q,Q"
89c4059e,oscars_grind,13,50,1174,1124,-50,L,24,20,0,0,J,4,2,"2,8,6,8","J,Q"
89c4059e,oscars_grind,14,50,1124,1074,-50,L,20,21,0,1,A,2,2,"K,J","A,K"
89c4059e,oscars_grind,15,50,1074,1074,0,P,20,20,0,0,A,2,2,"K,Q","A,9"
89c4059e,oscars_grind,16,50,1074,1074,0,P,18,18,0,0,2,2,3,"J,8","2,8,8"
89c4059e,oscars_grind,17,50,1074,1124,50,W,19,25,0,0,K,2,3,"J,9","K,5,J"
89c4059e,oscars_grind,18,75,1124,1049,-75,L,17,21,0,0,2,3,4,"5,3,9","2,K,2,7"
43eb805e,oscars_grind,1,25,1000,1000,0,P,20,20,0,0,10,2,2,"J,Q","10,J"
43eb805e,oscars_grind,2,25,1000,1000,0,P,17,17,0,0,K,2,3,"7,Q","K,4,3"
43eb805e,oscars_grind,3,25,1000,975,-25,L,18,19,0,0,8,2,2,"9,9","8,A"
43eb805e,oscars_grind,4,25,975,1000,25,W,20,17,0,0,7,2,3,"10,J","7,2,8"
43eb805e,oscars_grind,5,50,1000,1050,50,W,20,17,0,0,A,2,2,"K,K","A,6"
43eb805e,oscars_grind,6,25,1050,1025,-25,L,13,20,0,0,2,2,3,"3,Q","2,8,K"
43eb805e,oscars_grind,7,25,1025,1050,25,W,21,17,0,0,9,3,2,"6,J,5","9,8"
43eb805e,oscars_grind,8,50,1050,1100,50,W,20,18,0,0,Q,2,3,"Q,Q","Q,4,4"
43eb805e,oscars_grind,9,25,1100,1125,25,W,21,18,0,0,8,4,2,"4,2,9,6","8,10"
43eb805e,oscars_grind,10,25,1125,1100,-25,L,12,17,0,0,6,2,2,"6,6","6,A"
43eb805e,oscars_grind,11,25,1100,1075,-25,L,25,18,0,0,J,3,2,"5,10,Q","J,8"
43eb805e,oscars_grind,12,25,1075,1050,-25,L,22,20,0,0,Q,3,2,"2,K,J","Q,Q"
43eb805e,oscars_grind,13,25,1050,1025,-25,L,11,21,0,1,A,2,2,"4,7","A,Q"
43eb805e,oscars_grind,14,25,1025,1075,50,W,21,19,0,0,7,3,3,"9,2,K","7,7,5"
43eb805e,oscars_grind,15,50,1075,1125,50,W,17,22,0,0,9,4,3,"2,5,6,4","9,3,Q"
43eb805e,oscars_grind,16,75,1125,975,-150,L,16,19,0,0,7,3,3,"8,2,6","7,7,5"
43eb805e,oscars_grind,17,75,975,1050,75,W,18,23,0,0,A,3,5,"6,2,J","A,A,Q,A,10"
43eb805e,oscars_grind,18,100,1050,1200,150,W,21,15,1,0,5,2,2,"10,A","5,Q"
7c8f67dd,oscars_grind,1,25,1000,1025,25,W,18,24,0,0,10,3,3,"4,9,5","10,4,K"
7c8f67dd,oscars_grind,2,25,1025,1000,-25,L,26,15,0,0,A,3,2,"6,10,K","A,4"
7c8f67dd,oscars_grind,3,25,1000,1000,0,P,17,17,0,0,7,2,3,"9,8","7,9,A"
7c8f67dd,oscars_grind,4,25,1000,975,-25,L,19,20,0,0,K,2,2,"8,A","K,J"
7c8f67dd,oscars_grind,5,25,975,950,-25,L,19,21,0,0,Q,2,3,"J,9","Q,5,6"
7c8f67dd,oscars_grind,6,25,950,950,0,P,18,18,0,0,9,4,3,"J,4,2,2","9,7,2"
7c8f67dd,oscars_grind,7,25,950,925,-25,L,24,16,0,0,8,4,2,"4,A,9,K","8,8"
7c8f67dd,oscars_grind,8,25,925,900,-25,L,22,15,0,0,10,4,2,"4,5,7,6","10,5"
7c8f67dd,oscars_grind,9,25,900,875,-25,L,22,10,0,0,8,3,2,"3,10,9","8,2"
7c8f67dd,oscars_grind,10,25,875,850,-25,L,22,15,0,0,K,3,2,"8,4,K","K,5"
7c8f67dd,oscars_grind,11,25,850,825,-25,L,19,20,0,0,10,2,3,"8,A","10,3,7"
7c8f67dd,oscars_grind,12,25,825,775,-50,L,17,18,0,0,4,3,3,"2,7,8","4,3,A"
7c8f67dd,oscars_grind,13,25,775,775,0,P,20,20,0,0,10,2,2,"K,J","10,10"
7c8f67dd,oscars_grind,14,25,775,750,-25,L,16,21,0,0,3,2,3,"J,6","3,7,A"
7c8f67dd,oscars_grind,15,25,750,725,-25,L,12,20,0,0,4,2,3,"8,4","4,6,10"
7c8f67dd,oscars_grind,16,25,725,750,25,W,20,26,0,0,8,2,3,"K,10","8,8,J"
7c8f67dd,oscars_grind,17,50,750,800,50,W,16,22,0,0,6,2,3,"5,A","6,6,J"
7c8f67dd,oscars_grind,18,75,800,725,-75,L,12,21,0,1,A,2,2,"3,9","A,Q"
565f3bb8,oscars_grind,1,25,1000,1025,25,W,21,20,0,0,J,4,2,"2,4,K,5","J,Q"
565f3bb8,oscars_grind,2,25,1025,1050,25,W,20,17,0,0,Q,4,2,"3,A,2,4","Q,7"
565f3bb8,oscars_grind,3,25,1050,1075,25,W,20,17,0,0,K,3,3,"10,6,4","K,4,3"
565f3bb8,oscars_grind,4,25,1075,1050,-25,L,14,18,0,0,3,3,3,"2,5,7","3,5,J"
565f3bb8,oscars_grind,5,25,1050,1025,-25,L,24,19,0,0,9,3,2,"7,7,K","9,J"
565f3bb8,oscars_grind,6,25,1025,1000,-25,L,6,21,0,1,Q,2,2,"3,3","Q,A"
565f3bb8,oscars_grind,7,25,1000,1025,25,W,18,17,0,0,A,2,2,"10,8","A,6"
565f3bb8,oscars_grind,8,50,1025,975,-50,L,18,19,0,0,2,2,4,"A,7","2,4,7,6"
565f3bb8,oscars_grind,9,50,975,1050,75,W,21,12,1,0,6,2,2,"A,Q","6,6"
565f3bb8,oscars_grind,10,75,1050,1125,75,W,15,22,0,0,3,3,3,"3,5,7","3,9,K"
565f3bb8,oscars_grind,11,25,1125,1100,-25,L,22,13,0,0,7,4,2,"5,A,6,Q","7,6"
565f3bb8,oscars_grind,12,25,1100,1125,25,W,20,26,0,0,J,2,3,"J,10","J,6,J"
565f3bb8,oscars_grind,13,50,1125,1075,-50,L,16,17,0,0,6,2,3,"J,6","6,K,A"
565f3bb8,oscars_grind,14,50,1075,1150,75,W,21,13,1,0,5,2,2,"A,10","5,8"
565f3bb8,oscars_grind,15,75,1150,1225,75,W,20,26,0,0,K,2,3,"J,K","K,6,J"
565f3bb8,oscars_grind,16,25,1225,1200,-25,L,23,14,0,0,7,3,2,"9,4,J","7,7"
565f3bb8,oscars_grind,17,25,1200,1225,25,W,14,24,0,0,2,3,4,"4,5,5","2,8,6,8"
565f3bb8,oscars_grind,18,50,1225,1175,-50,L,23,17,0,0,7,3,2,"4,K,9","7,J"
90fad5bd,oscars_grind,1,25,1000,975,-25,L,18,20,0,0,K,2,2,"7,A","K,J"
90fad5bd,oscars_grind,2,25,975,1000,25,W,17,22,0,0,2,2,4,"10,7","2,3,Q,7"
90fad5bd,oscars_grind,3,50,1000,1050,50,W,18,26,0,0,6,3,3,"6,2,Q","6,10,Q"
90fad5bd,oscars_grind,4,25,1050,1000,-50,L,18,20,0,0,6,3,3,"6,4,8","6,K,4"
90fad5bd,oscars_grind,5,25,1000,1025,25,W,13,23,0,0,4,2,3,"5,8","4,10,9"
90fad5bd,oscars_grind,6,50,1025,1100,75,W,21,12,1,0,9,2,2,"10,A","9,3"
90fad5bd,oscars_grind,7,25,1100,1125,25,W,20,19,0,0,A,2,3,"10,K","A,4,4"
90fad5bd,oscars_grind,8,25,1125,1125,0,P,17,17,0,0,4,2,3,"6,A","4,J,3"
90fad5bd,oscars_grind,9,25,1125,1100,-25,L,16,20,0,0,5,2,6,"J,6","5,A,6,3,A,4"
90fad5bd,oscars_grind,10,25,1100,1050,-50,L,12,19,0,0,5,3,4,"7,2,3","5,2,3,9"
90fad5bd,oscars_grind,11,25,1050,1050,0,P,18,18,0,0,8,2,2,"A,7","8,Q"
90fad5bd,oscars_grind,12,25,1050,1075,25,W,20,19,0,0,8,2,2,"J,Q","8,A"
90fad5bd,oscars_grind,13,50,1075,1025,-50,L,19,20,0,0,7,2,3,"K,9","7,3,J"
90fad5bd,oscars_grind,14,50,1025,1025,0,P,17,17,0,0,10,2,3,"K,7","10,6,A"
90fad5bd,oscars_grind,15,50,1025,1075,50,W,17,24,0,0,2,2,4,"K,7","2,10,3,9"
90fad5bd,oscars_grind,16,75,1075,1000,-75,L,23,19,0,0,K,4,2,"9,4,A,9","K,9"
90fad5bd,oscars_grind,17,75,1000,925,-75,L,12,18,0,0,6,3,3,"3,3,6","6,K,2"
90fad5bd,oscars_grind,18,75,925,850,-75,L,18,21,0,1,A,2,2,"10,8","A,10"
0ad84ffd,oscars_grind,1,25,1000,975,-25,L,18,19,0,0,2,2,5,"A,7","2,5,2,4,6"
0ad84ffd,oscars_grind,2,25,975,1000,25,W,18,17,0,0,J,2,2,"J,8","J,7"
0ad84ffd,oscars_grind,3,50,1000,1050,50,W,20,25,0,0,10,2,3,"9,A","10,5,Q"
0ad84ffd,oscars_grind,4,25,1050,1075,25,W,19,17,0,0,6,4,4,"2,3,4,Q","6,3,3,5"
0ad84ffd,oscars_grind,5,25,1075,1050,-25,L,17,19,0,0,9,4,2,"2,6,8,A","9,10"
0ad84ffd,oscars_grind,6,25,1050,1025,-25,L,17,21,0,0,5,2,3,"7,J","5,A,5"
0ad84ffd,oscars_grind,7,25,1025,1000,-25,L,22,12,0,0,8,3,2,"2,10,Q","8,4"
0ad84ffd,oscars_grind,8,25,1000,1037,37,W,21,9,1,0,4,2,2,"A,Q","4,5"
0ad84ffd,oscars_grind,9,50,1037,1087,50,W,21,19,0,0,3,3,3,"Q,2,9","3,Q,6"
0ad84ffd,oscars_grind,10,75,1087,1199,112,W,21,16,1,0,K,2,2,"A,K","K,6"
0ad84ffd,oscars_grind,11,25,1199,1224,25,W,20,18,0,0,9,2,3,"J,J","9,3,6"
0ad84ffd,oscars_grind,12,25,1224,1249,25,W,20,18,0,0,8,2,2,"K,10","8,Q"
0ad84ffd,oscars_grind,13,25,1249,1224,-25,L,8,21,0,1,10,2,2,"6,2","10,A"
0ad84ffd,oscars_grind,14,25,1224,1199,-25,L,17,19,0,0,A,2,2,"7,Q","A,8"
0ad84ffd,oscars_grind,15,25,1199,1224,25,W,15,22,0,0,2,2,4,"5,J","2,A,10,9"
0ad84ffd,oscars_grind,16,50,1224,1274,50,W,19,22,0,0,8,4,3,"3,J,2,4","8,4,10"
0ad84ffd,oscars_grind,17,25,1274,1249,-25,L,26,19,0,0,10,3,2,"6,Q,K","10,9"
0ad84ffd,oscars_grind,18,25,1249,1224,-25,L,25,20,0,0,Q,3,2,"Q,5,10","Q,J"
3e11483f,oscars_grind,1,25,1000,1025,25,W,19,18,0,0,A,3,4,"10,4,5","A,5,8,4"
3e11483f,oscars_grind,2,25,1025,1050,25,W,20,17,0,0,3,2,4,"K,J","3,2,Q,2"
3e11483f,oscars_grind,3,25,1050,1025,-25,L,17,18,0,0,8,3,2,"5,Q,2","8,J"
3e11483f,oscars_grind,4,25,1025,1050,25,W,15,23,0,0,6,2,3,"9,6","6,K,7"
3e11483f,oscars_grind,5,50,1050,1125,75,W,21,14,1,0,4,2,2,"A,Q","4,K"
3e11483f,oscars_grind,6,25,1125,1100,-25,L,23,16,0,0,K,3,2,"7,6,10","K,6"
3e11483f,oscars_grind,7,25,1100,1075,-25,L,19,20,0,0,A,3,5,"6,10,3","A,2,3,7,7"
3e11483f,oscars_grind,8,25,1075,1050,-25,L,22,12,0,0,2,3,2,"Q,2,K","2,J"
3e11483f,oscars_grind,9,25,1050,1025,-25,L,24,20,0,0,K,3,2,"10,4,10","K,J"
3e11483f,oscars_grind,10,25,1025,1075,50,W,21,20,0,0,7,3,4,"9,2,Q","7,4,A,8"
3e11483f,oscars_grind,11,50,1075,1125,50,W,14,26,0,0,6,2,3,"9,5","6,Q,J"
3e11483f,oscars_grind,12,75,1125,1050,-75,L,14,19,0,0,3,2,3,"3,A","3,6,J"
3e11483f,oscars_grind,13,75,1050,1125,75,W,20,24,0,0,Q,2,3,"K,K","Q,4,J"
3e11483f,oscars_grind,14,100,1125,1025,-100,L,25,13,0,0,J,3,2,"5,K,Q","J,3"
3e11483f,oscars_grind,15,100,1025,925,-100,L,15,17,0,0,6,2,3,"6,9","6,J,A"
3e11483f,oscars_grind,16,100,925,825,-100,L,23,17,0,0,8,3,2,"J,6,7","8,9"
3e11483f,oscars_grind,17,100,825,1025,200,W,21,24,0,0,J,3,4,"2,9,K","J,3,A,J"
3e11483f,oscars_grind,18,125,1025,1150,125,W,20,22,0,0,7,2,3,"K,Q","7,5,10"
2e58c02d,oscars_grind,1,25,1000,1025,25,W,20,18,0,0,3,2,3,"J,10","3,5,J"
2e58c02d,oscars_grind,2,25,1025,1050,25,W,20,19,0,0,10,3,2,"2,10,8","10,9"
2e58c02d,oscars_grind,3,25,1050,1050,0,P,18,18,0,0,3,3,4,"2,6,Q","3,6,2,7"
2e58c02d,oscars_grind,4,25,1050,1075,25,W,19,23,0,0,J,2,3,"Q,9","J,6,7"
2e58c02d,oscars_grind,5,25,1075,1050,-25,L,24,13,0,0,9,3,2,"6,8,10","9,4"
2e58c02d,oscars_grind,6,25,1050,1075,25,W,19,26,0,0,6,2,3,"9,J","6,10,10"
2e58c02d,oscars_grind,7,50,1075,1025,-50,L,16,20,0,0,3,3,3,"3,4,9","3,10,7"
2e58c02d,oscars_grind,8,50,1025,1075,50,W,20,26,0,0,K,3,3,"4,A,5","K,6,Q"
2e58c02d,oscars_grind,9,75,1075,1150,75,W,20,19,0,0,4,2,3,"9,A","4,4,A"
2e58c02d,oscars_grind,10,25,1150,1150,0,P,19,19,0,0,9,2,2,"9,J","9,Q"
2e58c02d,oscars_grind,11,25,1150,1125,-25,L,18,21,0,1,A,2,2,"J,8","A,10"
2e58c02d,oscars_grind,12,25,1125,1100,-25,L,15,18,0,0,4,2,4,"9,6","4,10,2,2"
2e58c02d,oscars_grind,13,25,1100,1125,25,W,21,25,0,0,6,4,3,"2,5,4,Q","6,Q,9"
2e58c02d,oscars_grind,14,50,1125,1075,-50,L,14,17,0,0,5,2,3,"3,A","5,K,2"
2e58c02d,oscars_grind,15,50,1075,1025,-50,L,22,17,0,0,7,3,2,"4,K,8","7,Q"
2e58c02d,oscars_grind,16,50,1025,1075,50,W,12,22,0,0,6,2,3,"9,3","6,6,10"
2e58c02d,oscars_grind,17,75,1075,1150,75,W,20,17,0,0,9,2,2,"K,Q","9,8"
2e58c02d,oscars_grind,18,100,1150,1250,100,W,17,23,0,0,J,2,3,"10,7","J,3,K"
