session_id,strategy,rounds,final_bankroll,net,win,lose,push,win_rate,avg_stake,max_drawdown,table_max_hits,bust,rules
72da39e5,flat,18,1000,0,8,10,0,0.4444444444444444,25.0,100,0,0,"{""num_decks"": 6, ""cut_card"": 52, ""dealer_hits_soft_17"": false, ""hole_card"": true, ""pay_bj"": 1.5, ""allow_double"": true, ""table_max"": 500}"
7f3e4a12,flat,18,850,-150,6,11,1,0.3333333333333333,25.0,200,0,0,"{""num_decks"": 6, ""cut_card"": 52, ""dealer_hits_soft_17"": false, ""hole_card"": true, ""pay_bj"": 1.5, ""allow_double"": true, ""table_max"": 500}"
d18b6adf,flat,18,1099,99,8,8,2,0.4444444444444444,25.0,75,0,0,"{""num_decks"": 6, ""cut_card"": 52, ""dealer_hits_soft_17"": false, ""hole_card"": true, ""pay_bj"": 1.5, ""allow_double"": true, ""table_max"": 500}"
23c0348c,flat,18,800,-200,5,11,2,0.2777777777777778,25.0,225,0,0,"{""num_decks"": 6, ""cut_card"": 52, ""dealer_hits_soft_17"": false, ""hole_card"": true, ""pay_bj"": 1.5, ""allow_double"": true, ""table_max"": 500}"
5e877cac,flat,18,1099,99,10,8,0,0.5555555555555556,25.0,50,0,0,"{""num_decks"": 6, ""cut_card"": 52, ""dealer_hits_soft_17"": false, ""hole_card"": true, ""pay_bj"": 1.5, ""allow_double"": true, ""table_max"": 500}"
2af7261a,flat,18,950,-50,7,9,2,0.3888888888888889,25.0,175,0,0,"{""num_decks"": 6, ""cut_card"": 52, ""dealer_hits_soft_17"": false, ""hole_card"": true, ""pay_bj"": 1.5, ""allow_double"": true, ""table_max"": 500}"
0bcb6b4e,flat,18,1037,37,9,9,0,0.5,25.0,138,0,0,"{""num_decks"": 6, ""cut_card"": 52, ""dealer_hits_soft_17"": false, ""hole_card"": true, ""pay_bj"": 1.5, ""allow_double"": true, ""table_max"": 500}"
20e7295b,flat,18,925,-75,6,10,2,0.3333333333333333,25.0,125,0,0,"{""num_decks"": 6, ""cut_card"": 52, ""dealer_hits_soft_17"": false, ""hole_card"": true, ""pay_bj"": 1.5, ""allow_double"": true, ""table_max"": 500}"
98dc7ea4,flat,18,1099,99,10,7,1,0.5555555555555556,25.0,100,0,0,"{""num_decks"": 6, ""cut_card"": 52, ""dealer_hits_soft_17"": false, ""hole_card"": true, ""pay_bj"": 1.5, ""allow_double"": true, ""table_max"": 500}"
e6bd7408,flat,18,1062,62,8,8,2,0.4444444444444444,25.0,100,0,0,"{""num_decks"": 6, ""cut_card"": 52, ""dealer_hits_soft_17"": false, ""hole_card"": true, ""pay_bj"": 1.5, ""allow_double"": true, ""table_max"": 500}"
e27fbd4b,flat,18,975,-25,7,10,1,0.3888888888888889,25.0,125,0,0,"{""num_decks"": 6, ""cut_card"": 52, ""dealer_hits_soft_17"": false, ""hole_card"": true, ""pay_bj"": 1.5, ""allow_double"": true, ""table_max"": 500}"
852ab28b,flat,18,912,-88,7,11,0,0.3888888888888889,25.0,125,0,0,"{""num_decks"": 6, ""cut_card"": 52, ""dealer_hits_soft_17"": false, ""hole_card"": true, ""pay_bj"": 1.5, ""allow_double"": true, ""table_max"": 500}"
613ff975,flat,18,1125,125,11,7,0,0.6111111111111112,25.0,150,0,0,"{""num_decks"": 6, ""cut_card"": 52, ""dealer_hits_soft_17"": false, ""hole_card"": true, ""pay_bj"": 1.5, ""allow_double"": true, ""table_max"": 500}"
59b782ff,flat,18,899,-101,7,11,0,0.3888888888888889,25.0,150,0,0,"{""num_decks"": 6, ""cut_card"": 52, ""dealer_hits_soft_17"": false, ""hole_card"": true, ""pay_bj"": 1.5, ""allow_double"": true, ""table_max"": 500}"
08a6185e,flat,18,925,-75,7,9,2,0.3888888888888889,25.0,175,0,0,"{""num_decks"": 6, ""cut_card"": 52, ""dealer_hits_soft_17"": false, ""hole_card"": true, ""pay_bj"": 1.5, ""allow_double"": true, ""table_max"": 500}"
6a0cd139,flat,18,950,-50,8,9,1,0.4444444444444444,25.0,100,0,0,"{""num_decks"": 6, ""cut_card"": 52, ""dealer_hits_soft_17"": false, ""hole_card"": true, ""pay_bj"": 1.5, ""allow_double"": true, ""table_max"": 500}"
fd98b273,flat,18,950,-50,6,8,4,0.3333333333333333,25.0,100,0,0,"{""num_decks"": 6, ""cut_card"": 52, ""dealer_hits_soft_17"": false, ""hole_card"": true, ""pay_bj"": 1.5, ""allow_double"": true, ""table_max"": 500}"
d24a9ce4,flat,18,1212,212,11,5,2,0.6111111111111112,25.0,75,0,0,"{""num_decks"": 6, ""cut_card"": 52, ""dealer_hits_soft_17"": false, ""hole_card"": true, ""pay_bj"": 1.5, ""allow_double"": true, ""table_max"": 500}"
f4e9df25,flat,18,1012,12,8,9,1,0.4444444444444444,25.0,175,0,0,"{""num_decks"": 6, ""cut_card"": 52, ""dealer_hits_soft_17"": false, ""hole_card"": true, ""pay_bj"": 1.5, ""allow_double"": true, ""table_max"": 500}"
371f020c,flat,18,887,-113,7,10,1,0.3888888888888889,25.0,150,0,0,"{""num_decks"": 6, ""cut_card"": 52, ""dealer_hits_soft_17"": false, ""hole_card"": true, ""pay_bj"": 1.5, ""allow_double"": true, ""table_max"": 500}"
cca1b1c5,flat,18,875,-125,5,12,1,0.2777777777777778,25.0,150,0,0,"{""num_decks"": 6, ""cut_card"": 52, ""dealer_hits_soft_17"": false, ""hole_card"": true, ""pay_bj"": 1.5, ""allow_double"": true, ""table_max"": 500}"
b5e8ed11,flat,18,962,-38,7,8,3,0.3888888888888889,25.0,100,0,0,"{""num_decks"": 6, ""cut_card"": 52, ""dealer_hits_soft_17"": false, ""hole_card"": true, ""pay_bj"": 1.5, ""allow_double"": true, ""table_max"": 500}"
fd60ea9a,flat,18,1024,24,9,9,0,0.5,25.0,175,0,0,"{""num_decks"": 6, ""cut_card"": 52, ""dealer_hits_soft_17"": false, ""hole_card"": true, ""pay_bj"": 1.5, ""allow_double"": true, ""table_max"": 500}"
d96243fe,flat,18,900,-100,6,9,3,0.3333333333333333,25.0,175,0,0,"{""num_decks"": 6, ""cut_card"": 52, ""dealer_hits_soft_17"": false, ""hole_card"": true, ""pay_bj"": 1.5, ""allow_double"": true, ""table_max"": 500}"
0978d654,flat,18,999,-1,8,10,0,0.4444444444444444,25.0,175,0,0,"{""num_decks"": 6, ""cut_card"": 52, ""dealer_hits_soft_17"": false, ""hole_card"": true, ""pay_bj"": 1.5, ""allow_double"": true, ""table_max"": 500}"
22393e0b,flat,18,1262,262,13,4,1,0.7222222222222222,25.0,25,0,0,"{""num_decks"": 6, ""cut_card"": 52, ""dealer_hits_soft_17"": false, ""hole_card"": true, ""pay_bj"": 1.5, ""allow_double"": true, ""table_max"": 500}"
f3ec4938,flat,18,875,-125,6,9,3,0.3333333333333333,25.0,150,0,0,"{""num_decks"": 6, ""cut_card"": 52, ""dealer_hits_soft_17"": false, ""hole_card"": true, ""pay_bj"": 1.5, ""allow_double"": true, ""table_max"": 500}"
3ed9c12c,flat,18,1162,162,11,6,1,0.6111111111111112,25.0,50,0,0,"{""num_decks"": 6, ""cut_card"": 52, ""dealer_hits_soft_17"": false, ""hole_card"": true, ""pay_bj"": 1.5, ""allow_double"": true, ""table_max"": 500}"
b7ffbde2,flat,18,1000,0,7,8,3,0.3888888888888889,25.0,75,0,0,"{""num_decks"": 6, ""cut_card"": 52, ""dealer_hits_soft_17"": false, ""hole_card"": true, ""pay_bj"": 1.5, ""allow_double"": true, ""table_max"": 500}"
aa928bd4,flat,18,1000,0,7,8,3,0.3888888888888889,25.0,125,0,0,"{""num_decks"": 6, ""cut_card"": 52, ""dealer_hits_soft_17"": false, ""hole_card"": true, ""pay_bj"": 1.5, ""allow_double"": true, ""table_max"": 500}"
b6b9ffa7,flat,18,900,-100,4,9,5,0.2222222222222222,25.0,100,0,0,"{""num_decks"": 6, ""cut_card"": 52, ""dealer_hits_soft_17"": false, ""hole_card"": true, ""pay_bj"": 1.5, ""allow_double"": true, ""table_max"": 500}"
087b1968,flat,18,1099,99,10,7,1,0.5555555555555556,25.0,100,0,0,"{""num_decks"": 6, ""cut_card"": 52, ""dealer_hits_soft_17"": false, ""hole_card"": true, ""pay_bj"": 1.5, ""allow_double"": true, ""table_max"": 500}"
c2429be7,flat,18,975,-25,7,8,3,0.3888888888888889,25.0,100,0,0,"{""num_decks"": 6, ""cut_card"": 52, ""dealer_hits_soft_17"": false, ""hole_card"": true, ""pay_bj"": 1.5, ""allow_double"": true, ""table_max"": 500}"
84b13165,flat,18,1050,50,9,7,2,0.5,25.0,100,0,0,"{""num_decks"": 6, ""cut_card"": 52, ""dealer_hits_soft_17"": false, ""hole_card"": true, ""pay_bj"": 1.5, ""allow_double"": true, ""table_max"": 500}"
ae664685,flat,18,1087,87,9,7,2,0.5,25.0,75,0,0,"{""num_decks"": 6, ""cut_card"": 52, ""dealer_hits_soft_17"": false, ""hole_card"": true, ""pay_bj"": 1.5, ""allow_double"": true, ""table_max"": 500}"
bd08a2c1,flat,18,787,-213,4,12,2,0.2222222222222222,25.0,300,0,0,"{""num_decks"": 6, ""cut_card"": 52, ""dealer_hits_soft_17"": false, ""hole_card"": true, ""pay_bj"": 1.5, ""allow_double"": true, ""table_max"": 500}"
2fe0f2e4,flat,18,987,-13,7,9,2,0.3888888888888889,25.0,100,0,0,"{""num_decks"": 6, ""cut_card"": 52, ""dealer_hits_soft_17"": false, ""hole_card"": true, ""pay_bj"": 1.5, ""allow_double"": true, ""table_max"": 500}"
1d7702fe,flat,18,1137,137,10,5,3,0.5555555555555556,25.0,50,0,0,"{""num_decks"": 6, ""cut_card"": 52, ""dealer_hits_soft_17"": false, ""hole_card"": true, ""pay_bj"": 1.5, ""allow_double"": true, ""table_max"": 500}"
3b03ebe0,flat,18,974,-26,8,10,0,0.4444444444444444,25.0,75,0,0,"{""num_decks"": 6, ""cut_card"": 52, ""dealer_hits_soft_17"": false, ""hole_card"": true, ""pay_bj"": 1.5, ""allow_double"": true, ""table_max"": 500}"
c3c8841f,flat,18,1100,100,9,5,4,0.5,25.0,75,0,0,"{""num_decks"": 6, ""cut_card"": 52, ""dealer_hits_soft_17"": false, ""hole_card"": true, ""pay_bj"": 1.5, ""allow_double"": true, ""table_max"": 500}"
cc22f693,flat,18,912,-88,7,10,1,0.3888888888888889,25.0,150,0,0,"{""num_decks"": 6, ""cut_card"": 52, ""dealer_hits_soft_17"": false, ""hole_card"": true, ""pay_bj"": 1.5, ""allow_double"": true, ""table_max"": 500}"
89cfcf84,flat,18,862,-138,6,10,2,0.3333333333333333,25.0,150,0,0,"{""num_decks"": 6, ""cut_card"": 52, ""dealer_hits_soft_17"": false, ""hole_card"": true, ""pay_bj"": 1.5, ""allow_double"": true, ""table_max"": 500}"
176425f8,flat,18,1000,0,8,9,1,0.4444444444444444,25.0,100,0,0,"{""num_decks"": 6, ""cut_card"": 52, ""dealer_hits_soft_17"": false, ""hole_card"": true, ""pay_bj"": 1.5, ""allow_double"": true, ""table_max"": 500}"
dc6bd61b,flat,18,787,-213,3,12,3,0.16666666666666666,25.0,213,0,0,"{""num_decks"": 6, ""cut_card"": 52, ""dealer_hits_soft_17"": false, ""hole_card"": true, ""pay_bj"": 1.5, ""allow_double"": true, ""table_max"": 500}"
673f7cb6,flat,18,775,-225,3,12,3,0.16666666666666666,25.0,275,0,0,"{""num_decks"": 6, ""cut_card"": 52, ""dealer_hits_soft_17"": false, ""hole_card"": true, ""pay_bj"": 1.5, ""allow_double"": true, ""table_max"": 500}"
2e65e465,flat,18,875,-125,7,10,1,0.3888888888888889,25.0,225,0,0,"{""num_decks"": 6, ""cut_card"": 52, ""dealer_hits_soft_17"": false, ""hole_card"": true, ""pay_bj"": 1.5, ""allow_double"": true, ""table_max"": 500}"
8633a79d,flat,18,987,-13,7,9,2,0.3888888888888889,25.0,100,0,0,"{""num_decks"": 6, ""cut_card"": 52, ""dealer_hits_soft_17"": false, ""hole_card"": true, ""pay_bj"": 1.5, ""allow_double"": true, ""table_max"": 500}"
9ebb2a1c,flat,18,850,-150,7,11,0,0.3888888888888889,25.0,200,0,0,"{""num_decks"": 6, ""cut_card"": 52, ""dealer_hits_soft_17"": false, ""hole_card"": true, ""pay_bj"": 1.5, ""allow_double"": true, ""table_max"": 500}"
b99922f8,flat,18,1199,199,12,5,1,0.6666666666666666,25.0,50,0,0,"{""num_decks"": 6, ""cut_card"": 52, ""dealer_hits_soft_17"": false, ""hole_card"": true, ""pay_bj"": 1.5, ""allow_double"": true, ""table_max"": 500}"
ed8df1dc,flat,18,1087,87,10,7,1,0.5555555555555556,25.0,50,0,0,"{""num_decks"": 6, ""cut_card"": 52, ""dealer_hits_soft_17"": false, ""hole_card"": true, ""pay_bj"": 1.5, ""allow_double"": true, ""table_max"": 500}"
1fbe2985,flat,18,1124,124,10,7,1,0.5555555555555556,25.0,50,0,0,"{""num_decks"": 6, ""cut_card"": 52, ""dealer_hits_soft_17"": false, ""hole_card"": true, ""pay_bj"": 1.5, ""allow_double"": true, ""table_max"": 500}"
3046b7b2,flat,18,1049,49,9,8,1,0.5,25.0,75,0,0,"{""num_decks"": 6, ""cut_card"": 52, ""dealer_hits_soft_17"": false, ""hole_card"": true, ""pay_bj"": 1.5, ""allow_double"": true, ""table_max"": 500}"
27c23ae4,flat,18,975,-25,8,8,2,0.4444444444444444,25.0,100,0,0,"{""num_decks"": 6, ""cut_card"": 52, ""dealer_hits_soft_17"": false, ""hole_card"": true, ""pay_bj"": 1.5, ""allow_double"": true, ""table_max"": 500}"
f886bbce,flat,18,1062,62,8,7,3,0.4444444444444444,25.0,113,0,0,"{""num_decks"": 6, ""cut_card"": 52, ""dealer_hits_soft_17"": false, ""hole_card"": true, ""pay_bj"": 1.5, ""allow_double"": true, ""table_max"": 500}"
172263b7,flat,18,911,-89,7,11,0,0.3888888888888889,25.0,163,0,0,"{""num_decks"": 6, ""cut_card"": 52, ""dealer_hits_soft_17"": false, ""hole_card"": true, ""pay_bj"": 1.5, ""allow_double"": true, ""table_max"": 500}"
2524a577,flat,18,925,-75,6,10,2,0.3333333333333333,25.0,150,0,0,"{""num_decks"": 6, ""cut_card"": 52, ""dealer_hits_soft_17"": false, ""hole_card"": true, ""pay_bj"": 1.5, ""allow_double"": true, ""table_max"": 500}"
2e411a25,flat,18,1062,62,8,7,3,0.4444444444444444,25.0,50,0,0,"{""num_decks"": 6, ""cut_card"": 52, ""dealer_hits_soft_17"": false, ""hole_card"": true, ""pay_bj"": 1.5, ""allow_double"": true, ""table_max"": 500}"
36d2fef5,flat,18,1087,87,7,7,4,0.3888888888888889,25.0,75,0,0,"{""num_decks"": 6, ""cut_card"": 52, ""dealer_hits_soft_17"": false, ""hole_card"": true, ""pay_bj"": 1.5, ""allow_double"": true, ""table_max"": 500}"
992f93de,flat,18,937,-63,7,10,1,0.3888888888888889,25.0,175,0,0,"{""num_decks"": 6, ""cut_card"": 52, ""dealer_hits_soft_17"": false, ""hole_card"": true, ""pay_bj"": 1.5, ""allow_double"": true, ""table_max"": 500}"
67f9e983,flat,18,1187,187,11,6,1,0.6111111111111112,25.0,50,0,0,"{""num_decks"": 6, ""cut_card"": 52, ""dealer_hits_soft_17"": false, ""hole_card"": true, ""pay_bj"": 1.5, ""allow_double"": true, ""table_max"": 500}"
1e095c54,flat,18,1024,24,9,9,0,0.5,25.0,175,0,0,"{""num_decks"": 6, ""cut_card"": 52, ""dealer_hits_soft_17"": false, ""hole_card"": true, ""pay_bj"": 1.5, ""allow_double"": true, ""table_max"": 500}"
78093b51,flat,18,999,-1,8,9,1,0.4444444444444444,25.0,100,0,0,"{""num_decks"": 6, ""cut_card"": 52, ""dealer_hits_soft_17"": false, ""hole_card"": true, ""pay_bj"": 1.5, ""allow_double"": true, ""table_max"": 500}"
2fd34610,flat,18,887,-113,6,10,2,0.3333333333333333,25.0,150,0,0,"{""num_decks"": 6, ""cut_card"": 52, ""dealer_hits_soft_17"": false, ""hole_card"": true, ""pay_bj"": 1.5, ""allow_double"": true, ""table_max"": 500}"
a446c42b,flat,18,1175,175,12,5,1,0.6666666666666666,25.0,100,0,0,"{""num_decks"": 6, ""cut_card"": 52, ""dealer_hits_soft_17"": false, ""hole_card"": true, ""pay_bj"": 1.5, ""allow_double"": true, ""table_max"": 500}"
a1339ad6,flat,18,987,-13,7,8,3,0.3888888888888889,25.0,75,0,0,"{""num_decks"": 6, ""cut_card"": 52, ""dealer_hits_soft_17"": false, ""hole_card"": true, ""pay_bj"": 1.5, ""allow_double"": true, ""table_max"": 500}"
c688a03e,flat,18,900,-100,6,10,2,0.3333333333333333,25.0,175,0,0,"{""num_decks"": 6, ""cut_card"": 52, ""dealer_hits_soft_17"": false, ""hole_card"": true, ""pay_bj"": 1.5, ""allow_double"": true, ""table_max"": 500}"
c001818d,flat,18,987,-13,7,9,2,0.3888888888888889,25.0,125,0,0,"{""num_decks"": 6, ""cut_card"": 52, ""dealer_hits_soft_17"": false, ""hole_card"": true, ""pay_bj"": 1.5, ""allow_double"": true, ""table_max"": 500}"
4ab7a9ca,flat,18,1162,162,11,7,0,0.6111111111111112,25.0,75,0,0,"{""num_decks"": 6, ""cut_card"": 52, ""dealer_hits_soft_17"": false, ""hole_card"": true, ""pay_bj"": 1.5, ""allow_double"": true, ""table_max"": 500}"
ad7bdb40,flat,18,825,-175,5,12,1,0.2777777777777778,25.0,175,0,0,"{""num_decks"": 6, ""cut_card"": 52, ""dealer_hits_soft_17"": false, ""hole_card"": true, ""pay_bj"": 1.5, ""allow_double"": true, ""table_max"": 500}"
ec4cf8e1,flat,18,900,-100,6,11,1,0.3333333333333333,25.0,175,0,0,"{""num_decks"": 6, ""cut_card"": 52, ""dealer_hits_soft_17"": false, ""hole_card"": true, ""pay_bj"": 1.5, ""allow_double"": true, ""table_max"": 500}"
d63db69f,flat,18,925,-75,7,10,1,0.3888888888888889,25.0,175,0,0,"{""num_decks"": 6, ""cut_card"": 52, ""dealer_hits_soft_17"": false, ""hole_card"": true, ""pay_bj"": 1.5, ""allow_double"": true, ""table_max"": 500}"
8083c4b1,flat,18,1062,62,8,6,4,0.4444444444444444,25.0,50,0,0,"{""num_decks"": 6, ""cut_card"": 52, ""dealer_hits_soft_17"": false, ""hole_card"": true, ""pay_bj"": 1.5, ""allow_double"": true, ""table_max"": 500}"
a974eda1,flat,18,1262,262,12,4,2,0.6666666666666666,25.0,50,0,0,"{""num_decks"": 6, ""cut_card"": 52, ""dealer_hits_soft_17"": false, ""hole_card"": true, ""pay_bj"": 1.5, ""allow_double"": true, ""table_max"": 500}"
4b37489a,flat,18,850,-150,7,11,0,0.3888888888888889,25.0,225,0,0,"{""num_decks"": 6, ""cut_card"": 52, ""dealer_hits_soft_17"": false, ""hole_card"": true, ""pay_bj"": 1.5, ""allow_double"": true, ""table_max"": 500}"
eb9e28d4,flat,18,962,-38,7,9,2,0.3888888888888889,25.0,100,0,0,"{""num_decks"": 6, ""cut_card"": 52, ""dealer_hits_soft_17"": false, ""hole_card"": true, ""pay_bj"": 1.5, ""allow_double"": true, ""table_max"": 500}"
242dda14,flat,18,850,-150,5,11,2,0.2777777777777778,25.0,175,0,0,"{""num_decks"": 6, ""cut_card"": 52, ""dealer_hits_soft_17"": false, ""hole_card"": true, ""pay_bj"": 1.5, ""allow_double"": true, ""table_max"": 500}"
7c5b04aa,flat,18,800,-200,5,13,0,0.2777777777777778,25.0,300,0,0,"{""num_decks"": 6, ""cut_card"": 52, ""dealer_hits_soft_17"": false, ""hole_card"": true, ""pay_bj"": 1.5, ""allow_double"": true, ""table_max"": 500}"
94bce9d4,flat,18,1137,137,10,7,1,0.5555555555555556,25.0,50,0,0,"{""num_decks"": 6, ""cut_card"": 52, ""dealer_hits_soft_17"": false, ""hole_card"": true, ""pay_bj"": 1.5, ""allow_double"": true, ""table_max"": 500}"
f4713340,flat,18,937,-63,6,9,3,0.3333333333333333,25.0,150,0,0,"{""num_decks"": 6, ""cut_card"": 52, ""dealer_hits_soft_17"": false, ""hole_card"": true, ""pay_bj"": 1.5, ""allow_double"": true, ""table_max"": 500}"
d901d94c,flat,18,1236,236,12,5,1,0.6666666666666666,25.0,50,0,0,"{""num_decks"": 6, ""cut_card"": 52, ""dealer_hits_soft_17"": false, ""hole_card"": true, ""pay_bj"": 1.5, ""allow_double"": true, ""table_max"": 500}"
218b3e9b,flat,18,1086,86,9,7,2,0.5,25.0,50,0,0,"{""num_decks"": 6, ""cut_card"": 52, ""dealer_hits_soft_17"": false, ""hole_card"": true, ""pay_bj"": 1.5, ""allow_double"": true, ""table_max"": 500}"
350d078a,flat,18,1036,36,8,9,1,0.4444444444444444,25.0,75,0,0,"{""num_decks"": 6, ""cut_card"": 52, ""dealer_hits_soft_17"": false, ""hole_card"": true, ""pay_bj"": 1.5, ""allow_double"": true, ""table_max"": 500}"
df64c3d5,flat,18,1137,137,11,6,1,0.6111111111111112,25.0,50,0,0,"{""num_decks"": 6, ""cut_card"": 52, ""dealer_hits_soft_17"": false, ""hole_card"": true, ""pay_bj"": 1.5, ""allow_double"": true, ""table_max"": 500}"
8761832e,flat,18,999,-1,8,9,1,0.4444444444444444,25.0,125,0,0,"{""num_decks"": 6, ""cut_card"": 52, ""dealer_hits_soft_17"": false, ""hole_card"": true, ""pay_bj"": 1.5, ""allow_double"": true, ""table_max"": 500}"
bfb43556,flat,18,899,-101,7,11,0,0.3888888888888889,25.0,176,0,0,"{""num_decks"": 6, ""cut_card"": 52, ""dealer_hits_soft_17"": false, ""hole_card"": true, ""pay_bj"": 1.5, ""allow_double"": true, ""table_max"": 500}"
e23609bc,flat,18,962,-38,6,7,5,0.3333333333333333,25.0,125,0,0,"{""num_decks"": 6, ""cut_card"": 52, ""dealer_hits_soft_17"": false, ""hole_card"": true, ""pay_bj"": 1.5, ""allow_double"": true, ""table_max"": 500}"
8eeed930,flat,18,1087,87,8,7,3,0.4444444444444444,25.0,100,0,0,"{""num_decks"": 6, ""cut_card"": 52, ""dealer_hits_soft_17"": false, ""hole_card"": true, ""pay_bj"": 1.5, ""allow_double"": true, ""table_max"": 500}"
b9a617ec,flat,18,987,-13,8,10,0,0.4444444444444444,25.0,100,0,0,"{""num_decks"": 6, ""cut_card"": 52, ""dealer_hits_soft_17"": false, ""hole_card"": true, ""pay_bj"": 1.5, ""allow_double"": true, ""table_max"": 500}"
38e306f6,flat,18,1124,124,11,7,0,0.6111111111111112,25.0,75,0,0,"{""num_decks"": 6, ""cut_card"": 52, ""dealer_hits_soft_17"": false, ""hole_card"": true, ""pay_bj"": 1.5, ""allow_double"": true, ""table_max"": 500}"
6391f196,flat,18,950,-50,8,10,0,0.4444444444444444,25.0,100,0,0,"{""num_decks"": 6, ""cut_card"": 52, ""dealer_hits_soft_17"": false, ""hole_card"": true, ""pay_bj"": 1.5, ""allow_double"": true, ""table_max"": 500}"
1a7eb7e9,flat,18,1062,62,8,8,2,0.4444444444444444,25.0,75,0,0,"{""num_decks"": 6, ""cut_card"": 52, ""dealer_hits_soft_17"": false, ""hole_card"": true, ""pay_bj"": 1.5, ""allow_double"": true, ""table_max"": 500}"
bfd381fa,flat,18,999,-1,8,9,1,0.4444444444444444,25.0,100,0,0,"{""num_decks"": 6, ""cut_card"": 52, ""dealer_hits_soft_17"": false, ""hole_card"": true, ""pay_bj"": 1.5, ""allow_double"": true, ""table_max"": 500}"
09fae77f,flat,18,1024,24,8,8,2,0.4444444444444444,25.0,75,0,0,"{""num_decks"": 6, ""cut_card"": 52, ""dealer_hits_soft_17"": false, ""hole_card"": true, ""pay_bj"": 1.5, ""allow_double"": true, ""table_max"": 500}"
0ba81173,flat,18,1062,62,9,7,2,0.5,25.0,100,0,0,"{""num_decks"": 6, ""cut_card"": 52, ""dealer_hits_soft_17"": false, ""hole_card"": true, ""pay_bj"": 1.5, ""allow_double"": true, ""table_max"": 500}"
0ec2fd43,flat,18,750,-250,3,12,3,0.16666666666666666,25.0,300,0,0,"{""num_decks"": 6, ""cut_card"": 52, ""dealer_hits_soft_17"": false, ""hole_card"": true, ""pay_bj"": 1.5, ""allow_double"": true, ""table_max"": 500}"
35d9e30f,flat,18,1074,74,10,8,0,0.5555555555555556,25.0,75,0,0,"{""num_decks"": 6, ""cut_card"": 52, ""dealer_hits_soft_17"": false, ""hole_card"": true, ""pay_bj"": 1.5, ""allow_double"": true, ""table_max"": 500}"
f601ae61,flat,18,937,-63,7,8,3,0.3888888888888889,25.0,125,0,0,"{""num_decks"": 6, ""cut_card"": 52, ""dealer_hits_soft_17"": false, ""hole_card"": true, ""pay_bj"": 1.5, ""allow_double"": true, ""table_max"": 500}"
ffb25c14,flat,18,1074,74,10,8,0,0.5555555555555556,25.0,75,0,0,"{""num_decks"": 6, ""cut_card"": 52, ""dealer_hits_soft_17"": false, ""hole_card"": true, ""pay_bj"": 1.5, ""allow_double"": true, ""table_max"": 500}"
782de44c,flat,18,1062,62,9,9,0,0.5,25.0,100,0,0,"{""num_decks"": 6, ""cut_card"": 52, ""dealer_hits_soft_17"": false, ""hole_card"": true, ""pay_bj"": 1.5, ""allow_double"": true, ""table_max"": 500}"
70d2420b,flat,18,1100,100,10,6,2,0.5555555555555556,25.0,75,0,0,"{""num_decks"": 6, ""cut_card"": 52, ""dealer_hits_soft_17"": false, ""hole_card"": true, ""pay_bj"": 1.5, ""allow_double"": true, ""table_max"": 500}"
1b1ef026,martingale,18,1500,500,8,10,0,0.4444444444444444,52.77777777777778,200,0,0,"{""num_decks"": 6, ""cut_card"": 52, ""dealer_hits_soft_17"": false, ""hole_card"": true, ""pay_bj"": 1.5, ""allow_double"": true, ""table_max"": 500}"
02c387cd,martingale,18,525,-475,6,11,1,0.3333333333333333,86.11111111111111,775,0,0,"{""num_decks"": 6, ""cut_card"": 52, ""dealer_hits_soft_17"": false, ""hole_card"": true, ""pay_bj"": 1.5, ""allow_double"": true, ""table_max"": 500}"
b2d826c4,martingale,18,1462,462,8,8,2,0.4444444444444444,44.44444444444444,75,0,0,"{""num_decks"": 6, ""cut_card"": 52, ""dealer_hits_soft_17"": false, ""hole_card"": true, ""pay_bj"": 1.5, ""allow_double"": true, ""table_max"": 500}"
f0e5fd78,martingale,16,0,-1000,5,9,2,0.3125,89.0625,1100,0,1,"{""num_decks"": 6, ""cut_card"": 52, ""dealer_hits_soft_17"": false, ""hole_card"": true, ""pay_bj"": 1.5, ""allow_double"": true, ""table_max"": 500}"
c23bd2b4,martingale,18,1299,299,10,8,0,0.5555555555555556,40.27777777777778,75,0,0,"{""num_decks"": 6, ""cut_card"": 52, ""dealer_hits_soft_17"": false, ""hole_card"": true, ""pay_bj"": 1.5, ""allow_double"": true, ""table_max"": 500}"
f02e5165,martingale,18,1075,75,7,9,2,0.3888888888888889,98.61111111111111,400,0,0,"{""num_decks"": 6, ""cut_card"": 52, ""dealer_hits_soft_17"": false, ""hole_card"": true, ""pay_bj"": 1.5, ""allow_double"": true, ""table_max"": 500}"
d6cdb057,martingale,18,774,-226,9,9,0,0.5,93.72222222222223,775,0,0,"{""num_decks"": 6, ""cut_card"": 52, ""dealer_hits_soft_17"": false, ""hole_card"": true, ""pay_bj"": 1.5, ""allow_double"": true, ""table_max"": 500}"
1d675b88,martingale,18,1175,175,6,10,2,0.3333333333333333,65.27777777777777,175,0,0,"{""num_decks"": 6, ""cut_card"": 52, ""dealer_hits_soft_17"": false, ""hole_card"": true, ""pay_bj"": 1.5, ""allow_double"": true, ""table_max"": 500}"
d594cbb0,martingale,18,1274,274,10,7,1,0.5555555555555556,40.27777777777778,150,0,0,"{""num_decks"": 6, ""cut_card"": 52, ""dealer_hits_soft_17"": false, ""hole_card"": true, ""pay_bj"": 1.5, ""allow_double"": true, ""table_max"": 500}"
6bdc91de,martingale,18,1450,450,8,8,2,0.4444444444444444,61.111111111111114,275,0,0,"{""num_decks"": 6, ""cut_card"": 52, ""dealer_hits_soft_17"": false, ""hole_card"": true, ""pay_bj"": 1.5, ""allow_double"": true, ""table_max"": 500}"
dd71df3a,martingale,18,1300,300,7,10,1,0.3888888888888889,62.5,175,0,0,"{""num_decks"": 6, ""cut_card"": 52, ""dealer_hits_soft_17"": false, ""hole_card"": true, ""pay_bj"": 1.5, ""allow_double"": true, ""table_max"": 500}"
603b7e31,martingale,18,937,-63,7,11,0,0.3888888888888889,75.0,375,0,0,"{""num_decks"": 6, ""cut_card"": 52, ""dealer_hits_soft_17"": false, ""hole_card"": true, ""pay_bj"": 1.5, ""allow_double"": true, ""table_max"": 500}"
46c461b8,martingale,18,1300,300,11,7,0,0.6111111111111112,68.05555555555556,400,0,0,"{""num_decks"": 6, ""cut_card"": 52, ""dealer_hits_soft_17"": false, ""hole_card"": true, ""pay_bj"": 1.5, ""allow_double"": true, ""table_max"": 500}"
4791ad41,martingale,18,750,-250,7,11,0,0.3888888888888889,100.0,825,0,0,"{""num_decks"": 6, ""cut_card"": 52, ""dealer_hits_soft_17"": false, ""hole_card"": true, ""pay_bj"": 1.5, ""allow_double"": true, ""table_max"": 500}"
8dee3dbf,martingale,18,0,-1000,7,9,2,0.3888888888888889,87.5,1175,0,1,"{""num_decks"": 6, ""cut_card"": 52, ""dealer_hits_soft_17"": false, ""hole_card"": true, ""pay_bj"": 1.5, ""allow_double"": true, ""table_max"": 500}"
d7866340,martingale,18,1150,150,8,9,1,0.4444444444444444,47.22222222222222,225,0,0,"{""num_decks"": 6, ""cut_card"": 52, ""dealer_hits_soft_17"": false, ""hole_card"": true, ""pay_bj"": 1.5, ""allow_double"": true, ""table_max"": 500}"
70aca298,martingale,18,1075,75,6,8,4,0.3333333333333333,47.22222222222222,75,0,0,"{""num_decks"": 6, ""cut_card"": 52, ""dealer_hits_soft_17"": false, ""hole_card"": true, ""pay_bj"": 1.5, ""allow_double"": true, ""table_max"": 500}"
4be256ed,martingale,18,1337,337,11,5,2,0.6111111111111112,41.666666666666664,175,0,0,"{""num_decks"": 6, ""cut_card"": 52, ""dealer_hits_soft_17"": false, ""hole_card"": true, ""pay_bj"": 1.5, ""allow_double"": true, ""table_max"": 500}"
9a9113c5,martingale,18,0,-1000,8,9,1,0.4444444444444444,96.5,1237,0,1,"{""num_decks"": 6, ""cut_card"": 52, ""dealer_hits_soft_17"": false, ""hole_card"": true, ""pay_bj"": 1.5, ""allow_double"": true, ""table_max"": 500}"
1b78cc6d,martingale,18,1150,150,7,10,1,0.3888888888888889,62.5,275,0,0,"{""num_decks"": 6, ""cut_card"": 52, ""dealer_hits_soft_17"": false, ""hole_card"": true, ""pay_bj"": 1.5, ""allow_double"": true, ""table_max"": 500}"
f7cee2c6,martingale,17,0,-1000,4,12,1,0.23529411764705882,135.2941176470588,1200,0,1,"{""num_decks"": 6, ""cut_card"": 52, ""dealer_hits_soft_17"": false, ""hole_card"": true, ""pay_bj"": 1.5, ""allow_double"": true, ""table_max"": 500}"
62b51d6a,martingale,18,1325,325,7,8,3,0.3888888888888889,69.44444444444444,375,0,0,"{""num_decks"": 6, ""cut_card"": 52, ""dealer_hits_soft_17"": false, ""hole_card"": true, ""pay_bj"": 1.5, ""allow_double"": true, ""table_max"": 500}"
a83c22b5,martingale,18,1237,237,9,9,0,0.5,77.77777777777777,375,0,0,"{""num_decks"": 6, ""cut_card"": 52, ""dealer_hits_soft_17"": false, ""hole_card"": true, ""pay_bj"": 1.5, ""allow_double"": true, ""table_max"": 500}"
fda64cd4,martingale,18,1100,100,6,9,3,0.3333333333333333,84.72222222222223,400,0,0,"{""num_decks"": 6, ""cut_card"": 52, ""dealer_hits_soft_17"": false, ""hole_card"": true, ""pay_bj"": 1.5, ""allow_double"": true, ""table_max"": 500}"
2a74a5a6,martingale,13,0,-1000,5,8,0,0.38461538461538464,110.53846153846153,1212,0,1,"{""num_decks"": 6, ""cut_card"": 52, ""dealer_hits_soft_17"": false, ""hole_card"": true, ""pay_bj"": 1.5, ""allow_double"": true, ""table_max"": 500}"
d4202af4,martingale,18,1362,362,13,4,1,0.7222222222222222,31.944444444444443,25,0,0,"{""num_decks"": 6, ""cut_card"": 52, ""dealer_hits_soft_17"": false, ""hole_card"": true, ""pay_bj"": 1.5, ""allow_double"": true, ""table_max"": 500}"
03342c47,martingale,18,1000,0,6,9,3,0.3333333333333333,70.83333333333333,375,0,0,"{""num_decks"": 6, ""cut_card"": 52, ""dealer_hits_soft_17"": false, ""hole_card"": true, ""pay_bj"": 1.5, ""allow_double"": true, ""table_max"": 500}"
0bdcfda3,martingale,18,1312,312,11,6,1,0.6111111111111112,40.27777777777778,75,0,0,"{""num_decks"": 6, ""cut_card"": 52, ""dealer_hits_soft_17"": false, ""hole_card"": true, ""pay_bj"": 1.5, ""allow_double"": true, ""table_max"": 500}"
b5e9bb1f,martingale,18,1200,200,7,8,3,0.3888888888888889,45.833333333333336,75,0,0,"{""num_decks"": 6, ""cut_card"": 52, ""dealer_hits_soft_17"": false, ""hole_card"": true, ""pay_bj"": 1.5, ""allow_double"": true, ""table_max"": 500}"
96a4015d,martingale,18,800,-200,7,8,3,0.3888888888888889,91.66666666666667,775,0,0,"{""num_decks"": 6, ""cut_card"": 52, ""dealer_hits_soft_17"": false, ""hole_card"": true, ""pay_bj"": 1.5, ""allow_double"": true, ""table_max"": 500}"
3e1afaeb,martingale,18,1100,100,4,9,5,0.2222222222222222,115.27777777777777,375,0,0,"{""num_decks"": 6, ""cut_card"": 52, ""dealer_hits_soft_17"": false, ""hole_card"": true, ""pay_bj"": 1.5, ""allow_double"": true, ""table_max"": 500}"
aafbb66e,martingale,18,1249,249,10,7,1,0.5555555555555556,63.888888888888886,375,0,0,"{""num_decks"": 6, ""cut_card"": 52, ""dealer_hits_soft_17"": false, ""hole_card"": true, ""pay_bj"": 1.5, ""allow_double"": true, ""table_max"": 500}"
f3cc56f0,martingale,18,1175,175,7,8,3,0.3888888888888889,95.83333333333333,375,0,0,"{""num_decks"": 6, ""cut_card"": 52, ""dealer_hits_soft_17"": false, ""hole_card"": true, ""pay_bj"": 1.5, ""allow_double"": true, ""table_max"": 500}"
9fe38739,martingale,18,1225,225,9,7,2,0.5,50.0,175,0,0,"{""num_decks"": 6, ""cut_card"": 52, ""dealer_hits_soft_17"": false, ""hole_card"": true, ""pay_bj"": 1.5, ""allow_double"": true, ""table_max"": 500}"
92857c77,martingale,18,1287,287,9,7,2,0.5,40.27777777777778,75,0,0,"{""num_decks"": 6, ""cut_card"": 52, ""dealer_hits_soft_17"": false, ""hole_card"": true, ""pay_bj"": 1.5, ""allow_double"": true, ""table_max"": 500}"
72a65a2d,martingale,12,0,-1000,4,7,1,0.3333333333333333,105.16666666666667,1112,0,1,"{""num_decks"": 6, ""cut_card"": 52, ""dealer_hits_soft_17"": false, ""hole_card"": true, ""pay_bj"": 1.5, ""allow_double"": true, ""table_max"": 500}"
541ec441,martingale,18,1187,187,7,9,2,0.3888888888888889,73.61111111111111,375,0,0,"{""num_decks"": 6, ""cut_card"": 52, ""dealer_hits_soft_17"": false, ""hole_card"": true, ""pay_bj"": 1.5, ""allow_double"": true, ""table_max"": 500}"
425009d6,martingale,18,1262,262,10,5,3,0.5555555555555556,34.72222222222222,75,0,0,"{""num_decks"": 6, ""cut_card"": 52, ""dealer_hits_soft_17"": false, ""hole_card"": true, ""pay_bj"": 1.5, ""allow_double"": true, ""table_max"": 500}"
e5d0395d,martingale,18,1125,125,8,10,0,0.4444444444444444,45.833333333333336,175,0,0,"{""num_decks"": 6, ""cut_card"": 52, ""dealer_hits_soft_17"": false, ""hole_card"": true, ""pay_bj"": 1.5, ""allow_double"": true, ""table_max"": 500}"
434d64cd,martingale,18,1225,225,9,5,4,0.5,61.111111111111114,175,0,0,"{""num_decks"": 6, ""cut_card"": 52, ""dealer_hits_soft_17"": false, ""hole_card"": true, ""pay_bj"": 1.5, ""allow_double"": true, ""table_max"": 500}"
7438fbfb,martingale,17,0,-1000,6,10,1,0.35294117647058826,90.41176470588235,1137,0,1,"{""num_decks"": 6, ""cut_card"": 52, ""dealer_hits_soft_17"": false, ""hole_card"": true, ""pay_bj"": 1.5, ""allow_double"": true, ""table_max"": 500}"
b15e0474,martingale,18,1050,50,6,10,2,0.3333333333333333,51.388888888888886,175,0,0,"{""num_decks"": 6, ""cut_card"": 52, ""dealer_hits_soft_17"": false, ""hole_card"": true, ""pay_bj"": 1.5, ""allow_double"": true, ""table_max"": 500}"
0ce7d856,martingale,18,1175,175,8,9,1,0.4444444444444444,73.61111111111111,375,0,0,"{""num_decks"": 6, ""cut_card"": 52, ""dealer_hits_soft_17"": false, ""hole_card"": true, ""pay_bj"": 1.5, ""allow_double"": true, ""table_max"": 500}"
18f10437,martingale,18,0,-1000,3,12,3,0.16666666666666666,118.72222222222223,1050,0,1,"{""num_decks"": 6, ""cut_card"": 52, ""dealer_hits_soft_17"": false, ""hole_card"": true, ""pay_bj"": 1.5, ""allow_double"": true, ""table_max"": 500}"
39d60f67,martingale,10,0,-1000,1,6,3,0.1,135.0,1025,0,1,"{""num_decks"": 6, ""cut_card"": 52, ""dealer_hits_soft_17"": false, ""hole_card"": true, ""pay_bj"": 1.5, ""allow_double"": true, ""table_max"": 500}"
ed021b7e,martingale,18,1125,125,7,10,1,0.3888888888888889,83.33333333333333,400,0,0,"{""num_decks"": 6, ""cut_card"": 52, ""dealer_hits_soft_17"": false, ""hole_card"": true, ""pay_bj"": 1.5, ""allow_double"": true, ""table_max"": 500}"
afbf6aee,martingale,18,1287,287,7,9,2,0.3888888888888889,72.22222222222223,375,0,0,"{""num_decks"": 6, ""cut_card"": 52, ""dealer_hits_soft_17"": false, ""hole_card"": true, ""pay_bj"": 1.5, ""allow_double"": true, ""table_max"": 500}"
0dff7c9c,martingale,18,550,-450,7,11,0,0.3888888888888889,88.88888888888889,775,0,0,"{""num_decks"": 6, ""cut_card"": 52, ""dealer_hits_soft_17"": false, ""hole_card"": true, ""pay_bj"": 1.5, ""allow_double"": true, ""table_max"": 500}"
d693e9ad,martingale,18,1350,350,12,5,1,0.6666666666666666,33.333333333333336,50,0,0,"{""num_decks"": 6, ""cut_card"": 52, ""dealer_hits_soft_17"": false, ""hole_card"": true, ""pay_bj"": 1.5, ""allow_double"": true, ""table_max"": 500}"
c71aadd0,martingale,18,1237,237,10,7,1,0.5555555555555556,36.111111111111114,75,0,0,"{""num_decks"": 6, ""cut_card"": 52, ""dealer_hits_soft_17"": false, ""hole_card"": true, ""pay_bj"": 1.5, ""allow_double"": true, ""table_max"": 500}"
06f8719e,martingale,18,1262,262,10,7,1,0.5555555555555556,34.72222222222222,75,0,0,"{""num_decks"": 6, ""cut_card"": 52, ""dealer_hits_soft_17"": false, ""hole_card"": true, ""pay_bj"": 1.5, ""allow_double"": true, ""table_max"": 500}"
3659475f,martingale,18,1275,275,9,8,1,0.5,50.0,175,0,0,"{""num_decks"": 6, ""cut_card"": 52, ""dealer_hits_soft_17"": false, ""hole_card"": true, ""pay_bj"": 1.5, ""allow_double"": true, ""table_max"": 500}"
828c5fb8,martingale,18,1150,150,8,8,2,0.4444444444444444,48.611111111111114,225,0,0,"{""num_decks"": 6, ""cut_card"": 52, ""dealer_hits_soft_17"": false, ""hole_card"": true, ""pay_bj"": 1.5, ""allow_double"": true, ""table_max"": 500}"
ff8b371a,martingale,18,1425,425,8,7,3,0.4444444444444444,69.44444444444444,375,0,0,"{""num_decks"": 6, ""cut_card"": 52, ""dealer_hits_soft_17"": false, ""hole_card"": true, ""pay_bj"": 1.5, ""allow_double"": true, ""table_max"": 500}"
57724777,martingale,18,1312,312,7,11,0,0.3888888888888889,101.38888888888889,475,0,0,"{""num_decks"": 6, ""cut_card"": 52, ""dealer_hits_soft_17"": false, ""hole_card"": true, ""pay_bj"": 1.5, ""allow_double"": true, ""table_max"": 500}"
3d12da18,martingale,18,1075,75,6,10,2,0.3333333333333333,93.05555555555556,375,0,0,"{""num_decks"": 6, ""cut_card"": 52, ""dealer_hits_soft_17"": false, ""hole_card"": true, ""pay_bj"": 1.5, ""allow_double"": true, ""table_max"": 500}"
7171a5f2,martingale,18,1225,225,8,7,3,0.4444444444444444,40.27777777777778,75,0,0,"{""num_decks"": 6, ""cut_card"": 52, ""dealer_hits_soft_17"": false, ""hole_card"": true, ""pay_bj"": 1.5, ""allow_double"": true, ""table_max"": 500}"
17bbc742,martingale,18,1462,462,7,7,4,0.3888888888888889,51.388888888888886,175,0,0,"{""num_decks"": 6, ""cut_card"": 52, ""dealer_hits_soft_17"": false, ""hole_card"": true, ""pay_bj"": 1.5, ""allow_double"": true, ""table_max"": 500}"
f5d2a723,martingale,18,650,-350,7,10,1,0.3888888888888889,84.72222222222223,775,0,0,"{""num_decks"": 6, ""cut_card"": 52, ""dealer_hits_soft_17"": false, ""hole_card"": true, ""pay_bj"": 1.5, ""allow_double"": true, ""table_max"": 500}"
7bec8db4,martingale,18,1362,362,11,6,1,0.6111111111111112,40.27777777777778,75,0,0,"{""num_decks"": 6, ""cut_card"": 52, ""dealer_hits_soft_17"": false, ""hole_card"": true, ""pay_bj"": 1.5, ""allow_double"": true, ""table_max"": 500}"
0d4e8285,martingale,7,0,-1000,1,6,0,0.14285714285714285,150.0,1025,0,1,"{""num_decks"": 6, ""cut_card"": 52, ""dealer_hits_soft_17"": false, ""hole_card"": true, ""pay_bj"": 1.5, ""allow_double"": true, ""table_max"": 500}"
79dea6ce,martingale,18,1262,262,8,9,1,0.4444444444444444,56.94444444444444,175,0,0,"{""num_decks"": 6, ""cut_card"": 52, ""dealer_hits_soft_17"": false, ""hole_card"": true, ""pay_bj"": 1.5, ""allow_double"": true, ""table_max"": 500}"
334cea0e,martingale,18,362,-638,6,10,2,0.3333333333333333,73.61111111111111,800,0,0,"{""num_decks"": 6, ""cut_card"": 52, ""dealer_hits_soft_17"": false, ""hole_card"": true, ""pay_bj"": 1.5, ""allow_double"": true, ""table_max"": 500}"
8d61b41d,martingale,18,1300,300,12,5,1,0.6666666666666666,43.05555555555556,200,0,0,"{""num_decks"": 6, ""cut_card"": 52, ""dealer_hits_soft_17"": false, ""hole_card"": true, ""pay_bj"": 1.5, ""allow_double"": true, ""table_max"": 500}"
302acb69,martingale,18,1162,162,7,8,3,0.3888888888888889,48.611111111111114,175,0,0,"{""num_decks"": 6, ""cut_card"": 52, ""dealer_hits_soft_17"": false, ""hole_card"": true, ""pay_bj"": 1.5, ""allow_double"": true, ""table_max"": 500}"
917900dd,martingale,11,0,-1000,2,8,1,0.18181818181818182,115.9090909090909,1050,0,1,"{""num_decks"": 6, ""cut_card"": 52, ""dealer_hits_soft_17"": false, ""hole_card"": true, ""pay_bj"": 1.5, ""allow_double"": true, ""table_max"": 500}"
474beb08,martingale,18,799,-201,7,9,2,0.3888888888888889,132.55555555555554,775,0,0,"{""num_decks"": 6, ""cut_card"": 52, ""dealer_hits_soft_17"": false, ""hole_card"": true, ""pay_bj"": 1.5, ""allow_double"": true, ""table_max"": 500}"
e0c51f96,martingale,18,1162,162,11,7,0,0.6111111111111112,38.888888888888886,175,0,0,"{""num_decks"": 6, ""cut_card"": 52, ""dealer_hits_soft_17"": false, ""hole_card"": true, ""pay_bj"": 1.5, ""allow_double"": true, ""table_max"": 500}"
7e010ee0,martingale,18,950,-50,5,12,1,0.2777777777777778,61.111111111111114,175,0,0,"{""num_decks"": 6, ""cut_card"": 52, ""dealer_hits_soft_17"": false, ""hole_card"": true, ""pay_bj"": 1.5, ""allow_double"": true, ""table_max"": 500}"
0412213f,martingale,18,1150,150,6,11,1,0.3333333333333333,84.72222222222223,375,0,0,"{""num_decks"": 6, ""cut_card"": 52, ""dealer_hits_soft_17"": false, ""hole_card"": true, ""pay_bj"": 1.5, ""allow_double"": true, ""table_max"": 500}"
001951d0,martingale,18,1175,175,7,10,1,0.3888888888888889,100.0,375,0,0,"{""num_decks"": 6, ""cut_card"": 52, ""dealer_hits_soft_17"": false, ""hole_card"": true, ""pay_bj"": 1.5, ""allow_double"": true, ""table_max"": 500}"
7994c575,martingale,18,1150,150,8,6,4,0.4444444444444444,44.44444444444444,75,0,0,"{""num_decks"": 6, ""cut_card"": 52, ""dealer_hits_soft_17"": false, ""hole_card"": true, ""pay_bj"": 1.5, ""allow_double"": true, ""table_max"": 500}"
4058815c,martingale,18,1362,362,12,4,2,0.6666666666666666,33.333333333333336,75,0,0,"{""num_decks"": 6, ""cut_card"": 52, ""dealer_hits_soft_17"": false, ""hole_card"": true, ""pay_bj"": 1.5, ""allow_double"": true, ""table_max"": 500}"
885b5669,martingale,18,1150,150,7,11,0,0.3888888888888889,87.5,375,0,0,"{""num_decks"": 6, ""cut_card"": 52, ""dealer_hits_soft_17"": false, ""hole_card"": true, ""pay_bj"": 1.5, ""allow_double"": true, ""table_max"": 500}"
7b5821cf,martingale,18,1087,87,7,9,2,0.3888888888888889,52.77777777777778,275,0,0,"{""num_decks"": 6, ""cut_card"": 52, ""dealer_hits_soft_17"": false, ""hole_card"": true, ""pay_bj"": 1.5, ""allow_double"": true, ""table_max"": 500}"
62fe7643,martingale,18,1125,125,5,11,2,0.2777777777777778,69.44444444444444,175,0,0,"{""num_decks"": 6, ""cut_card"": 52, ""dealer_hits_soft_17"": false, ""hole_card"": true, ""pay_bj"": 1.5, ""allow_double"": true, ""table_max"": 500}"
15ec9830,martingale,8,0,-1000,2,6,0,0.25,137.5,1075,0,1,"{""num_decks"": 6, ""cut_card"": 52, ""dealer_hits_soft_17"": false, ""hole_card"": true, ""pay_bj"": 1.5, ""allow_double"": true, ""table_max"": 500}"
11647196,martingale,18,1375,375,10,7,1,0.5555555555555556,40.27777777777778,75,0,0,"{""num_decks"": 6, ""cut_card"": 52, ""dealer_hits_soft_17"": false, ""hole_card"": true, ""pay_bj"": 1.5, ""allow_double"": true, ""table_max"": 500}"
fa4ed8ca,martingale,18,650,-350,6,9,3,0.3333333333333333,97.22222222222223,775,0,0,"{""num_decks"": 6, ""cut_card"": 52, ""dealer_hits_soft_17"": false, ""hole_card"": true, ""pay_bj"": 1.5, ""allow_double"": true, ""table_max"": 500}"
56b58999,martingale,18,1387,387,12,5,1,0.6666666666666666,33.333333333333336,75,0,0,"{""num_decks"": 6, ""cut_card"": 52, ""dealer_hits_soft_17"": false, ""hole_card"": true, ""pay_bj"": 1.5, ""allow_double"": true, ""table_max"": 500}"
3fdb41d3,martingale,18,1299,299,9,7,2,0.5,38.888888888888886,75,0,0,"{""num_decks"": 6, ""cut_card"": 52, ""dealer_hits_soft_17"": false, ""hole_card"": true, ""pay_bj"": 1.5, ""allow_double"": true, ""table_max"": 500}"
c1487b4d,martingale,18,1224,224,8,9,1,0.4444444444444444,51.388888888888886,175,0,0,"{""num_decks"": 6, ""cut_card"": 52, ""dealer_hits_soft_17"": false, ""hole_card"": true, ""pay_bj"": 1.5, ""allow_double"": true, ""table_max"": 500}"
a7136af6,martingale,18,1262,262,11,6,1,0.6111111111111112,36.111111111111114,75,0,0,"{""num_decks"": 6, ""cut_card"": 52, ""dealer_hits_soft_17"": false, ""hole_card"": true, ""pay_bj"": 1.5, ""allow_double"": true, ""table_max"": 500}"
261a7f54,martingale,18,1262,262,8,9,1,0.4444444444444444,72.22222222222223,175,0,0,"{""num_decks"": 6, ""cut_card"": 52, ""dealer_hits_soft_17"": false, ""hole_card"": true, ""pay_bj"": 1.5, ""allow_double"": true, ""table_max"": 500}"
d216205f,martingale,18,1175,175,7,11,0,0.3888888888888889,80.55555555555556,425,0,0,"{""num_decks"": 6, ""cut_card"": 52, ""dealer_hits_soft_17"": false, ""hole_card"": true, ""pay_bj"": 1.5, ""allow_double"": true, ""table_max"": 500}"
0ddecace,martingale,18,937,-63,6,7,5,0.3333333333333333,41.666666666666664,175,0,0,"{""num_decks"": 6, ""cut_card"": 52, ""dealer_hits_soft_17"": false, ""hole_card"": true, ""pay_bj"": 1.5, ""allow_double"": true, ""table_max"": 500}"
aab13869,martingale,18,1212,212,8,7,3,0.4444444444444444,68.05555555555556,375,0,0,"{""num_decks"": 6, ""cut_card"": 52, ""dealer_hits_soft_17"": false, ""hole_card"": true, ""pay_bj"": 1.5, ""allow_double"": true, ""table_max"": 500}"
e51f97f7,martingale,18,1225,225,8,10,0,0.4444444444444444,55.55555555555556,275,0,0,"{""num_decks"": 6, ""cut_card"": 52, ""dealer_hits_soft_17"": false, ""hole_card"": true, ""pay_bj"": 1.5, ""allow_double"": true, ""table_max"": 500}"
b1d5edbe,martingale,18,1275,275,11,7,0,0.6111111111111112,36.111111111111114,100,0,0,"{""num_decks"": 6, ""cut_card"": 52, ""dealer_hits_soft_17"": false, ""hole_card"": true, ""pay_bj"": 1.5, ""allow_double"": true, ""table_max"": 500}"
7f3b5b6a,martingale,18,1125,125,8,10,0,0.4444444444444444,51.388888888888886,175,0,0,"{""num_decks"": 6, ""cut_card"": 52, ""dealer_hits_soft_17"": false, ""hole_card"": true, ""pay_bj"": 1.5, ""allow_double"": true, ""table_max"": 500}"
abfa16b6,martingale,18,1187,187,8,8,2,0.4444444444444444,70.83333333333333,175,0,0,"{""num_decks"": 6, ""cut_card"": 52, ""dealer_hits_soft_17"": false, ""hole_card"": true, ""pay_bj"": 1.5, ""allow_double"": true, ""table_max"": 500}"
11ee141c,martingale,18,1100,100,8,9,1,0.4444444444444444,51.388888888888886,275,0,0,"{""num_decks"": 6, ""cut_card"": 52, ""dealer_hits_soft_17"": false, ""hole_card"": true, ""pay_bj"": 1.5, ""allow_double"": true, ""table_max"": 500}"
41dc25b8,martingale,18,1212,212,8,8,2,0.4444444444444444,48.611111111111114,75,0,0,"{""num_decks"": 6, ""cut_card"": 52, ""dealer_hits_soft_17"": false, ""hole_card"": true, ""pay_bj"": 1.5, ""allow_double"": true, ""table_max"": 500}"
ccd4bf04,martingale,18,1212,212,9,7,2,0.5,65.27777777777777,375,0,0,"{""num_decks"": 6, ""cut_card"": 52, ""dealer_hits_soft_17"": false, ""hole_card"": true, ""pay_bj"": 1.5, ""allow_double"": true, ""table_max"": 500}"
19c32725,martingale,9,0,-1000,1,6,2,0.1111111111111111,144.44444444444446,1025,0,1,"{""num_decks"": 6, ""cut_card"": 52, ""dealer_hits_soft_17"": false, ""hole_card"": true, ""pay_bj"": 1.5, ""allow_double"": true, ""table_max"": 500}"
069c795a,martingale,18,1275,275,10,8,0,0.5555555555555556,45.833333333333336,175,0,0,"{""num_decks"": 6, ""cut_card"": 52, ""dealer_hits_soft_17"": false, ""hole_card"": true, ""pay_bj"": 1.5, ""allow_double"": true, ""table_max"": 500}"
bf77ad8d,martingale,18,937,-63,7,8,3,0.3888888888888889,45.833333333333336,175,0,0,"{""num_decks"": 6, ""cut_card"": 52, ""dealer_hits_soft_17"": false, ""hole_card"": true, ""pay_bj"": 1.5, ""allow_double"": true, ""table_max"": 500}"
14952334,martingale,18,1287,287,10,8,0,0.5555555555555556,48.611111111111114,175,0,0,"{""num_decks"": 6, ""cut_card"": 52, ""dealer_hits_soft_17"": false, ""hole_card"": true, ""pay_bj"": 1.5, ""allow_double"": true, ""table_max"": 500}"
126c0b3a,martingale,18,1437,437,9,9,0,0.5,79.16666666666667,375,0,0,"{""num_decks"": 6, ""cut_card"": 52, ""dealer_hits_soft_17"": false, ""hole_card"": true, ""pay_bj"": 1.5, ""allow_double"": true, ""table_max"": 500}"
66182849,martingale,18,1250,250,10,6,2,0.5555555555555556,38.888888888888886,75,0,0,"{""num_decks"": 6, ""cut_card"": 52, ""dealer_hits_soft_17"": false, ""hole_card"": true, ""pay_bj"": 1.5, ""allow_double"": true, ""table_max"": 500}"
b866d2e5,paroli,18,825,-175,8,10,0,0.4444444444444444,37.5,275,0,0,"{""num_decks"": 6, ""cut_card"": 52, ""dealer_hits_soft_17"": false, ""hole_card"": true, ""pay_bj"": 1.5, ""allow_double"": true, ""table_max"": 500}"
c207ffa0,paroli,18,675,-325,6,11,1,0.3333333333333333,36.111111111111114,400,0,0,"{""num_decks"": 6, ""cut_card"": 52, ""dealer_hits_soft_17"": false, ""hole_card"": true, ""pay_bj"": 1.5, ""allow_double"": true, ""table_max"": 500}"
11e9285a,paroli,18,949,-51,8,8,2,0.4444444444444444,41.666666666666664,188,0,0,"{""num_decks"": 6, ""cut_card"": 52, ""dealer_hits_soft_17"": false, ""hole_card"": true, ""pay_bj"": 1.5, ""allow_double"": true, ""table_max"": 500}"
84a015db,paroli,18,825,-175,5,11,2,0.2777777777777778,38.888888888888886,225,0,0,"{""num_decks"": 6, ""cut_card"": 52, ""dealer_hits_soft_17"": false, ""hole_card"": true, ""pay_bj"": 1.5, ""allow_double"": true, ""table_max"": 500}"
4d8dd686,paroli,18,1037,37,10,8,0,0.5555555555555556,45.833333333333336,150,0,0,"{""num_decks"": 6, ""cut_card"": 52, ""dealer_hits_soft_17"": false, ""hole_card"": true, ""pay_bj"": 1.5, ""allow_double"": true, ""table_max"": 500}"
ccc1d61c,paroli,18,850,-150,7,9,2,0.3888888888888889,36.111111111111114,325,0,0,"{""num_decks"": 6, ""cut_card"": 52, ""dealer_hits_soft_17"": false, ""hole_card"": true, ""pay_bj"": 1.5, ""allow_double"": true, ""table_max"": 500}"
62ec94d9,paroli,18,1200,200,9,9,0,0.5,43.05555555555556,225,0,0,"{""num_decks"": 6, ""cut_card"": 52, ""dealer_hits_soft_17"": false, ""hole_card"": true, ""pay_bj"": 1.5, ""allow_double"": true, ""table_max"": 500}"
17b104d0,paroli,18,775,-225,6,10,2,0.3333333333333333,36.111111111111114,300,0,0,"{""num_decks"": 6, ""cut_card"": 52, ""dealer_hits_soft_17"": false, ""hole_card"": true, ""pay_bj"": 1.5, ""allow_double"": true, ""table_max"": 500}"
94e2bea3,paroli,18,1225,225,10,7,1,0.5555555555555556,45.833333333333336,200,0,0,"{""num_decks"": 6, ""cut_card"": 52, ""dealer_hits_soft_17"": false, ""hole_card"": true, ""pay_bj"": 1.5, ""allow_double"": true, ""table_max"": 500}"
81fd21b2,paroli,18,1162,162,8,8,2,0.4444444444444444,38.888888888888886,175,0,0,"{""num_decks"": 6, ""cut_card"": 52, ""dealer_hits_soft_17"": false, ""hole_card"": true, ""pay_bj"": 1.5, ""allow_double"": true, ""table_max"": 500}"
54e8b297,paroli,18,900,-100,7,10,1,0.3888888888888889,36.111111111111114,200,0,0,"{""num_decks"": 6, ""cut_card"": 52, ""dealer_hits_soft_17"": false, ""hole_card"": true, ""pay_bj"": 1.5, ""allow_double"": true, ""table_max"": 500}"
8a3d70d0,paroli,18,762,-238,7,11,0,0.3888888888888889,40.27777777777778,275,0,0,"{""num_decks"": 6, ""cut_card"": 52, ""dealer_hits_soft_17"": false, ""hole_card"": true, ""pay_bj"": 1.5, ""allow_double"": true, ""table_max"": 500}"
73abb998,paroli,18,1275,275,11,7,0,0.6111111111111112,41.666666666666664,250,0,0,"{""num_decks"": 6, ""cut_card"": 52, ""dealer_hits_soft_17"": false, ""hole_card"": true, ""pay_bj"": 1.5, ""allow_double"": true, ""table_max"": 500}"
7b792c44,paroli,18,924,-76,7,11,0,0.3888888888888889,34.72222222222222,175,0,0,"{""num_decks"": 6, ""cut_card"": 52, ""dealer_hits_soft_17"": false, ""hole_card"": true, ""pay_bj"": 1.5, ""allow_double"": true, ""table_max"": 500}"
da86412f,paroli,18,925,-75,7,9,2,0.3888888888888889,38.888888888888886,200,0,0,"{""num_decks"": 6, ""cut_card"": 52, ""dealer_hits_soft_17"": false, ""hole_card"": true, ""pay_bj"": 1.5, ""allow_double"": true, ""table_max"": 500}"
7880987b,paroli,18,725,-275,8,9,1,0.4444444444444444,43.05555555555556,300,0,0,"{""num_decks"": 6, ""cut_card"": 52, ""dealer_hits_soft_17"": false, ""hole_card"": true, ""pay_bj"": 1.5, ""allow_double"": true, ""table_max"": 500}"
42b48855,paroli,18,975,-25,6,8,4,0.3333333333333333,36.111111111111114,175,0,0,"{""num_decks"": 6, ""cut_card"": 52, ""dealer_hits_soft_17"": false, ""hole_card"": true, ""pay_bj"": 1.5, ""allow_double"": true, ""table_max"": 500}"
fadf5542,paroli,18,1537,537,11,5,2,0.6111111111111112,44.44444444444444,75,0,0,"{""num_decks"": 6, ""cut_card"": 52, ""dealer_hits_soft_17"": false, ""hole_card"": true, ""pay_bj"": 1.5, ""allow_double"": true, ""table_max"": 500}"
17b47518,paroli,18,1175,175,8,9,1,0.4444444444444444,38.888888888888886,225,0,0,"{""num_decks"": 6, ""cut_card"": 52, ""dealer_hits_soft_17"": false, ""hole_card"": true, ""pay_bj"": 1.5, ""allow_double"": true, ""table_max"": 500}"
48082d67,paroli,18,937,-63,7,10,1,0.3888888888888889,34.72222222222222,200,0,0,"{""num_decks"": 6, ""cut_card"": 52, ""dealer_hits_soft_17"": false, ""hole_card"": true, ""pay_bj"": 1.5, ""allow_double"": true, ""table_max"": 500}"
8f87e6da,paroli,18,950,-50,5,12,1,0.2777777777777778,31.944444444444443,175,0,0,"{""num_decks"": 6, ""cut_card"": 52, ""dealer_hits_soft_17"": false, ""hole_card"": true, ""pay_bj"": 1.5, ""allow_double"": true, ""table_max"": 500}"
0a15e8b0,paroli,18,962,-38,7,8,3,0.3888888888888889,41.666666666666664,188,0,0,"{""num_decks"": 6, ""cut_card"": 52, ""dealer_hits_soft_17"": false, ""hole_card"": true, ""pay_bj"": 1.5, ""allow_double"": true, ""table_max"": 500}"
00e1878c,paroli,18,1187,187,9,9,0,0.5,43.05555555555556,350,0,0,"{""num_decks"": 6, ""cut_card"": 52, ""dealer_hits_soft_17"": false, ""hole_card"": true, ""pay_bj"": 1.5, ""allow_double"": true, ""table_max"": 500}"
3b143712,paroli,18,775,-225,6,9,3,0.3333333333333333,41.666666666666664,250,0,0,"{""num_decks"": 6, ""cut_card"": 52, ""dealer_hits_soft_17"": false, ""hole_card"": true, ""pay_bj"": 1.5, ""allow_double"": true, ""table_max"": 500}"
95492022,paroli,18,987,-13,8,10,0,0.4444444444444444,43.05555555555556,263,0,0,"{""num_decks"": 6, ""cut_card"": 52, ""dealer_hits_soft_17"": false, ""hole_card"": true, ""pay_bj"": 1.5, ""allow_double"": true, ""table_max"": 500}"
4d2ddb5b,paroli,18,1537,537,13,4,1,0.7222222222222222,45.833333333333336,50,0,0,"{""num_decks"": 6, ""cut_card"": 52, ""dealer_hits_soft_17"": false, ""hole_card"": true, ""pay_bj"": 1.5, ""allow_double"": true, ""table_max"": 500}"
6abc9b06,paroli,18,875,-125,6,9,3,0.3333333333333333,36.111111111111114,225,0,0,"{""num_decks"": 6, ""cut_card"": 52, ""dealer_hits_soft_17"": false, ""hole_card"": true, ""pay_bj"": 1.5, ""allow_double"": true, ""table_max"": 500}"
ed336610,paroli,18,1125,125,11,6,1,0.6111111111111112,48.611111111111114,225,0,0,"{""num_decks"": 6, ""cut_card"": 52, ""dealer_hits_soft_17"": false, ""hole_card"": true, ""pay_bj"": 1.5, ""allow_double"": true, ""table_max"": 500}"
91378a33,paroli,18,1000,0,7,8,3,0.3888888888888889,43.05555555555556,125,0,0,"{""num_decks"": 6, ""cut_card"": 52, ""dealer_hits_soft_17"": false, ""hole_card"": true, ""pay_bj"": 1.5, ""allow_double"": true, ""table_max"": 500}"
b74360e6,paroli,18,1050,50,7,8,3,0.3888888888888889,38.888888888888886,200,0,0,"{""num_decks"": 6, ""cut_card"": 52, ""dealer_hits_soft_17"": false, ""hole_card"": true, ""pay_bj"": 1.5, ""allow_double"": true, ""table_max"": 500}"
5deed410,paroli,18,1000,0,4,9,5,0.2222222222222222,36.111111111111114,125,0,0,"{""num_decks"": 6, ""cut_card"": 52, ""dealer_hits_soft_17"": false, ""hole_card"": true, ""pay_bj"": 1.5, ""allow_double"": true, ""table_max"": 500}"
b63f5d14,paroli,18,1237,237,10,7,1,0.5555555555555556,48.611111111111114,175,0,0,"{""num_decks"": 6, ""cut_card"": 52, ""dealer_hits_soft_17"": false, ""hole_card"": true, ""pay_bj"": 1.5, ""allow_double"": true, ""table_max"": 500}"
ac26a2c1,paroli,18,825,-175,7,8,3,0.3888888888888889,41.666666666666664,275,0,0,"{""num_decks"": 6, ""cut_card"": 52, ""dealer_hits_soft_17"": false, ""hole_card"": true, ""pay_bj"": 1.5, ""allow_double"": true, ""table_max"": 500}"
1762b1c3,paroli,18,1075,75,9,7,2,0.5,44.44444444444444,225,0,0,"{""num_decks"": 6, ""cut_card"": 52, ""dealer_hits_soft_17"": false, ""hole_card"": true, ""pay_bj"": 1.5, ""allow_double"": true, ""table_max"": 500}"
bb8a1417,paroli,18,1112,112,9,7,2,0.5,43.05555555555556,150,0,0,"{""num_decks"": 6, ""cut_card"": 52, ""dealer_hits_soft_17"": false, ""hole_card"": true, ""pay_bj"": 1.5, ""allow_double"": true, ""table_max"": 500}"
ec74bb33,paroli,18,875,-125,4,12,2,0.2222222222222222,31.944444444444443,300,0,0,"{""num_decks"": 6, ""cut_card"": 52, ""dealer_hits_soft_17"": false, ""hole_card"": true, ""pay_bj"": 1.5, ""allow_double"": true, ""table_max"": 500}"
f24e6957,paroli,18,1050,50,7,9,2,0.3888888888888889,36.111111111111114,150,0,0,"{""num_decks"": 6, ""cut_card"": 52, ""dealer_hits_soft_17"": false, ""hole_card"": true, ""pay_bj"": 1.5, ""allow_double"": true, ""table_max"": 500}"
342cdd01,paroli,18,1175,175,10,5,3,0.5555555555555556,54.166666666666664,125,0,0,"{""num_decks"": 6, ""cut_card"": 52, ""dealer_hits_soft_17"": false, ""hole_card"": true, ""pay_bj"": 1.5, ""allow_double"": true, ""table_max"": 500}"
d8f2bfde,paroli,18,774,-226,8,10,0,0.4444444444444444,44.44444444444444,238,0,0,"{""num_decks"": 6, ""cut_card"": 52, ""dealer_hits_soft_17"": false, ""hole_card"": true, ""pay_bj"": 1.5, ""allow_double"": true, ""table_max"": 500}"
a35a79fb,paroli,18,1125,125,9,5,4,0.5,40.27777777777778,175,0,0,"{""num_decks"": 6, ""cut_card"": 52, ""dealer_hits_soft_17"": false, ""hole_card"": true, ""pay_bj"": 1.5, ""allow_double"": true, ""table_max"": 500}"
8d35165a,paroli,18,737,-263,7,10,1,0.3888888888888889,36.111111111111114,325,0,0,"{""num_decks"": 6, ""cut_card"": 52, ""dealer_hits_soft_17"": false, ""hole_card"": true, ""pay_bj"": 1.5, ""allow_double"": true, ""table_max"": 500}"
cc878d78,paroli,18,662,-338,6,10,2,0.3333333333333333,38.888888888888886,338,0,0,"{""num_decks"": 6, ""cut_card"": 52, ""dealer_hits_soft_17"": false, ""hole_card"": true, ""pay_bj"": 1.5, ""allow_double"": true, ""table_max"": 500}"
8a6a8053,paroli,18,975,-25,8,9,1,0.4444444444444444,40.27777777777778,150,0,0,"{""num_decks"": 6, ""cut_card"": 52, ""dealer_hits_soft_17"": false, ""hole_card"": true, ""pay_bj"": 1.5, ""allow_double"": true, ""table_max"": 500}"
47467496,paroli,18,712,-288,3,12,3,0.16666666666666666,31.944444444444443,313,0,0,"{""num_decks"": 6, ""cut_card"": 52, ""dealer_hits_soft_17"": false, ""hole_card"": true, ""pay_bj"": 1.5, ""allow_double"": true, ""table_max"": 500}"
97d3ca75,paroli,18,725,-275,3,12,3,0.16666666666666666,27.77777777777778,325,0,0,"{""num_decks"": 6, ""cut_card"": 52, ""dealer_hits_soft_17"": false, ""hole_card"": true, ""pay_bj"": 1.5, ""allow_double"": true, ""table_max"": 500}"
18fb451c,paroli,18,725,-275,7,10,1,0.3888888888888889,37.5,425,0,0,"{""num_decks"": 6, ""cut_card"": 52, ""dealer_hits_soft_17"": false, ""hole_card"": true, ""pay_bj"": 1.5, ""allow_double"": true, ""table_max"": 500}"
a1342b55,paroli,18,900,-100,7,9,2,0.3888888888888889,37.5,175,0,0,"{""num_decks"": 6, ""cut_card"": 52, ""dealer_hits_soft_17"": false, ""hole_card"": true, ""pay_bj"": 1.5, ""allow_double"": true, ""table_max"": 500}"
6a0b43a6,paroli,18,875,-125,7,11,0,0.3888888888888889,34.72222222222222,300,0,0,"{""num_decks"": 6, ""cut_card"": 52, ""dealer_hits_soft_17"": false, ""hole_card"": true, ""pay_bj"": 1.5, ""allow_double"": true, ""table_max"": 500}"
e9534788,paroli,18,1299,299,12,5,1,0.6666666666666666,47.22222222222222,175,0,0,"{""num_decks"": 6, ""cut_card"": 52, ""dealer_hits_soft_17"": false, ""hole_card"": true, ""pay_bj"": 1.5, ""allow_double"": true, ""table_max"": 500}"
cbbe8e6b,paroli,18,1225,225,10,7,1,0.5555555555555556,41.666666666666664,100,0,0,"{""num_decks"": 6, ""cut_card"": 52, ""dealer_hits_soft_17"": false, ""hole_card"": true, ""pay_bj"": 1.5, ""allow_double"": true, ""table_max"": 500}"
b79b99d4,paroli,18,1062,62,10,7,1,0.5555555555555556,45.833333333333336,138,0,0,"{""num_decks"": 6, ""cut_card"": 52, ""dealer_hits_soft_17"": false, ""hole_card"": true, ""pay_bj"": 1.5, ""allow_double"": true, ""table_max"": 500}"
0db07268,paroli,18,824,-176,9,8,1,0.5,45.833333333333336,313,0,0,"{""num_decks"": 6, ""cut_card"": 52, ""dealer_hits_soft_17"": false, ""hole_card"": true, ""pay_bj"": 1.5, ""allow_double"": true, ""table_max"": 500}"
6f9cea1c,paroli,18,875,-125,8,8,2,0.4444444444444444,40.27777777777778,200,0,0,"{""num_decks"": 6, ""cut_card"": 52, ""dealer_hits_soft_17"": false, ""hole_card"": true, ""pay_bj"": 1.5, ""allow_double"": true, ""table_max"": 500}"
31a4ba5d,paroli,18,1112,112,8,7,3,0.4444444444444444,41.666666666666664,238,0,0,"{""num_decks"": 6, ""cut_card"": 52, ""dealer_hits_soft_17"": false, ""hole_card"": true, ""pay_bj"": 1.5, ""allow_double"": true, ""table_max"": 500}"
3c56404c,paroli,18,824,-176,7,11,0,0.3888888888888889,36.111111111111114,276,0,0,"{""num_decks"": 6, ""cut_card"": 52, ""dealer_hits_soft_17"": false, ""hole_card"": true, ""pay_bj"": 1.5, ""allow_double"": true, ""table_max"": 500}"
d2acfcf5,paroli,18,775,-225,6,10,2,0.3333333333333333,36.111111111111114,350,0,0,"{""num_decks"": 6, ""cut_card"": 52, ""dealer_hits_soft_17"": false, ""hole_card"": true, ""pay_bj"": 1.5, ""allow_double"": true, ""table_max"": 500}"
64ff93df,paroli,18,1062,62,8,7,3,0.4444444444444444,40.27777777777778,125,0,0,"{""num_decks"": 6, ""cut_card"": 52, ""dealer_hits_soft_17"": false, ""hole_card"": true, ""pay_bj"": 1.5, ""allow_double"": true, ""table_max"": 500}"
043f917c,paroli,18,1150,150,7,7,4,0.3888888888888889,40.27777777777778,150,0,0,"{""num_decks"": 6, ""cut_card"": 52, ""dealer_hits_soft_17"": false, ""hole_card"": true, ""pay_bj"": 1.5, ""allow_double"": true, ""table_max"": 500}"
d6adae5e,paroli,18,712,-288,7,10,1,0.3888888888888889,40.27777777777778,375,0,0,"{""num_decks"": 6, ""cut_card"": 52, ""dealer_hits_soft_17"": false, ""hole_card"": true, ""pay_bj"": 1.5, ""allow_double"": true, ""table_max"": 500}"
6e1c3c09,paroli,18,1325,325,11,6,1,0.6111111111111112,44.44444444444444,100,0,0,"{""num_decks"": 6, ""cut_card"": 52, ""dealer_hits_soft_17"": false, ""hole_card"": true, ""pay_bj"": 1.5, ""allow_double"": true, ""table_max"": 500}"
7f9745ea,paroli,18,1212,212,9,9,0,0.5,38.888888888888886,225,0,0,"{""num_decks"": 6, ""cut_card"": 52, ""dealer_hits_soft_17"": false, ""hole_card"": true, ""pay_bj"": 1.5, ""allow_double"": true, ""table_max"": 500}"
8a916687,paroli,18,1049,49,8,9,1,0.4444444444444444,40.27777777777778,125,0,0,"{""num_decks"": 6, ""cut_card"": 52, ""dealer_hits_soft_17"": false, ""hole_card"": true, ""pay_bj"": 1.5, ""allow_double"": true, ""table_max"": 500}"
e4368c0c,paroli,18,675,-325,6,10,2,0.3333333333333333,38.888888888888886,375,0,0,"{""num_decks"": 6, ""cut_card"": 52, ""dealer_hits_soft_17"": false, ""hole_card"": true, ""pay_bj"": 1.5, ""allow_double"": true, ""table_max"": 500}"
ee2f63d9,paroli,18,1350,350,12,5,1,0.6666666666666666,50.0,150,0,0,"{""num_decks"": 6, ""cut_card"": 52, ""dealer_hits_soft_17"": false, ""hole_card"": true, ""pay_bj"": 1.5, ""allow_double"": true, ""table_max"": 500}"
b71fdd98,paroli,18,1000,0,7,8,3,0.3888888888888889,43.05555555555556,175,0,0,"{""num_decks"": 6, ""cut_card"": 52, ""dealer_hits_soft_17"": false, ""hole_card"": true, ""pay_bj"": 1.5, ""allow_double"": true, ""table_max"": 500}"
040911a0,paroli,18,950,-50,6,10,2,0.3333333333333333,37.5,250,0,0,"{""num_decks"": 6, ""cut_card"": 52, ""dealer_hits_soft_17"": false, ""hole_card"": true, ""pay_bj"": 1.5, ""allow_double"": true, ""table_max"": 500}"
9c87ff18,paroli,18,1025,25,7,9,2,0.3888888888888889,36.111111111111114,175,0,0,"{""num_decks"": 6, ""cut_card"": 52, ""dealer_hits_soft_17"": false, ""hole_card"": true, ""pay_bj"": 1.5, ""allow_double"": true, ""table_max"": 500}"
b06fed1b,paroli,18,1475,475,11,7,0,0.6111111111111112,44.44444444444444,75,0,0,"{""num_decks"": 6, ""cut_card"": 52, ""dealer_hits_soft_17"": false, ""hole_card"": true, ""pay_bj"": 1.5, ""allow_double"": true, ""table_max"": 500}"
ebe296da,paroli,18,700,-300,5,12,1,0.2777777777777778,31.944444444444443,300,0,0,"{""num_decks"": 6, ""cut_card"": 52, ""dealer_hits_soft_17"": false, ""hole_card"": true, ""pay_bj"": 1.5, ""allow_double"": true, ""table_max"": 500}"
3fae89e9,paroli,18,775,-225,6,11,1,0.3333333333333333,36.111111111111114,325,0,0,"{""num_decks"": 6, ""cut_card"": 52, ""dealer_hits_soft_17"": false, ""hole_card"": true, ""pay_bj"": 1.5, ""allow_double"": true, ""table_max"": 500}"
e6070f40,paroli,18,775,-225,7,10,1,0.3888888888888889,38.888888888888886,325,0,0,"{""num_decks"": 6, ""cut_card"": 52, ""dealer_hits_soft_17"": false, ""hole_card"": true, ""pay_bj"": 1.5, ""allow_double"": true, ""table_max"": 500}"
36f04d7d,paroli,18,1037,37,8,6,4,0.4444444444444444,40.27777777777778,138,0,0,"{""num_decks"": 6, ""cut_card"": 52, ""dealer_hits_soft_17"": false, ""hole_card"": true, ""pay_bj"": 1.5, ""allow_double"": true, ""table_max"": 500}"
747633fd,paroli,18,1650,650,12,4,2,0.6666666666666666,48.611111111111114,125,0,0,"{""num_decks"": 6, ""cut_card"": 52, ""dealer_hits_soft_17"": false, ""hole_card"": true, ""pay_bj"": 1.5, ""allow_double"": true, ""table_max"": 500}"
1d6dd396,paroli,18,1025,25,7,11,0,0.3888888888888889,37.5,250,0,0,"{""num_decks"": 6, ""cut_card"": 52, ""dealer_hits_soft_17"": false, ""hole_card"": true, ""pay_bj"": 1.5, ""allow_double"": true, ""table_max"": 500}"
1d6da1ea,paroli,18,825,-175,7,9,2,0.3888888888888889,51.388888888888886,225,0,0,"{""num_decks"": 6, ""cut_card"": 52, ""dealer_hits_soft_17"": false, ""hole_card"": true, ""pay_bj"": 1.5, ""allow_double"": true, ""table_max"": 500}"
ea00cd9f,paroli,18,750,-250,5,11,2,0.2777777777777778,31.944444444444443,275,0,0,"{""num_decks"": 6, ""cut_card"": 52, ""dealer_hits_soft_17"": false, ""hole_card"": true, ""pay_bj"": 1.5, ""allow_double"": true, ""table_max"": 500}"
5c8fb2c1,paroli,18,650,-350,5,13,0,0.2777777777777778,36.111111111111114,500,0,0,"{""num_decks"": 6, ""cut_card"": 52, ""dealer_hits_soft_17"": false, ""hole_card"": true, ""pay_bj"": 1.5, ""allow_double"": true, ""table_max"": 500}"
898a14d4,paroli,18,1262,262,10,7,1,0.5555555555555556,41.666666666666664,100,0,0,"{""num_decks"": 6, ""cut_card"": 52, ""dealer_hits_soft_17"": false, ""hole_card"": true, ""pay_bj"": 1.5, ""allow_double"": true, ""table_max"": 500}"
4e4e658e,paroli,18,787,-213,6,9,3,0.3333333333333333,38.888888888888886,288,0,0,"{""num_decks"": 6, ""cut_card"": 52, ""dealer_hits_soft_17"": false, ""hole_card"": true, ""pay_bj"": 1.5, ""allow_double"": true, ""table_max"": 500}"
6c202ea1,paroli,18,1374,374,12,5,1,0.6666666666666666,56.94444444444444,125,0,0,"{""num_decks"": 6, ""cut_card"": 52, ""dealer_hits_soft_17"": false, ""hole_card"": true, ""pay_bj"": 1.5, ""allow_double"": true, ""table_max"": 500}"
ac4486b3,paroli,18,824,-176,9,7,2,0.5,43.05555555555556,250,0,0,"{""num_decks"": 6, ""cut_card"": 52, ""dealer_hits_soft_17"": false, ""hole_card"": true, ""pay_bj"": 1.5, ""allow_double"": true, ""table_max"": 500}"
45502485,paroli,18,1037,37,8,9,1,0.4444444444444444,40.27777777777778,125,0,0,"{""num_decks"": 6, ""cut_card"": 52, ""dealer_hits_soft_17"": false, ""hole_card"": true, ""pay_bj"": 1.5, ""allow_double"": true, ""table_max"": 500}"
df72a9a8,paroli,18,1225,225,11,6,1,0.6111111111111112,45.833333333333336,100,0,0,"{""num_decks"": 6, ""cut_card"": 52, ""dealer_hits_soft_17"": false, ""hole_card"": true, ""pay_bj"": 1.5, ""allow_double"": true, ""table_max"": 500}"
96bb23ff,paroli,18,999,-1,8,9,1,0.4444444444444444,38.888888888888886,225,0,0,"{""num_decks"": 6, ""cut_card"": 52, ""dealer_hits_soft_17"": false, ""hole_card"": true, ""pay_bj"": 1.5, ""allow_double"": true, ""table_max"": 500}"
6a823892,paroli,18,899,-101,7,11,0,0.3888888888888889,36.111111111111114,276,0,0,"{""num_decks"": 6, ""cut_card"": 52, ""dealer_hits_soft_17"": false, ""hole_card"": true, ""pay_bj"": 1.5, ""allow_double"": true, ""table_max"": 500}"
43fb26ba,paroli,18,825,-175,6,7,5,0.3333333333333333,45.833333333333336,275,0,0,"{""num_decks"": 6, ""cut_card"": 52, ""dealer_hits_soft_17"": false, ""hole_card"": true, ""pay_bj"": 1.5, ""allow_double"": true, ""table_max"": 500}"
0e0b86a1,paroli,18,1250,250,8,7,3,0.4444444444444444,45.833333333333336,125,0,0,"{""num_decks"": 6, ""cut_card"": 52, ""dealer_hits_soft_17"": false, ""hole_card"": true, ""pay_bj"": 1.5, ""allow_double"": true, ""table_max"": 500}"
28f17ef4,paroli,18,1062,62,8,10,0,0.4444444444444444,36.111111111111114,175,0,0,"{""num_decks"": 6, ""cut_card"": 52, ""dealer_hits_soft_17"": false, ""hole_card"": true, ""pay_bj"": 1.5, ""allow_double"": true, ""table_max"": 500}"
6fc8f120,paroli,18,1149,149,11,7,0,0.6111111111111112,45.833333333333336,226,0,0,"{""num_decks"": 6, ""cut_card"": 52, ""dealer_hits_soft_17"": false, ""hole_card"": true, ""pay_bj"": 1.5, ""allow_double"": true, ""table_max"": 500}"
0bbaf9fa,paroli,18,925,-75,8,10,0,0.4444444444444444,40.27777777777778,175,0,0,"{""num_decks"": 6, ""cut_card"": 52, ""dealer_hits_soft_17"": false, ""hole_card"": true, ""pay_bj"": 1.5, ""allow_double"": true, ""table_max"": 500}"
21810597,paroli,18,1250,250,8,8,2,0.4444444444444444,41.666666666666664,125,0,0,"{""num_decks"": 6, ""cut_card"": 52, ""dealer_hits_soft_17"": false, ""hole_card"": true, ""pay_bj"": 1.5, ""allow_double"": true, ""table_max"": 500}"
5cc3fb56,paroli,18,1049,49,8,9,1,0.4444444444444444,37.5,201,0,0,"{""num_decks"": 6, ""cut_card"": 52, ""dealer_hits_soft_17"": false, ""hole_card"": true, ""pay_bj"": 1.5, ""allow_double"": true, ""table_max"": 500}"
2b6056a5,paroli,18,837,-163,8,8,2,0.4444444444444444,41.666666666666664,213,0,0,"{""num_decks"": 6, ""cut_card"": 52, ""dealer_hits_soft_17"": false, ""hole_card"": true, ""pay_bj"": 1.5, ""allow_double"": true, ""table_max"": 500}"
13c95971,paroli,18,1025,25,9,7,2,0.5,43.05555555555556,200,0,0,"{""num_decks"": 6, ""cut_card"": 52, ""dealer_hits_soft_17"": false, ""hole_card"": true, ""pay_bj"": 1.5, ""allow_double"": true, ""table_max"": 500}"
9ff644fb,paroli,18,675,-325,3,12,3,0.16666666666666666,31.944444444444443,350,0,0,"{""num_decks"": 6, ""cut_card"": 52, ""dealer_hits_soft_17"": false, ""hole_card"": true, ""pay_bj"": 1.5, ""allow_double"": true, ""table_max"": 500}"
4376476a,paroli,18,999,-1,10,8,0,0.5555555555555556,45.833333333333336,176,0,0,"{""num_decks"": 6, ""cut_card"": 52, ""dealer_hits_soft_17"": false, ""hole_card"": true, ""pay_bj"": 1.5, ""allow_double"": true, ""table_max"": 500}"
34987460,paroli,18,875,-125,7,8,3,0.3888888888888889,38.888888888888886,200,0,0,"{""num_decks"": 6, ""cut_card"": 52, ""dealer_hits_soft_17"": false, ""hole_card"": true, ""pay_bj"": 1.5, ""allow_double"": true, ""table_max"": 500}"
bf0b71c2,paroli,18,1212,212,10,8,0,0.5555555555555556,47.22222222222222,175,0,0,"{""num_decks"": 6, ""cut_card"": 52, ""dealer_hits_soft_17"": false, ""hole_card"": true, ""pay_bj"": 1.5, ""allow_double"": true, ""table_max"": 500}"
7e858dc4,paroli,18,925,-75,9,9,0,0.5,44.44444444444444,250,0,0,"{""num_decks"": 6, ""cut_card"": 52, ""dealer_hits_soft_17"": false, ""hole_card"": true, ""pay_bj"": 1.5, ""allow_double"": true, ""table_max"": 500}"
beb9753b,paroli,18,1200,200,10,6,2,0.5555555555555556,52.77777777777778,175,0,0,"{""num_decks"": 6, ""cut_card"": 52, ""dealer_hits_soft_17"": false, ""hole_card"": true, ""pay_bj"": 1.5, ""allow_double"": true, ""table_max"": 500}"
10324408,1326,18,775,-225,8,10,0,0.4444444444444444,43.05555555555556,350,0,0,"{""num_decks"": 6, ""cut_card"": 52, ""dealer_hits_soft_17"": false, ""hole_card"": true, ""pay_bj"": 1.5, ""allow_double"": true, ""table_max"": 500}"
51f12c2e,1326,18,625,-375,6,11,1,0.3333333333333333,40.27777777777778,475,0,0,"{""num_decks"": 6, ""cut_card"": 52, ""dealer_hits_soft_17"": false, ""hole_card"": true, ""pay_bj"": 1.5, ""allow_double"": true, ""table_max"": 500}"
3acdd83d,1326,18,1099,99,8,8,2,0.4444444444444444,41.666666666666664,175,0,0,"{""num_decks"": 6, ""cut_card"": 52, ""dealer_hits_soft_17"": false, ""hole_card"": true, ""pay_bj"": 1.5, ""allow_double"": true, ""table_max"": 500}"
282b8c0a,1326,18,600,-400,5,11,2,0.2777777777777778,38.888888888888886,425,0,0,"{""num_decks"": 6, ""cut_card"": 52, ""dealer_hits_soft_17"": false, ""hole_card"": true, ""pay_bj"": 1.5, ""allow_double"": true, ""table_max"": 500}"
51b1fc65,1326,18,1337,337,10,8,0,0.5555555555555556,50.0,125,0,0,"{""num_decks"": 6, ""cut_card"": 52, ""dealer_hits_soft_17"": false, ""hole_card"": true, ""pay_bj"": 1.5, ""allow_double"": true, ""table_max"": 500}"
40d4f602,1326,18,875,-125,7,9,2,0.3888888888888889,40.27777777777778,350,0,0,"{""num_decks"": 6, ""cut_card"": 52, ""dealer_hits_soft_17"": false, ""hole_card"": true, ""pay_bj"": 1.5, ""allow_double"": true, ""table_max"": 500}"
02f5422b,1326,18,1287,287,9,9,0,0.5,45.833333333333336,200,0,0,"{""num_decks"": 6, ""cut_card"": 52, ""dealer_hits_soft_17"": false, ""hole_card"": true, ""pay_bj"": 1.5, ""allow_double"": true, ""table_max"": 500}"
0979f39a,1326,18,750,-250,6,10,2,0.3333333333333333,40.27777777777778,350,0,0,"{""num_decks"": 6, ""cut_card"": 52, ""dealer_hits_soft_17"": false, ""hole_card"": true, ""pay_bj"": 1.5, ""allow_double"": true, ""table_max"": 500}"
eb5487b0,1326,18,1149,149,10,7,1,0.5555555555555556,50.0,200,0,0,"{""num_decks"": 6, ""cut_card"": 52, ""dealer_hits_soft_17"": false, ""hole_card"": true, ""pay_bj"": 1.5, ""allow_double"": true, ""table_max"": 500}"
8909ce9a,1326,18,1312,312,8,8,2,0.4444444444444444,43.05555555555556,125,0,0,"{""num_decks"": 6, ""cut_card"": 52, ""dealer_hits_soft_17"": false, ""hole_card"": true, ""pay_bj"": 1.5, ""allow_double"": true, ""table_max"": 500}"
b4e9bcf2,1326,18,950,-50,7,10,1,0.3888888888888889,40.27777777777778,225,0,0,"{""num_decks"": 6, ""cut_card"": 52, ""dealer_hits_soft_17"": false, ""hole_card"": true, ""pay_bj"": 1.5, ""allow_double"": true, ""table_max"": 500}"
f7adcd38,1326,18,862,-138,7,11,0,0.3888888888888889,41.666666666666664,275,0,0,"{""num_decks"": 6, ""cut_card"": 52, ""dealer_hits_soft_17"": false, ""hole_card"": true, ""pay_bj"": 1.5, ""allow_double"": true, ""table_max"": 500}"
1c63fa7f,1326,18,1450,450,11,7,0,0.6111111111111112,55.55555555555556,350,0,0,"{""num_decks"": 6, ""cut_card"": 52, ""dealer_hits_soft_17"": false, ""hole_card"": true, ""pay_bj"": 1.5, ""allow_double"": true, ""table_max"": 500}"
4af50970,1326,18,699,-301,7,11,0,0.3888888888888889,44.44444444444444,338,0,0,"{""num_decks"": 6, ""cut_card"": 52, ""dealer_hits_soft_17"": false, ""hole_card"": true, ""pay_bj"": 1.5, ""allow_double"": true, ""table_max"": 500}"
189f78d0,1326,18,925,-75,7,9,2,0.3888888888888889,45.833333333333336,225,0,0,"{""num_decks"": 6, ""cut_card"": 52, ""dealer_hits_soft_17"": false, ""hole_card"": true, ""pay_bj"": 1.5, ""allow_double"": true, ""table_max"": 500}"
0e3a0642,1326,18,650,-350,8,9,1,0.4444444444444444,45.833333333333336,375,0,0,"{""num_decks"": 6, ""cut_card"": 52, ""dealer_hits_soft_17"": false, ""hole_card"": true, ""pay_bj"": 1.5, ""allow_double"": true, ""table_max"": 500}"
cad2e9c7,1326,18,800,-200,6,8,4,0.3333333333333333,44.44444444444444,325,0,0,"{""num_decks"": 6, ""cut_card"": 52, ""dealer_hits_soft_17"": false, ""hole_card"": true, ""pay_bj"": 1.5, ""allow_double"": true, ""table_max"": 500}"
e8cfbca7,1326,18,1700,700,11,5,2,0.6111111111111112,54.166666666666664,75,0,0,"{""num_decks"": 6, ""cut_card"": 52, ""dealer_hits_soft_17"": false, ""hole_card"": true, ""pay_bj"": 1.5, ""allow_double"": true, ""table_max"": 500}"
0430bcae,1326,18,1262,262,8,9,1,0.4444444444444444,50.0,350,0,0,"{""num_decks"": 6, ""cut_card"": 52, ""dealer_hits_soft_17"": false, ""hole_card"": true, ""pay_bj"": 1.5, ""allow_double"": true, ""table_max"": 500}"
f1a1105f,1326,18,612,-388,7,10,1,0.3888888888888889,44.44444444444444,500,0,0,"{""num_decks"": 6, ""cut_card"": 52, ""dealer_hits_soft_17"": false, ""hole_card"": true, ""pay_bj"": 1.5, ""allow_double"": true, ""table_max"": 500}"
a8489b4e,1326,18,775,-225,5,12,1,0.2777777777777778,38.888888888888886,325,0,0,"{""num_decks"": 6, ""cut_card"": 52, ""dealer_hits_soft_17"": false, ""hole_card"": true, ""pay_bj"": 1.5, ""allow_double"": true, ""table_max"": 500}"
9d53d4a0,1326,18,937,-63,7,8,3,0.3888888888888889,41.666666666666664,163,0,0,"{""num_decks"": 6, ""cut_card"": 52, ""dealer_hits_soft_17"": false, ""hole_card"": true, ""pay_bj"": 1.5, ""allow_double"": true, ""table_max"": 500}"
76714bc6,1326,18,912,-88,9,9,0,0.5,54.166666666666664,313,0,0,"{""num_decks"": 6, ""cut_card"": 52, ""dealer_hits_soft_17"": false, ""hole_card"": true, ""pay_bj"": 1.5, ""allow_double"": true, ""table_max"": 500}"
26f640d0,1326,18,925,-75,6,9,3,0.3333333333333333,36.111111111111114,225,0,0,"{""num_decks"": 6, ""cut_card"": 52, ""dealer_hits_soft_17"": false, ""hole_card"": true, ""pay_bj"": 1.5, ""allow_double"": true, ""table_max"": 500}"
2b77a83c,1326,18,974,-26,8,10,0,0.4444444444444444,47.22222222222222,238,0,0,"{""num_decks"": 6, ""cut_card"": 52, ""dealer_hits_soft_17"": false, ""hole_card"": true, ""pay_bj"": 1.5, ""allow_double"": true, ""table_max"": 500}"
e03398b2,1326,18,1425,425,13,4,1,0.7222222222222222,63.888888888888886,200,0,0,"{""num_decks"": 6, ""cut_card"": 52, ""dealer_hits_soft_17"": false, ""hole_card"": true, ""pay_bj"": 1.5, ""allow_double"": true, ""table_max"": 500}"
40f11c74,1326,18,1025,25,6,9,3,0.3333333333333333,41.666666666666664,200,0,0,"{""num_decks"": 6, ""cut_card"": 52, ""dealer_hits_soft_17"": false, ""hole_card"": true, ""pay_bj"": 1.5, ""allow_double"": true, ""table_max"": 500}"
4281119f,1326,18,1362,362,11,6,1,0.6111111111111112,50.0,125,0,0,"{""num_decks"": 6, ""cut_card"": 52, ""dealer_hits_soft_17"": false, ""hole_card"": true, ""pay_bj"": 1.5, ""allow_double"": true, ""table_max"": 500}"
d7d7718d,1326,18,925,-75,7,8,3,0.3888888888888889,41.666666666666664,175,0,0,"{""num_decks"": 6, ""cut_card"": 52, ""dealer_hits_soft_17"": false, ""hole_card"": true, ""pay_bj"": 1.5, ""allow_double"": true, ""table_max"": 500}"
c90175a9,1326,18,900,-100,7,8,3,0.3888888888888889,40.27777777777778,325,0,0,"{""num_decks"": 6, ""cut_card"": 52, ""dealer_hits_soft_17"": false, ""hole_card"": true, ""pay_bj"": 1.5, ""allow_double"": true, ""table_max"": 500}"
b33331dc,1326,18,950,-50,4,9,5,0.2222222222222222,34.72222222222222,150,0,0,"{""num_decks"": 6, ""cut_card"": 52, ""dealer_hits_soft_17"": false, ""hole_card"": true, ""pay_bj"": 1.5, ""allow_double"": true, ""table_max"": 500}"
7b1fdff9,1326,18,1287,287,10,7,1,0.5555555555555556,50.0,125,0,0,"{""num_decks"": 6, ""cut_card"": 52, ""dealer_hits_soft_17"": false, ""hole_card"": true, ""pay_bj"": 1.5, ""allow_double"": true, ""table_max"": 500}"
c564ea95,1326,18,1050,50,7,8,3,0.3888888888888889,37.5,125,0,0,"{""num_decks"": 6, ""cut_card"": 52, ""dealer_hits_soft_17"": false, ""hole_card"": true, ""pay_bj"": 1.5, ""allow_double"": true, ""table_max"": 500}"
344019a4,1326,18,975,-25,9,7,2,0.5,50.0,225,0,0,"{""num_decks"": 6, ""cut_card"": 52, ""dealer_hits_soft_17"": false, ""hole_card"": true, ""pay_bj"": 1.5, ""allow_double"": true, ""table_max"": 500}"
6004983b,1326,18,937,-63,9,7,2,0.5,51.388888888888886,350,0,0,"{""num_decks"": 6, ""cut_card"": 52, ""dealer_hits_soft_17"": false, ""hole_card"": true, ""pay_bj"": 1.5, ""allow_double"": true, ""table_max"": 500}"
2527ee4e,1326,18,712,-288,4,12,2,0.2222222222222222,38.888888888888886,425,0,0,"{""num_decks"": 6, ""cut_card"": 52, ""dealer_hits_soft_17"": false, ""hole_card"": true, ""pay_bj"": 1.5, ""allow_double"": true, ""table_max"": 500}"
77bda865,1326,18,975,-25,7,9,2,0.3888888888888889,44.44444444444444,175,0,0,"{""num_decks"": 6, ""cut_card"": 52, ""dealer_hits_soft_17"": false, ""hole_card"": true, ""pay_bj"": 1.5, ""allow_double"": true, ""table_max"": 500}"
efaf3230,1326,18,1112,112,10,5,3,0.5555555555555556,48.611111111111114,175,0,0,"{""num_decks"": 6, ""cut_card"": 52, ""dealer_hits_soft_17"": false, ""hole_card"": true, ""pay_bj"": 1.5, ""allow_double"": true, ""table_max"": 500}"
4f738057,1326,18,949,-51,8,10,0,0.4444444444444444,43.05555555555556,150,0,0,"{""num_decks"": 6, ""cut_card"": 52, ""dealer_hits_soft_17"": false, ""hole_card"": true, ""pay_bj"": 1.5, ""allow_double"": true, ""table_max"": 500}"
13017846,1326,18,1325,325,9,5,4,0.5,45.833333333333336,150,0,0,"{""num_decks"": 6, ""cut_card"": 52, ""dealer_hits_soft_17"": false, ""hole_card"": true, ""pay_bj"": 1.5, ""allow_double"": true, ""table_max"": 500}"
a59cab34,1326,18,687,-313,7,10,1,0.3888888888888889,40.27777777777778,375,0,0,"{""num_decks"": 6, ""cut_card"": 52, ""dealer_hits_soft_17"": false, ""hole_card"": true, ""pay_bj"": 1.5, ""allow_double"": true, ""table_max"": 500}"
7d29429f,1326,18,562,-438,6,10,2,0.3333333333333333,41.666666666666664,438,0,0,"{""num_decks"": 6, ""cut_card"": 52, ""dealer_hits_soft_17"": false, ""hole_card"": true, ""pay_bj"": 1.5, ""allow_double"": true, ""table_max"": 500}"
ff4f493c,1326,18,1125,125,8,9,1,0.4444444444444444,45.833333333333336,200,0,0,"{""num_decks"": 6, ""cut_card"": 52, ""dealer_hits_soft_17"": false, ""hole_card"": true, ""pay_bj"": 1.5, ""allow_double"": true, ""table_max"": 500}"
90816944,1326,18,762,-238,3,12,3,0.16666666666666666,31.944444444444443,288,0,0,"{""num_decks"": 6, ""cut_card"": 52, ""dealer_hits_soft_17"": false, ""hole_card"": true, ""pay_bj"": 1.5, ""allow_double"": true, ""table_max"": 500}"
719fef46,1326,18,675,-325,3,12,3,0.16666666666666666,30.555555555555557,375,0,0,"{""num_decks"": 6, ""cut_card"": 52, ""dealer_hits_soft_17"": false, ""hole_card"": true, ""pay_bj"": 1.5, ""allow_double"": true, ""table_max"": 500}"
cb85bf2b,1326,18,650,-350,7,10,1,0.3888888888888889,40.27777777777778,500,0,0,"{""num_decks"": 6, ""cut_card"": 52, ""dealer_hits_soft_17"": false, ""hole_card"": true, ""pay_bj"": 1.5, ""allow_double"": true, ""table_max"": 500}"
92ee1049,1326,18,887,-113,7,9,2,0.3888888888888889,40.27777777777778,175,0,0,"{""num_decks"": 6, ""cut_card"": 52, ""dealer_hits_soft_17"": false, ""hole_card"": true, ""pay_bj"": 1.5, ""allow_double"": true, ""table_max"": 500}"
878020f7,1326,18,650,-350,7,11,0,0.3888888888888889,44.44444444444444,525,0,0,"{""num_decks"": 6, ""cut_card"": 52, ""dealer_hits_soft_17"": false, ""hole_card"": true, ""pay_bj"": 1.5, ""allow_double"": true, ""table_max"": 500}"
a9666c90,1326,18,1324,324,12,5,1,0.6666666666666666,52.77777777777778,175,0,0,"{""num_decks"": 6, ""cut_card"": 52, ""dealer_hits_soft_17"": false, ""hole_card"": true, ""pay_bj"": 1.5, ""allow_double"": true, ""table_max"": 500}"
2d8399c1,1326,18,1225,225,10,7,1,0.5555555555555556,55.55555555555556,125,0,0,"{""num_decks"": 6, ""cut_card"": 52, ""dealer_hits_soft_17"": false, ""hole_card"": true, ""pay_bj"": 1.5, ""allow_double"": true, ""table_max"": 500}"
26e11aa4,1326,18,999,-1,10,7,1,0.5555555555555556,52.77777777777778,175,0,0,"{""num_decks"": 6, ""cut_card"": 52, ""dealer_hits_soft_17"": false, ""hole_card"": true, ""pay_bj"": 1.5, ""allow_double"": true, ""table_max"": 500}"
8aaee4e2,1326,18,1074,74,9,8,1,0.5,43.05555555555556,113,0,0,"{""num_decks"": 6, ""cut_card"": 52, ""dealer_hits_soft_17"": false, ""hole_card"": true, ""pay_bj"": 1.5, ""allow_double"": true, ""table_max"": 500}"
3aeb7825,1326,18,775,-225,8,8,2,0.4444444444444444,48.611111111111114,225,0,0,"{""num_decks"": 6, ""cut_card"": 52, ""dealer_hits_soft_17"": false, ""hole_card"": true, ""pay_bj"": 1.5, ""allow_double"": true, ""table_max"": 500}"
f72e3ddb,1326,18,1137,137,8,7,3,0.4444444444444444,47.22222222222222,263,0,0,"{""num_decks"": 6, ""cut_card"": 52, ""dealer_hits_soft_17"": false, ""hole_card"": true, ""pay_bj"": 1.5, ""allow_double"": true, ""table_max"": 500}"
df963192,1326,18,861,-139,7,11,0,0.3888888888888889,40.27777777777778,276,0,0,"{""num_decks"": 6, ""cut_card"": 52, ""dealer_hits_soft_17"": false, ""hole_card"": true, ""pay_bj"": 1.5, ""allow_double"": true, ""table_max"": 500}"
219296ae,1326,18,750,-250,6,10,2,0.3333333333333333,40.27777777777778,425,0,0,"{""num_decks"": 6, ""cut_card"": 52, ""dealer_hits_soft_17"": false, ""hole_card"": true, ""pay_bj"": 1.5, ""allow_double"": true, ""table_max"": 500}"
a6413d4a,1326,18,1062,62,8,7,3,0.4444444444444444,48.611111111111114,200,0,0,"{""num_decks"": 6, ""cut_card"": 52, ""dealer_hits_soft_17"": false, ""hole_card"": true, ""pay_bj"": 1.5, ""allow_double"": true, ""table_max"": 500}"
da14734e,1326,18,1200,200,7,7,4,0.3888888888888889,38.888888888888886,100,0,0,"{""num_decks"": 6, ""cut_card"": 52, ""dealer_hits_soft_17"": false, ""hole_card"": true, ""pay_bj"": 1.5, ""allow_double"": true, ""table_max"": 500}"
2241c254,1326,18,862,-138,7,10,1,0.3888888888888889,41.666666666666664,325,0,0,"{""num_decks"": 6, ""cut_card"": 52, ""dealer_hits_soft_17"": false, ""hole_card"": true, ""pay_bj"": 1.5, ""allow_double"": true, ""table_max"": 500}"
4542cab8,1326,18,1387,387,11,6,1,0.6111111111111112,50.0,125,0,0,"{""num_decks"": 6, ""cut_card"": 52, ""dealer_hits_soft_17"": false, ""hole_card"": true, ""pay_bj"": 1.5, ""allow_double"": true, ""table_max"": 500}"
9fc58a63,1326,18,1162,162,9,9,0,0.5,45.833333333333336,275,0,0,"{""num_decks"": 6, ""cut_card"": 52, ""dealer_hits_soft_17"": false, ""hole_card"": true, ""pay_bj"": 1.5, ""allow_double"": true, ""table_max"": 500}"
7355791d,1326,18,899,-101,8,9,1,0.4444444444444444,43.05555555555556,238,0,0,"{""num_decks"": 6, ""cut_card"": 52, ""dealer_hits_soft_17"": false, ""hole_card"": true, ""pay_bj"": 1.5, ""allow_double"": true, ""table_max"": 500}"
dc836c98,1326,18,837,-163,6,10,2,0.3333333333333333,38.888888888888886,250,0,0,"{""num_decks"": 6, ""cut_card"": 52, ""dealer_hits_soft_17"": false, ""hole_card"": true, ""pay_bj"": 1.5, ""allow_double"": true, ""table_max"": 500}"
263df551,1326,18,1575,575,12,5,1,0.6666666666666666,51.388888888888886,150,0,0,"{""num_decks"": 6, ""cut_card"": 52, ""dealer_hits_soft_17"": false, ""hole_card"": true, ""pay_bj"": 1.5, ""allow_double"": true, ""table_max"": 500}"
b46339a4,1326,18,937,-63,7,8,3,0.3888888888888889,41.666666666666664,150,0,0,"{""num_decks"": 6, ""cut_card"": 52, ""dealer_hits_soft_17"": false, ""hole_card"": true, ""pay_bj"": 1.5, ""allow_double"": true, ""table_max"": 500}"
b0acffeb,1326,18,800,-200,6,10,2,0.3333333333333333,41.666666666666664,225,0,0,"{""num_decks"": 6, ""cut_card"": 52, ""dealer_hits_soft_17"": false, ""hole_card"": true, ""pay_bj"": 1.5, ""allow_double"": true, ""table_max"": 500}"
0d3c658b,1326,18,1175,175,7,9,2,0.3888888888888889,44.44444444444444,175,0,0,"{""num_decks"": 6, ""cut_card"": 52, ""dealer_hits_soft_17"": false, ""hole_card"": true, ""pay_bj"": 1.5, ""allow_double"": true, ""table_max"": 500}"
f56f0d85,1326,18,1287,287,11,7,0,0.6111111111111112,61.111111111111114,200,0,0,"{""num_decks"": 6, ""cut_card"": 52, ""dealer_hits_soft_17"": false, ""hole_card"": true, ""pay_bj"": 1.5, ""allow_double"": true, ""table_max"": 500}"
959e3db2,1326,18,575,-425,5,12,1,0.2777777777777778,38.888888888888886,425,0,0,"{""num_decks"": 6, ""cut_card"": 52, ""dealer_hits_soft_17"": false, ""hole_card"": true, ""pay_bj"": 1.5, ""allow_double"": true, ""table_max"": 500}"
f7cd2ae4,1326,18,775,-225,6,11,1,0.3333333333333333,40.27777777777778,350,0,0,"{""num_decks"": 6, ""cut_card"": 52, ""dealer_hits_soft_17"": false, ""hole_card"": true, ""pay_bj"": 1.5, ""allow_double"": true, ""table_max"": 500}"
90612e28,1326,18,875,-125,7,10,1,0.3888888888888889,38.888888888888886,300,0,0,"{""num_decks"": 6, ""cut_card"": 52, ""dealer_hits_soft_17"": false, ""hole_card"": true, ""pay_bj"": 1.5, ""allow_double"": true, ""table_max"": 500}"
68494965,1326,18,1012,12,8,6,4,0.4444444444444444,48.611111111111114,113,0,0,"{""num_decks"": 6, ""cut_card"": 52, ""dealer_hits_soft_17"": false, ""hole_card"": true, ""pay_bj"": 1.5, ""allow_double"": true, ""table_max"": 500}"
cccbd5c7,1326,18,1700,700,12,4,2,0.6666666666666666,55.55555555555556,75,0,0,"{""num_decks"": 6, ""cut_card"": 52, ""dealer_hits_soft_17"": false, ""hole_card"": true, ""pay_bj"": 1.5, ""allow_double"": true, ""table_max"": 500}"
6fbbbee2,1326,18,575,-425,7,11,0,0.3888888888888889,50.0,525,0,0,"{""num_decks"": 6, ""cut_card"": 52, ""dealer_hits_soft_17"": false, ""hole_card"": true, ""pay_bj"": 1.5, ""allow_double"": true, ""table_max"": 500}"
2fc1eada,1326,18,1087,87,7,9,2,0.3888888888888889,40.27777777777778,175,0,0,"{""num_decks"": 6, ""cut_card"": 52, ""dealer_hits_soft_17"": false, ""hole_card"": true, ""pay_bj"": 1.5, ""allow_double"": true, ""table_max"": 500}"
88fe5375,1326,18,650,-350,5,11,2,0.2777777777777778,38.888888888888886,375,0,0,"{""num_decks"": 6, ""cut_card"": 52, ""dealer_hits_soft_17"": false, ""hole_card"": true, ""pay_bj"": 1.5, ""allow_double"": true, ""table_max"": 500}"
f8bf7b9d,1326,18,875,-125,5,13,0,0.2777777777777778,33.333333333333336,325,0,0,"{""num_decks"": 6, ""cut_card"": 52, ""dealer_hits_soft_17"": false, ""hole_card"": true, ""pay_bj"": 1.5, ""allow_double"": true, ""table_max"": 500}"
75ac2b07,1326,18,1337,337,10,7,1,0.5555555555555556,48.611111111111114,150,0,0,"{""num_decks"": 6, ""cut_card"": 52, ""dealer_hits_soft_17"": false, ""hole_card"": true, ""pay_bj"": 1.5, ""allow_double"": true, ""table_max"": 500}"
e8e1b571,1326,18,887,-113,6,9,3,0.3333333333333333,38.888888888888886,225,0,0,"{""num_decks"": 6, ""cut_card"": 52, ""dealer_hits_soft_17"": false, ""hole_card"": true, ""pay_bj"": 1.5, ""allow_double"": true, ""table_max"": 500}"
2db22061,1326,18,1486,486,12,5,1,0.6666666666666666,58.333333333333336,150,0,0,"{""num_decks"": 6, ""cut_card"": 52, ""dealer_hits_soft_17"": false, ""hole_card"": true, ""pay_bj"": 1.5, ""allow_double"": true, ""table_max"": 500}"
7c3dd1b4,1326,18,836,-164,9,7,2,0.5,45.833333333333336,238,0,0,"{""num_decks"": 6, ""cut_card"": 52, ""dealer_hits_soft_17"": false, ""hole_card"": true, ""pay_bj"": 1.5, ""allow_double"": true, ""table_max"": 500}"
e0a2597c,1326,18,1211,211,8,9,1,0.4444444444444444,45.833333333333336,138,0,0,"{""num_decks"": 6, ""cut_card"": 52, ""dealer_hits_soft_17"": false, ""hole_card"": true, ""pay_bj"": 1.5, ""allow_double"": true, ""table_max"": 500}"
742d8da6,1326,18,1237,237,11,6,1,0.6111111111111112,56.94444444444444,275,0,0,"{""num_decks"": 6, ""cut_card"": 52, ""dealer_hits_soft_17"": false, ""hole_card"": true, ""pay_bj"": 1.5, ""allow_double"": true, ""table_max"": 500}"
3f7898ff,1326,18,874,-126,8,9,1,0.4444444444444444,45.833333333333336,225,0,0,"{""num_decks"": 6, ""cut_card"": 52, ""dealer_hits_soft_17"": false, ""hole_card"": true, ""pay_bj"": 1.5, ""allow_double"": true, ""table_max"": 500}"
f54defb1,1326,18,649,-351,7,11,0,0.3888888888888889,47.22222222222222,501,0,0,"{""num_decks"": 6, ""cut_card"": 52, ""dealer_hits_soft_17"": false, ""hole_card"": true, ""pay_bj"": 1.5, ""allow_double"": true, ""table_max"": 500}"
fbea4316,1326,18,1012,12,6,7,5,0.3333333333333333,38.888888888888886,175,0,0,"{""num_decks"": 6, ""cut_card"": 52, ""dealer_hits_soft_17"": false, ""hole_card"": true, ""pay_bj"": 1.5, ""allow_double"": true, ""table_max"": 500}"
52237e34,1326,18,1087,87,8,7,3,0.4444444444444444,47.22222222222222,225,0,0,"{""num_decks"": 6, ""cut_card"": 52, ""dealer_hits_soft_17"": false, ""hole_card"": true, ""pay_bj"": 1.5, ""allow_double"": true, ""table_max"": 500}"
80c9e9ce,1326,18,762,-238,8,10,0,0.4444444444444444,47.22222222222222,288,0,0,"{""num_decks"": 6, ""cut_card"": 52, ""dealer_hits_soft_17"": false, ""hole_card"": true, ""pay_bj"": 1.5, ""allow_double"": true, ""table_max"": 500}"
165fcbda,1326,18,1524,524,11,7,0,0.6111111111111112,54.166666666666664,125,0,0,"{""num_decks"": 6, ""cut_card"": 52, ""dealer_hits_soft_17"": false, ""hole_card"": true, ""pay_bj"": 1.5, ""allow_double"": true, ""table_max"": 500}"
8388fcd6,1326,18,775,-225,8,10,0,0.4444444444444444,48.611111111111114,275,0,0,"{""num_decks"": 6, ""cut_card"": 52, ""dealer_hits_soft_17"": false, ""hole_card"": true, ""pay_bj"": 1.5, ""allow_double"": true, ""table_max"": 500}"
bc0132e4,1326,18,1062,62,8,8,2,0.4444444444444444,51.388888888888886,250,0,0,"{""num_decks"": 6, ""cut_card"": 52, ""dealer_hits_soft_17"": false, ""hole_card"": true, ""pay_bj"": 1.5, ""allow_double"": true, ""table_max"": 500}"
32ff7315,1326,18,724,-276,8,9,1,0.4444444444444444,50.0,326,0,0,"{""num_decks"": 6, ""cut_card"": 52, ""dealer_hits_soft_17"": false, ""hole_card"": true, ""pay_bj"": 1.5, ""allow_double"": true, ""table_max"": 500}"
e5b0f584,1326,18,899,-101,8,8,2,0.4444444444444444,44.44444444444444,200,0,0,"{""num_decks"": 6, ""cut_card"": 52, ""dealer_hits_soft_17"": false, ""hole_card"": true, ""pay_bj"": 1.5, ""allow_double"": true, ""table_max"": 500}"
020f1446,1326,18,1112,112,9,7,2,0.5,47.22222222222222,225,0,0,"{""num_decks"": 6, ""cut_card"": 52, ""dealer_hits_soft_17"": false, ""hole_card"": true, ""pay_bj"": 1.5, ""allow_double"": true, ""table_max"": 500}"
db3f73b2,1326,18,725,-275,3,12,3,0.16666666666666666,31.944444444444443,350,0,0,"{""num_decks"": 6, ""cut_card"": 52, ""dealer_hits_soft_17"": false, ""hole_card"": true, ""pay_bj"": 1.5, ""allow_double"": true, ""table_max"": 500}"
9d0a4385,1326,18,924,-76,10,8,0,0.5555555555555556,52.77777777777778,250,0,0,"{""num_decks"": 6, ""cut_card"": 52, ""dealer_hits_soft_17"": false, ""hole_card"": true, ""pay_bj"": 1.5, ""allow_double"": true, ""table_max"": 500}"
ebb81511,1326,18,937,-63,7,8,3,0.3888888888888889,45.833333333333336,225,0,0,"{""num_decks"": 6, ""cut_card"": 52, ""dealer_hits_soft_17"": false, ""hole_card"": true, ""pay_bj"": 1.5, ""allow_double"": true, ""table_max"": 500}"
9f93d5af,1326,18,1212,212,10,8,0,0.5555555555555556,54.166666666666664,200,0,0,"{""num_decks"": 6, ""cut_card"": 52, ""dealer_hits_soft_17"": false, ""hole_card"": true, ""pay_bj"": 1.5, ""allow_double"": true, ""table_max"": 500}"
99091d8a,1326,18,1162,162,9,9,0,0.5,43.05555555555556,150,0,0,"{""num_decks"": 6, ""cut_card"": 52, ""dealer_hits_soft_17"": false, ""hole_card"": true, ""pay_bj"": 1.5, ""allow_double"": true, ""table_max"": 500}"
03d68feb,1326,18,1125,125,10,6,2,0.5555555555555556,45.833333333333336,150,0,0,"{""num_decks"": 6, ""cut_card"": 52, ""dealer_hits_soft_17"": false, ""hole_card"": true, ""pay_bj"": 1.5, ""allow_double"": true, ""table_max"": 500}"
3ed885ae,oscars_grind,18,950,-50,8,10,0,0.4444444444444444,68.05555555555556,400,0,0,"{""num_decks"": 6, ""cut_card"": 52, ""dealer_hits_soft_17"": false, ""hole_card"": true, ""pay_bj"": 1.5, ""allow_double"": true, ""table_max"": 500}"
32971bb1,oscars_grind,18,475,-525,6,11,1,0.3333333333333333,62.5,575,0,0,"{""num_decks"": 6, ""cut_card"": 52, ""dealer_hits_soft_17"": false, ""hole_card"": true, ""pay_bj"": 1.5, ""allow_double"": true, ""table_max"": 500}"
52322067,oscars_grind,18,1274,274,8,8,2,0.4444444444444444,44.44444444444444,125,0,0,"{""num_decks"": 6, ""cut_card"": 52, ""dealer_hits_soft_17"": false, ""hole_card"": true, ""pay_bj"": 1.5, ""allow_double"": true, ""table_max"": 500}"
5bbc00f5,oscars_grind,18,800,-200,5,11,2,0.2777777777777778,34.72222222222222,225,0,0,"{""num_decks"": 6, ""cut_card"": 52, ""dealer_hits_soft_17"": false, ""hole_card"": true, ""pay_bj"": 1.5, ""allow_double"": true, ""table_max"": 500}"
88ff1526,oscars_grind,18,1212,212,10,8,0,0.5555555555555556,38.888888888888886,100,0,0,"{""num_decks"": 6, ""cut_card"": 52, ""dealer_hits_soft_17"": false, ""hole_card"": true, ""pay_bj"": 1.5, ""allow_double"": true, ""table_max"": 500}"
2d93f043,oscars_grind,18,900,-100,7,9,2,0.3888888888888889,59.72222222222222,475,0,0,"{""num_decks"": 6, ""cut_card"": 52, ""dealer_hits_soft_17"": false, ""hole_card"": true, ""pay_bj"": 1.5, ""allow_double"": true, ""table_max"": 500}"
92721923,oscars_grind,18,1150,150,9,9,0,0.5,77.77777777777777,500,0,0,"{""num_decks"": 6, ""cut_card"": 52, ""dealer_hits_soft_17"": false, ""hole_card"": true, ""pay_bj"": 1.5, ""allow_double"": true, ""table_max"": 500}"
8d9de64c,oscars_grind,18,675,-325,6,10,2,0.3333333333333333,59.72222222222222,375,0,0,"{""num_decks"": 6, ""cut_card"": 52, ""dealer_hits_soft_17"": false, ""hole_card"": true, ""pay_bj"": 1.5, ""allow_double"": true, ""table_max"": 500}"
23e7b1d7,oscars_grind,18,1150,150,10,7,1,0.5555555555555556,44.44444444444444,300,0,0,"{""num_decks"": 6, ""cut_card"": 52, ""dealer_hits_soft_17"": false, ""hole_card"": true, ""pay_bj"": 1.5, ""allow_double"": true, ""table_max"": 500}"
680a60c3,oscars_grind,18,1300,300,8,8,2,0.4444444444444444,38.888888888888886,150,0,0,"{""num_decks"": 6, ""cut_card"": 52, ""dealer_hits_soft_17"": false, ""hole_card"": true, ""pay_bj"": 1.5, ""allow_double"": true, ""table_max"": 500}"
f554b0ed,oscars_grind,18,1175,175,7,10,1,0.3888888888888889,86.11111111111111,300,0,0,"{""num_decks"": 6, ""cut_card"": 52, ""dealer_hits_soft_17"": false, ""hole_card"": true, ""pay_bj"": 1.5, ""allow_double"": true, ""table_max"": 500}"
e2589276,oscars_grind,18,437,-563,7,11,0,0.3888888888888889,88.88888888888889,700,0,0,"{""num_decks"": 6, ""cut_card"": 52, ""dealer_hits_soft_17"": false, ""hole_card"": true, ""pay_bj"": 1.5, ""allow_double"": true, ""table_max"": 500}"
28c70f59,oscars_grind,18,1250,250,11,7,0,0.6111111111111112,45.833333333333336,250,0,0,"{""num_decks"": 6, ""cut_card"": 52, ""dealer_hits_soft_17"": false, ""hole_card"": true, ""pay_bj"": 1.5, ""allow_double"": true, ""table_max"": 500}"
42b0b8f7,oscars_grind,18,899,-101,7,11,0,0.3888888888888889,54.166666666666664,300,0,0,"{""num_decks"": 6, ""cut_card"": 52, ""dealer_hits_soft_17"": false, ""hole_card"": true, ""pay_bj"": 1.5, ""allow_double"": true, ""table_max"": 500}"
115b4ee6,oscars_grind,18,800,-200,7,9,2,0.3888888888888889,36.111111111111114,350,0,0,"{""num_decks"": 6, ""cut_card"": 52, ""dealer_hits_soft_17"": false, ""hole_card"": true, ""pay_bj"": 1.5, ""allow_double"": true, ""table_max"": 500}"
93a7c725,oscars_grind,18,975,-25,8,9,1,0.4444444444444444,52.77777777777778,200,0,0,"{""num_decks"": 6, ""cut_card"": 52, ""dealer_hits_soft_17"": false, ""hole_card"": true, ""pay_bj"": 1.5, ""allow_double"": true, ""table_max"": 500}"
eef24b6f,oscars_grind,18,800,-200,6,8,4,0.3333333333333333,52.77777777777778,275,0,0,"{""num_decks"": 6, ""cut_card"": 52, ""dealer_hits_soft_17"": false, ""hole_card"": true, ""pay_bj"": 1.5, ""allow_double"": true, ""table_max"": 500}"
b47e8aa2,oscars_grind,18,1262,262,11,5,2,0.6111111111111112,30.555555555555557,75,0,0,"{""num_decks"": 6, ""cut_card"": 52, ""dealer_hits_soft_17"": false, ""hole_card"": true, ""pay_bj"": 1.5, ""allow_double"": true, ""table_max"": 500}"
72e590b4,oscars_grind,18,900,-100,8,9,1,0.4444444444444444,34.72222222222222,325,0,0,"{""num_decks"": 6, ""cut_card"": 52, ""dealer_hits_soft_17"": false, ""hole_card"": true, ""pay_bj"": 1.5, ""allow_double"": true, ""table_max"": 500}"
6b24e13b,oscars_grind,18,887,-113,7,10,1,0.3888888888888889,51.388888888888886,375,0,0,"{""num_decks"": 6, ""cut_card"": 52, ""dealer_hits_soft_17"": false, ""hole_card"": true, ""pay_bj"": 1.5, ""allow_double"": true, ""table_max"": 500}"
684197e5,oscars_grind,18,825,-175,5,12,1,0.2777777777777778,38.888888888888886,300,0,0,"{""num_decks"": 6, ""cut_card"": 52, ""dealer_hits_soft_17"": false, ""hole_card"": true, ""pay_bj"": 1.5, ""allow_double"": true, ""table_max"": 500}"
1dc41702,oscars_grind,18,987,-13,7,8,3,0.3888888888888889,30.555555555555557,113,0,0,"{""num_decks"": 6, ""cut_card"": 52, ""dealer_hits_soft_17"": false, ""hole_card"": true, ""pay_bj"": 1.5, ""allow_double"": true, ""table_max"": 500}"
03cbe47f,oscars_grind,18,1074,74,9,9,0,0.5,45.833333333333336,275,0,0,"{""num_decks"": 6, ""cut_card"": 52, ""dealer_hits_soft_17"": false, ""hole_card"": true, ""pay_bj"": 1.5, ""allow_double"": true, ""table_max"": 500}"
5feffb5e,oscars_grind,18,975,-25,6,9,3,0.3333333333333333,70.83333333333333,275,0,0,"{""num_decks"": 6, ""cut_card"": 52, ""dealer_hits_soft_17"": false, ""hole_card"": true, ""pay_bj"": 1.5, ""allow_double"": true, ""table_max"": 500}"
efa86e6a,oscars_grind,18,899,-101,8,10,0,0.4444444444444444,50.0,350,0,0,"{""num_decks"": 6, ""cut_card"": 52, ""dealer_hits_soft_17"": false, ""hole_card"": true, ""pay_bj"": 1.5, ""allow_double"": true, ""table_max"": 500}"
015f576d,oscars_grind,18,1362,362,13,4,1,0.7222222222222222,33.333333333333336,50,0,0,"{""num_decks"": 6, ""cut_card"": 52, ""dealer_hits_soft_17"": false, ""hole_card"": true, ""pay_bj"": 1.5, ""allow_double"": true, ""table_max"": 500}"
667eebe2,oscars_grind,18,975,-25,6,9,3,0.3333333333333333,61.111111111111114,400,0,0,"{""num_decks"": 6, ""cut_card"": 52, ""dealer_hits_soft_17"": false, ""hole_card"": true, ""pay_bj"": 1.5, ""allow_double"": true, ""table_max"": 500}"
8472d29f,oscars_grind,18,1212,212,11,6,1,0.6111111111111112,30.555555555555557,75,0,0,"{""num_decks"": 6, ""cut_card"": 52, ""dealer_hits_soft_17"": false, ""hole_card"": true, ""pay_bj"": 1.5, ""allow_double"": true, ""table_max"": 500}"
e2621c5e,oscars_grind,18,975,-25,7,8,3,0.3888888888888889,48.611111111111114,125,0,0,"{""num_decks"": 6, ""cut_card"": 52, ""dealer_hits_soft_17"": false, ""hole_card"": true, ""pay_bj"": 1.5, ""allow_double"": true, ""table_max"": 500}"
6809d0f3,oscars_grind,18,700,-300,7,8,3,0.3888888888888889,62.5,500,0,0,"{""num_decks"": 6, ""cut_card"": 52, ""dealer_hits_soft_17"": false, ""hole_card"": true, ""pay_bj"": 1.5, ""allow_double"": true, ""table_max"": 500}"
9f0cb58d,oscars_grind,18,975,-25,4,9,5,0.2222222222222222,33.333333333333336,125,0,0,"{""num_decks"": 6, ""cut_card"": 52, ""dealer_hits_soft_17"": false, ""hole_card"": true, ""pay_bj"": 1.5, ""allow_double"": true, ""table_max"": 500}"
fc67f3d1,oscars_grind,18,1174,174,10,7,1,0.5555555555555556,34.72222222222222,100,0,0,"{""num_decks"": 6, ""cut_card"": 52, ""dealer_hits_soft_17"": false, ""hole_card"": true, ""pay_bj"": 1.5, ""allow_double"": true, ""table_max"": 500}"
a6d695fa,oscars_grind,18,975,-25,7,8,3,0.3888888888888889,36.111111111111114,175,0,0,"{""num_decks"": 6, ""cut_card"": 52, ""dealer_hits_soft_17"": false, ""hole_card"": true, ""pay_bj"": 1.5, ""allow_double"": true, ""table_max"": 500}"
9815ca00,oscars_grind,18,1150,150,9,7,2,0.5,50.0,250,0,0,"{""num_decks"": 6, ""cut_card"": 52, ""dealer_hits_soft_17"": false, ""hole_card"": true, ""pay_bj"": 1.5, ""allow_double"": true, ""table_max"": 500}"
37c4186a,oscars_grind,18,1137,137,9,7,2,0.5,59.72222222222222,225,0,0,"{""num_decks"": 6, ""cut_card"": 52, ""dealer_hits_soft_17"": false, ""hole_card"": true, ""pay_bj"": 1.5, ""allow_double"": true, ""table_max"": 500}"
ab960bd8,oscars_grind,18,825,-175,4,12,2,0.2222222222222222,26.38888888888889,300,0,0,"{""num_decks"": 6, ""cut_card"": 52, ""dealer_hits_soft_17"": false, ""hole_card"": true, ""pay_bj"": 1.5, ""allow_double"": true, ""table_max"": 500}"
bef03687,oscars_grind,18,1012,12,7,9,2,0.3888888888888889,43.05555555555556,200,0,0,"{""num_decks"": 6, ""cut_card"": 52, ""dealer_hits_soft_17"": false, ""hole_card"": true, ""pay_bj"": 1.5, ""allow_double"": true, ""table_max"": 500}"
3e6d6eb7,oscars_grind,18,1237,237,10,5,3,0.5555555555555556,34.72222222222222,50,0,0,"{""num_decks"": 6, ""cut_card"": 52, ""dealer_hits_soft_17"": false, ""hole_card"": true, ""pay_bj"": 1.5, ""allow_double"": true, ""table_max"": 500}"
76964059,oscars_grind,18,974,-26,8,10,0,0.4444444444444444,38.888888888888886,150,0,0,"{""num_decks"": 6, ""cut_card"": 52, ""dealer_hits_soft_17"": false, ""hole_card"": true, ""pay_bj"": 1.5, ""allow_double"": true, ""table_max"": 500}"
028fb549,oscars_grind,18,1175,175,9,5,4,0.5,31.944444444444443,100,0,0,"{""num_decks"": 6, ""cut_card"": 52, ""dealer_hits_soft_17"": false, ""hole_card"": true, ""pay_bj"": 1.5, ""allow_double"": true, ""table_max"": 500}"
88f96ec6,oscars_grind,18,937,-63,7,10,1,0.3888888888888889,48.611111111111114,200,0,0,"{""num_decks"": 6, ""cut_card"": 52, ""dealer_hits_soft_17"": false, ""hole_card"": true, ""pay_bj"": 1.5, ""allow_double"": true, ""table_max"": 500}"
a74f5e59,oscars_grind,18,650,-350,6,10,2,0.3333333333333333,52.77777777777778,400,0,0,"{""num_decks"": 6, ""cut_card"": 52, ""dealer_hits_soft_17"": false, ""hole_card"": true, ""pay_bj"": 1.5, ""allow_double"": true, ""table_max"": 500}"
45f0fba6,oscars_grind,18,1125,125,8,9,1,0.4444444444444444,37.5,150,0,0,"{""num_decks"": 6, ""cut_card"": 52, ""dealer_hits_soft_17"": false, ""hole_card"": true, ""pay_bj"": 1.5, ""allow_double"": true, ""table_max"": 500}"
73bffcef,oscars_grind,18,687,-313,3,12,3,0.16666666666666666,34.72222222222222,338,0,0,"{""num_decks"": 6, ""cut_card"": 52, ""dealer_hits_soft_17"": false, ""hole_card"": true, ""pay_bj"": 1.5, ""allow_double"": true, ""table_max"": 500}"
5bfe0259,oscars_grind,18,775,-225,3,12,3,0.16666666666666666,27.77777777777778,300,0,0,"{""num_decks"": 6, ""cut_card"": 52, ""dealer_hits_soft_17"": false, ""hole_card"": true, ""pay_bj"": 1.5, ""allow_double"": true, ""table_max"": 500}"
5c0f2a81,oscars_grind,18,675,-325,7,10,1,0.3888888888888889,65.27777777777777,600,0,0,"{""num_decks"": 6, ""cut_card"": 52, ""dealer_hits_soft_17"": false, ""hole_card"": true, ""pay_bj"": 1.5, ""allow_double"": true, ""table_max"": 500}"
d19738e2,oscars_grind,18,1162,162,7,9,2,0.3888888888888889,91.66666666666667,300,0,0,"{""num_decks"": 6, ""cut_card"": 52, ""dealer_hits_soft_17"": false, ""hole_card"": true, ""pay_bj"": 1.5, ""allow_double"": true, ""table_max"": 500}"
b56903e2,oscars_grind,18,800,-200,7,11,0,0.3888888888888889,44.44444444444444,375,0,0,"{""num_decks"": 6, ""cut_card"": 52, ""dealer_hits_soft_17"": false, ""hole_card"": true, ""pay_bj"": 1.5, ""allow_double"": true, ""table_max"": 500}"
62c97fa7,oscars_grind,18,1312,312,12,5,1,0.6666666666666666,37.5,100,0,0,"{""num_decks"": 6, ""cut_card"": 52, ""dealer_hits_soft_17"": false, ""hole_card"": true, ""pay_bj"": 1.5, ""allow_double"": true, ""table_max"": 500}"
a8f83773,oscars_grind,18,1162,162,10,7,1,0.5555555555555556,40.27777777777778,75,0,0,"{""num_decks"": 6, ""cut_card"": 52, ""dealer_hits_soft_17"": false, ""hole_card"": true, ""pay_bj"": 1.5, ""allow_double"": true, ""table_max"": 500}"
08ecae46,oscars_grind,18,1299,299,10,7,1,0.5555555555555556,37.5,50,0,0,"{""num_decks"": 6, ""cut_card"": 52, ""dealer_hits_soft_17"": false, ""hole_card"": true, ""pay_bj"": 1.5, ""allow_double"": true, ""table_max"": 500}"
35cd59c9,oscars_grind,18,1087,87,9,8,1,0.5,58.333333333333336,250,0,0,"{""num_decks"": 6, ""cut_card"": 52, ""dealer_hits_soft_17"": false, ""hole_card"": true, ""pay_bj"": 1.5, ""allow_double"": true, ""table_max"": 500}"
c6f104ff,oscars_grind,18,1075,75,8,8,2,0.4444444444444444,56.94444444444444,300,0,0,"{""num_decks"": 6, ""cut_card"": 52, ""dealer_hits_soft_17"": false, ""hole_card"": true, ""pay_bj"": 1.5, ""allow_double"": true, ""table_max"": 500}"
fb1f33a7,oscars_grind,18,1237,237,8,7,3,0.4444444444444444,36.111111111111114,163,0,0,"{""num_decks"": 6, ""cut_card"": 52, ""dealer_hits_soft_17"": false, ""hole_card"": true, ""pay_bj"": 1.5, ""allow_double"": true, ""table_max"": 500}"
01044fe9,oscars_grind,18,811,-189,7,11,0,0.3888888888888889,91.66666666666667,638,0,0,"{""num_decks"": 6, ""cut_card"": 52, ""dealer_hits_soft_17"": false, ""hole_card"": true, ""pay_bj"": 1.5, ""allow_double"": true, ""table_max"": 500}"
e55c226b,oscars_grind,18,525,-475,6,10,2,0.3333333333333333,65.27777777777777,550,0,0,"{""num_decks"": 6, ""cut_card"": 52, ""dealer_hits_soft_17"": false, ""hole_card"": true, ""pay_bj"": 1.5, ""allow_double"": true, ""table_max"": 500}"
ce7c348a,oscars_grind,18,1262,262,8,7,3,0.4444444444444444,51.388888888888886,150,0,0,"{""num_decks"": 6, ""cut_card"": 52, ""dealer_hits_soft_17"": false, ""hole_card"": true, ""pay_bj"": 1.5, ""allow_double"": true, ""table_max"": 500}"
23e1b53b,oscars_grind,18,1237,237,7,7,4,0.3888888888888889,41.666666666666664,100,0,0,"{""num_decks"": 6, ""cut_card"": 52, ""dealer_hits_soft_17"": false, ""hole_card"": true, ""pay_bj"": 1.5, ""allow_double"": true, ""table_max"": 500}"
c66c1b1a,oscars_grind,18,862,-138,7,10,1,0.3888888888888889,70.83333333333333,375,0,0,"{""num_decks"": 6, ""cut_card"": 52, ""dealer_hits_soft_17"": false, ""hole_card"": true, ""pay_bj"": 1.5, ""allow_double"": true, ""table_max"": 500}"
0597ce79,oscars_grind,18,1387,387,11,6,1,0.6111111111111112,38.888888888888886,75,0,0,"{""num_decks"": 6, ""cut_card"": 52, ""dealer_hits_soft_17"": false, ""hole_card"": true, ""pay_bj"": 1.5, ""allow_double"": true, ""table_max"": 500}"
98eface9,oscars_grind,18,1275,275,9,9,0,0.5,41.666666666666664,225,0,0,"{""num_decks"": 6, ""cut_card"": 52, ""dealer_hits_soft_17"": false, ""hole_card"": true, ""pay_bj"": 1.5, ""allow_double"": true, ""table_max"": 500}"
48b17208,oscars_grind,18,1112,112,8,9,1,0.4444444444444444,48.611111111111114,175,0,0,"{""num_decks"": 6, ""cut_card"": 52, ""dealer_hits_soft_17"": false, ""hole_card"": true, ""pay_bj"": 1.5, ""allow_double"": true, ""table_max"": 500}"
8d875e81,oscars_grind,18,1000,0,6,10,2,0.3333333333333333,44.44444444444444,150,0,0,"{""num_decks"": 6, ""cut_card"": 52, ""dealer_hits_soft_17"": false, ""hole_card"": true, ""pay_bj"": 1.5, ""allow_double"": true, ""table_max"": 500}"
2194d078,oscars_grind,18,1275,275,12,5,1,0.6666666666666666,29.166666666666668,100,0,0,"{""num_decks"": 6, ""cut_card"": 52, ""dealer_hits_soft_17"": false, ""hole_card"": true, ""pay_bj"": 1.5, ""allow_double"": true, ""table_max"": 500}"
83ad0753,oscars_grind,18,1062,62,7,8,3,0.3888888888888889,41.666666666666664,100,0,0,"{""num_decks"": 6, ""cut_card"": 52, ""dealer_hits_soft_17"": false, ""hole_card"": true, ""pay_bj"": 1.5, ""allow_double"": true, ""table_max"": 500}"
cdb4bbc4,oscars_grind,18,1000,0,6,10,2,0.3333333333333333,44.44444444444444,175,0,0,"{""num_decks"": 6, ""cut_card"": 52, ""dealer_hits_soft_17"": false, ""hole_card"": true, ""pay_bj"": 1.5, ""allow_double"": true, ""table_max"": 500}"
e000a687,oscars_grind,18,1012,12,7,9,2,0.3888888888888889,31.944444444444443,150,0,0,"{""num_decks"": 6, ""cut_card"": 52, ""dealer_hits_soft_17"": false, ""hole_card"": true, ""pay_bj"": 1.5, ""allow_double"": true, ""table_max"": 500}"
9048746c,oscars_grind,18,1287,287,11,7,0,0.6111111111111112,31.944444444444443,75,0,0,"{""num_decks"": 6, ""cut_card"": 52, ""dealer_hits_soft_17"": false, ""hole_card"": true, ""pay_bj"": 1.5, ""allow_double"": true, ""table_max"": 500}"
4fafe492,oscars_grind,18,225,-775,5,12,1,0.2777777777777778,91.66666666666667,775,0,0,"{""num_decks"": 6, ""cut_card"": 52, ""dealer_hits_soft_17"": false, ""hole_card"": true, ""pay_bj"": 1.5, ""allow_double"": true, ""table_max"": 500}"
6a3fc96a,oscars_grind,18,725,-275,6,11,1,0.3333333333333333,52.77777777777778,400,0,0,"{""num_decks"": 6, ""cut_card"": 52, ""dealer_hits_soft_17"": false, ""hole_card"": true, ""pay_bj"": 1.5, ""allow_double"": true, ""table_max"": 500}"
87590931,oscars_grind,18,875,-125,7,10,1,0.3888888888888889,38.888888888888886,300,0,0,"{""num_decks"": 6, ""cut_card"": 52, ""dealer_hits_soft_17"": false, ""hole_card"": true, ""pay_bj"": 1.5, ""allow_double"": true, ""table_max"": 500}"
230f2d25,oscars_grind,18,1062,62,8,6,4,0.4444444444444444,31.944444444444443,100,0,0,"{""num_decks"": 6, ""cut_card"": 52, ""dealer_hits_soft_17"": false, ""hole_card"": true, ""pay_bj"": 1.5, ""allow_double"": true, ""table_max"": 500}"
46a28886,oscars_grind,18,1337,337,12,4,2,0.6666666666666666,27.77777777777778,50,0,0,"{""num_decks"": 6, ""cut_card"": 52, ""dealer_hits_soft_17"": false, ""hole_card"": true, ""pay_bj"": 1.5, ""allow_double"": true, ""table_max"": 500}"
9a35b6ec,oscars_grind,18,750,-250,7,11,0,0.3888888888888889,48.611111111111114,400,0,0,"{""num_decks"": 6, ""cut_card"": 52, ""dealer_hits_soft_17"": false, ""hole_card"": true, ""pay_bj"": 1.5, ""allow_double"": true, ""table_max"": 500}"
a64b7fc5,oscars_grind,18,987,-13,7,9,2,0.3888888888888889,68.05555555555556,238,0,0,"{""num_decks"": 6, ""cut_card"": 52, ""dealer_hits_soft_17"": false, ""hole_card"": true, ""pay_bj"": 1.5, ""allow_double"": true, ""table_max"": 500}"
42459b64,oscars_grind,18,475,-525,5,11,2,0.2777777777777778,83.33333333333333,650,0,0,"{""num_decks"": 6, ""cut_card"": 52, ""dealer_hits_soft_17"": false, ""hole_card"": true, ""pay_bj"": 1.5, ""allow_double"": true, ""table_max"": 500}"
347b5251,oscars_grind,18,725,-275,5,13,0,0.2777777777777778,37.5,425,0,0,"{""num_decks"": 6, ""cut_card"": 52, ""dealer_hits_soft_17"": false, ""hole_card"": true, ""pay_bj"": 1.5, ""allow_double"": true, ""table_max"": 500}"
6cb41fb9,oscars_grind,18,1162,162,10,7,1,0.5555555555555556,43.05555555555556,150,0,0,"{""num_decks"": 6, ""cut_card"": 52, ""dealer_hits_soft_17"": false, ""hole_card"": true, ""pay_bj"": 1.5, ""allow_double"": true, ""table_max"": 500}"
951b8026,oscars_grind,18,875,-125,6,9,3,0.3333333333333333,48.611111111111114,200,0,0,"{""num_decks"": 6, ""cut_card"": 52, ""dealer_hits_soft_17"": false, ""hole_card"": true, ""pay_bj"": 1.5, ""allow_double"": true, ""table_max"": 500}"
98f0de93,oscars_grind,18,1324,324,12,5,1,0.6666666666666666,29.166666666666668,50,0,0,"{""num_decks"": 6, ""cut_card"": 52, ""dealer_hits_soft_17"": false, ""hole_card"": true, ""pay_bj"": 1.5, ""allow_double"": true, ""table_max"": 500}"
76ddef21,oscars_grind,18,1187,187,9,7,2,0.5,48.611111111111114,150,0,0,"{""num_decks"": 6, ""cut_card"": 52, ""dealer_hits_soft_17"": false, ""hole_card"": true, ""pay_bj"": 1.5, ""allow_double"": true, ""table_max"": 500}"
4c3ecfb2,oscars_grind,18,1200,200,8,9,1,0.4444444444444444,45.833333333333336,150,0,0,"{""num_decks"": 6, ""cut_card"": 52, ""dealer_hits_soft_17"": false, ""hole_card"": true, ""pay_bj"": 1.5, ""allow_double"": true, ""table_max"": 500}"
95e03910,oscars_grind,18,1225,225,11,6,1,0.6111111111111112,40.27777777777778,125,0,0,"{""num_decks"": 6, ""cut_card"": 52, ""dealer_hits_soft_17"": false, ""hole_card"": true, ""pay_bj"": 1.5, ""allow_double"": true, ""table_max"": 500}"
d920785d,oscars_grind,18,1099,99,8,9,1,0.4444444444444444,38.888888888888886,200,0,0,"{""num_decks"": 6, ""cut_card"": 52, ""dealer_hits_soft_17"": false, ""hole_card"": true, ""pay_bj"": 1.5, ""allow_double"": true, ""table_max"": 500}"
45b4ee51,oscars_grind,18,512,-488,7,11,0,0.3888888888888889,61.111111111111114,563,0,0,"{""num_decks"": 6, ""cut_card"": 52, ""dealer_hits_soft_17"": false, ""hole_card"": true, ""pay_bj"": 1.5, ""allow_double"": true, ""table_max"": 500}"
2ddcf580,oscars_grind,18,837,-163,6,7,5,0.3333333333333333,45.833333333333336,275,0,0,"{""num_decks"": 6, ""cut_card"": 52, ""dealer_hits_soft_17"": false, ""hole_card"": true, ""pay_bj"": 1.5, ""allow_double"": true, ""table_max"": 500}"
b3002ff1,oscars_grind,18,1187,187,8,7,3,0.4444444444444444,33.333333333333336,100,0,0,"{""num_decks"": 6, ""cut_card"": 52, ""dealer_hits_soft_17"": false, ""hole_card"": true, ""pay_bj"": 1.5, ""allow_double"": true, ""table_max"": 500}"
ea2a3968,oscars_grind,18,1162,162,8,10,0,0.4444444444444444,63.888888888888886,325,0,0,"{""num_decks"": 6, ""cut_card"": 52, ""dealer_hits_soft_17"": false, ""hole_card"": true, ""pay_bj"": 1.5, ""allow_double"": true, ""table_max"": 500}"
14e5b89e,oscars_grind,18,1262,262,11,7,0,0.6111111111111112,33.333333333333336,75,0,0,"{""num_decks"": 6, ""cut_card"": 52, ""dealer_hits_soft_17"": false, ""hole_card"": true, ""pay_bj"": 1.5, ""allow_double"": true, ""table_max"": 500}"
6c51c0a4,oscars_grind,18,875,-125,8,10,0,0.4444444444444444,54.166666666666664,250,0,0,"{""num_decks"": 6, ""cut_card"": 52, ""dealer_hits_soft_17"": false, ""hole_card"": true, ""pay_bj"": 1.5, ""allow_double"": true, ""table_max"": 500}"
cbe1aac7,oscars_grind,18,1075,75,8,8,2,0.4444444444444444,38.888888888888886,150,0,0,"{""num_decks"": 6, ""cut_card"": 52, ""dealer_hits_soft_17"": false, ""hole_card"": true, ""pay_bj"": 1.5, ""allow_double"": true, ""table_max"": 500}"
2719c56e,oscars_grind,18,1187,187,8,9,1,0.4444444444444444,79.16666666666667,500,0,0,"{""num_decks"": 6, ""cut_card"": 52, ""dealer_hits_soft_17"": false, ""hole_card"": true, ""pay_bj"": 1.5, ""allow_double"": true, ""table_max"": 500}"
89c4059e,oscars_grind,18,1049,49,8,8,2,0.4444444444444444,41.666666666666664,150,0,0,"{""num_decks"": 6, ""cut_card"": 52, ""dealer_hits_soft_17"": false, ""hole_card"": true, ""pay_bj"": 1.5, ""allow_double"": true, ""table_max"": 500}"
43eb805e,oscars_grind,18,1200,200,9,7,2,0.5,38.888888888888886,150,0,0,"{""num_decks"": 6, ""cut_card"": 52, ""dealer_hits_soft_17"": false, ""hole_card"": true, ""pay_bj"": 1.5, ""allow_double"": true, ""table_max"": 500}"
7c8f67dd,oscars_grind,18,725,-275,3,12,3,0.16666666666666666,29.166666666666668,300,0,0,"{""num_decks"": 6, ""cut_card"": 52, ""dealer_hits_soft_17"": false, ""hole_card"": true, ""pay_bj"": 1.5, ""allow_double"": true, ""table_max"": 500}"
565f3bb8,oscars_grind,18,1175,175,10,8,0,0.5555555555555556,37.5,100,0,0,"{""num_decks"": 6, ""cut_card"": 52, ""dealer_hits_soft_17"": false, ""hole_card"": true, ""pay_bj"": 1.5, ""allow_double"": true, ""table_max"": 500}"
90fad5bd,oscars_grind,18,850,-150,7,8,3,0.3888888888888889,40.27777777777778,275,0,0,"{""num_decks"": 6, ""cut_card"": 52, ""dealer_hits_soft_17"": false, ""hole_card"": true, ""pay_bj"": 1.5, ""allow_double"": true, ""table_max"": 500}"
0ad84ffd,oscars_grind,18,1224,224,10,8,0,0.5555555555555556,31.944444444444443,75,0,0,"{""num_decks"": 6, ""cut_card"": 52, ""dealer_hits_soft_17"": false, ""hole_card"": true, ""pay_bj"": 1.5, ""allow_double"": true, ""table_max"": 500}"
3e11483f,oscars_grind,18,1150,150,9,9,0,0.5,55.55555555555556,300,0,0,"{""num_decks"": 6, ""cut_card"": 52, ""dealer_hits_soft_17"": false, ""hole_card"": true, ""pay_bj"": 1.5, ""allow_double"": true, ""table_max"": 500}"
2e58c02d,oscars_grind,18,1250,250,10,6,2,0.5555555555555556,41.666666666666664,125,0,0,"{""num_decks"": 6, ""cut_card"": 52, ""dealer_hits_soft_17"": false, ""hole_card"": true, ""pay_bj"": 1.5, ""allow_double"": true, ""table_max"": 500}"
